<profile>

<section name = "Vivado HLS Report for 'bfs'" level="0">
<item name = "Date">Fri Dec  1 00:55:13 2023
</item>
<item name = "Version">2019.2.1 (Build 2724168 on Thu Dec 05 05:19:09 MST 2019)</item>
<item name = "Project">bfs_syn</item>
<item name = "Solution">solution7</item>
<item name = "Product family">virtex7</item>
<item name = "Target device">xc7v585t-ffg1761-2</item>
</section>

<section name = "Performance Estimates" level="0">
<item name = "Timing">
<section name = "" level="1">
<item name = "Summary"><table name="" hasTotal="0">
<keys size="4">Clock, Target, Estimated, Uncertainty</keys>
<column name="ap_clk">10.00 ns, 6.262 ns, 1.25 ns</column>
</table>
</item>
</section>
</item>
<item name = "Latency">
<section name = "" level="1">
<item name = "Summary"><table name="" hasTotal="0">
<keys size="8">, min, max, min, max, min, max, Type</keys>
<column name="">?, ?, ?, ?, ?, ?, none</column>
</table>
</item>
<item name = "Detail">
<section name = "" level="1">
<item name = "Instance"><table name="" hasTotal="0">
<keys size="9">Instance, Module, min, max, min, max, min, max, Type</keys>
</table>
</item>
<item name = "Loop"><table name="" hasTotal="0">
<keys size="8">Loop Name, min, max, Latency, achieved, target, Count, Pipelined</keys>
<column name="- loop_queue">?, ?, ?, -, -, 1 ~ 256, no</column>
<column name=" + loop_neighbors">?, ?, 5, 3, 1, ?, yes</column>
</table>
</item>
</section>
</item>
</section>
</item>
</section>

<section name = "Utilization Estimates" level="0">
<item name = "Summary"><table name="" hasTotal="1">
<keys size="6">Name, BRAM_18K, DSP48E, FF, LUT, URAM</keys>
<column name="DSP">-, -, -, -, -</column>
<column name="Expression">-, -, 0, 640, -</column>
<column name="FIFO">-, -, -, -, -</column>
<column name="Instance">-, -, -, -, -</column>
<column name="Memory">2, -, 0, 0, 0</column>
<column name="Multiplexer">-, -, -, 269, -</column>
<column name="Register">-, -, 348, -, -</column>
<specialColumn name="Available">1590, 1260, 728400, 364200, 0</specialColumn>
<specialColumn name="Utilization (%)">~0, 0, ~0, ~0, 0</specialColumn>
</table>
</item>
<item name = "Detail">
<section name = "" level="1">
<item name = "Instance"><table name="" hasTotal="1">
<keys size="7">Instance, Module, BRAM_18K, DSP48E, FF, LUT, URAM</keys>
</table>
</item>
<item name = "DSP48E"><table name="" hasTotal="0">
<keys size="3">Instance, Module, Expression</keys>
</table>
</item>
<item name = "Memory"><table name="" hasTotal="1">
<keys size="10">Memory, Module, BRAM_18K, FF, LUT, URAM, Words, Bits, Banks, W*Bits*Banks</keys>
<column name="queue_U">bfs_queue, 2, 0, 0, 0, 256, 64, 1, 16384</column>
</table>
</item>
<item name = "FIFO"><table name="" hasTotal="1">
<keys size="8">Name, BRAM_18K, FF, LUT, URAM, Depth, Bits, Size:D*B</keys>
</table>
</item>
<item name = "Expression"><table name="" hasTotal="1">
<keys size="7">Variable Name, Operation, DSP48E, FF, LUT, Bitwidth P0, Bitwidth P1</keys>
<column name="add_ln35_fu_393_p2">+, 0, 0, 16, 9, 1</column>
<column name="add_ln48_fu_575_p2">+, 0, 0, 71, 1, 64</column>
<column name="add_ln49_fu_493_p2">+, 0, 0, 71, 2, 64</column>
<column name="dummy_fu_583_p2">+, 0, 0, 16, 9, 1</column>
<column name="e_1_fu_527_p2">+, 0, 0, 71, 64, 1</column>
<column name="q_in_fu_512_p2">+, 0, 0, 15, 1, 8</column>
<column name="q_out_fu_360_p2">+, 0, 0, 15, 8, 1</column>
<column name="tmp_level_1_fu_540_p2">+, 0, 0, 15, 8, 1</column>
<column name="and_ln35_fu_387_p2">and, 0, 0, 2, 1, 1</column>
<column name="grp_fu_321_p2">icmp, 0, 0, 29, 64, 1</column>
<column name="icmp_ln35_1_fu_403_p2">icmp, 0, 0, 29, 64, 64</column>
<column name="icmp_ln35_3_fu_381_p2">icmp, 0, 0, 11, 8, 2</column>
<column name="icmp_ln35_fu_375_p2">icmp, 0, 0, 29, 64, 64</column>
<column name="icmp_ln41_fu_428_p2">icmp, 0, 0, 29, 64, 64</column>
<column name="icmp_ln45_fu_487_p2">icmp, 0, 0, 11, 8, 7</column>
<column name="select_ln46_fu_533_p3">select, 0, 0, 8, 1, 8</column>
<column name="select_ln48_fu_568_p3">select, 0, 0, 64, 1, 64</column>
<column name="select_ln49_fu_499_p3">select, 0, 0, 64, 1, 8</column>
<column name="tmp_dst_fu_453_p3">select, 0, 0, 64, 1, 64</column>
<column name="tmp_level_fu_480_p3">select, 0, 0, 8, 1, 8</column>
<column name="ap_enable_pp0">xor, 0, 0, 2, 1, 2</column>
</table>
</item>
<item name = "Multiplexer"><table name="" hasTotal="1">
<keys size="5">Name, LUT, Input Size, Bits, Total Bits</keys>
<column name="ap_NS_fsm">44, 9, 1, 9</column>
<column name="ap_enable_reg_pp0_iter1">9, 2, 1, 2</column>
<column name="ap_phi_mux_e_0_phi_fu_311_p4">9, 2, 64, 128</column>
<column name="dummy_0_reg_296">9, 2, 9, 18</column>
<column name="e_0_reg_308">9, 2, 64, 128</column>
<column name="level_0_address0">27, 5, 7, 35</column>
<column name="level_0_d0">15, 3, 8, 24</column>
<column name="level_1_address0">27, 5, 7, 35</column>
<column name="level_1_d0">15, 3, 8, 24</column>
<column name="level_counts_0_address0">21, 4, 3, 12</column>
<column name="level_counts_0_d0">15, 3, 64, 192</column>
<column name="level_counts_1_address0">15, 3, 3, 9</column>
<column name="q_in_0_fu_98">9, 2, 8, 16</column>
<column name="q_out_0_reg_285">9, 2, 8, 16</column>
<column name="queue_address0">21, 4, 8, 32</column>
<column name="queue_d0">15, 3, 64, 192</column>
</table>
</item>
<item name = "Register"><table name="" hasTotal="1">
<keys size="5">Name, FF, LUT, Bits, Const Bits</keys>
<column name="ap_CS_fsm">8, 0, 8, 0</column>
<column name="ap_enable_reg_pp0_iter0">1, 0, 1, 0</column>
<column name="ap_enable_reg_pp0_iter1">1, 0, 1, 0</column>
<column name="dummy_0_reg_296">9, 0, 9, 0</column>
<column name="e_0_reg_308">64, 0, 64, 0</column>
<column name="e_1_reg_704">64, 0, 64, 0</column>
<column name="icmp_ln41_reg_661">1, 0, 1, 0</column>
<column name="icmp_ln45_reg_700">1, 0, 1, 0</column>
<column name="level_0_addr_1_reg_651">7, 0, 7, 0</column>
<column name="level_0_addr_2_reg_690">7, 0, 7, 0</column>
<column name="level_1_addr_1_reg_656">7, 0, 7, 0</column>
<column name="level_1_addr_2_reg_695">7, 0, 7, 0</column>
<column name="level_counts_0_addr_reg_719">3, 0, 3, 0</column>
<column name="level_counts_1_addr_reg_714">3, 0, 3, 0</column>
<column name="lshr_ln1_reg_636">9, 0, 9, 0</column>
<column name="q_in_0_fu_98">8, 0, 64, 56</column>
<column name="q_out_0_reg_285">8, 0, 8, 0</column>
<column name="q_out_reg_602">8, 0, 8, 0</column>
<column name="tmp_dst_reg_680">64, 0, 64, 0</column>
<column name="tmp_end_reg_646">64, 0, 64, 0</column>
<column name="trunc_ln42_reg_665">1, 0, 1, 0</column>
<column name="trunc_ln43_reg_685">1, 0, 1, 0</column>
<column name="trunc_ln46_reg_631">1, 0, 1, 0</column>
<column name="trunc_ln48_reg_709">1, 0, 1, 0</column>
</table>
</item>
</section>
</item>
</section>

<section name = "Interface" level="0">
<item name = "Summary"><table name="" hasTotal="0">
<keys size="6">RTL Ports, Dir, Bits, Protocol, Source Object, C Type</keys>
<column name="ap_clk">in, 1, ap_ctrl_hs, bfs, return value</column>
<column name="ap_rst">in, 1, ap_ctrl_hs, bfs, return value</column>
<column name="ap_start">in, 1, ap_ctrl_hs, bfs, return value</column>
<column name="ap_done">out, 1, ap_ctrl_hs, bfs, return value</column>
<column name="ap_idle">out, 1, ap_ctrl_hs, bfs, return value</column>
<column name="ap_ready">out, 1, ap_ctrl_hs, bfs, return value</column>
<column name="nodes_edge_begin_address0">out, 8, ap_memory, nodes_edge_begin, array</column>
<column name="nodes_edge_begin_ce0">out, 1, ap_memory, nodes_edge_begin, array</column>
<column name="nodes_edge_begin_q0">in, 64, ap_memory, nodes_edge_begin, array</column>
<column name="nodes_edge_end_address0">out, 8, ap_memory, nodes_edge_end, array</column>
<column name="nodes_edge_end_ce0">out, 1, ap_memory, nodes_edge_end, array</column>
<column name="nodes_edge_end_q0">in, 64, ap_memory, nodes_edge_end, array</column>
<column name="edges_0_dst_address0">out, 11, ap_memory, edges_0_dst, array</column>
<column name="edges_0_dst_ce0">out, 1, ap_memory, edges_0_dst, array</column>
<column name="edges_0_dst_q0">in, 64, ap_memory, edges_0_dst, array</column>
<column name="edges_1_dst_address0">out, 11, ap_memory, edges_1_dst, array</column>
<column name="edges_1_dst_ce0">out, 1, ap_memory, edges_1_dst, array</column>
<column name="edges_1_dst_q0">in, 64, ap_memory, edges_1_dst, array</column>
<column name="starting_node">in, 64, ap_none, starting_node, scalar</column>
<column name="level_0_address0">out, 7, ap_memory, level_0, array</column>
<column name="level_0_ce0">out, 1, ap_memory, level_0, array</column>
<column name="level_0_we0">out, 1, ap_memory, level_0, array</column>
<column name="level_0_d0">out, 8, ap_memory, level_0, array</column>
<column name="level_0_q0">in, 8, ap_memory, level_0, array</column>
<column name="level_1_address0">out, 7, ap_memory, level_1, array</column>
<column name="level_1_ce0">out, 1, ap_memory, level_1, array</column>
<column name="level_1_we0">out, 1, ap_memory, level_1, array</column>
<column name="level_1_d0">out, 8, ap_memory, level_1, array</column>
<column name="level_1_q0">in, 8, ap_memory, level_1, array</column>
<column name="level_counts_0_address0">out, 3, ap_memory, level_counts_0, array</column>
<column name="level_counts_0_ce0">out, 1, ap_memory, level_counts_0, array</column>
<column name="level_counts_0_we0">out, 1, ap_memory, level_counts_0, array</column>
<column name="level_counts_0_d0">out, 64, ap_memory, level_counts_0, array</column>
<column name="level_counts_0_q0">in, 64, ap_memory, level_counts_0, array</column>
<column name="level_counts_1_address0">out, 3, ap_memory, level_counts_1, array</column>
<column name="level_counts_1_ce0">out, 1, ap_memory, level_counts_1, array</column>
<column name="level_counts_1_we0">out, 1, ap_memory, level_counts_1, array</column>
<column name="level_counts_1_d0">out, 64, ap_memory, level_counts_1, array</column>
<column name="level_counts_1_q0">in, 64, ap_memory, level_counts_1, array</column>
</table>
</item>
</section>
</profile>
