<profile>

<section name = "Vivado HLS Report for 'bfs'" level="0">
<item name = "Date">Fri Dec  1 00:53:52 2023
</item>
<item name = "Version">2019.2.1 (Build 2724168 on Thu Dec 05 05:19:09 MST 2019)</item>
<item name = "Project">bfs_syn</item>
<item name = "Solution">solution0</item>
<item name = "Product family">virtex7</item>
<item name = "Target device">xc7v585t-ffg1761-2</item>
</section>

<section name = "Performance Estimates" level="0">
<item name = "Timing">
<section name = "" level="1">
<item name = "Summary"><table name="" hasTotal="0">
<keys size="4">Clock, Target, Estimated, Uncertainty</keys>
<column name="ap_clk">10.00 ns, 6.346 ns, 1.25 ns</column>
</table>
</item>
</section>
</item>
<item name = "Latency">
<section name = "" level="1">
<item name = "Summary"><table name="" hasTotal="0">
<keys size="8">, min, max, min, max, min, max, Type</keys>
<column name="">?, ?, ?, ?, ?, ?, none</column>
</table>
</item>
<item name = "Detail">
<section name = "" level="1">
<item name = "Instance"><table name="" hasTotal="0">
<keys size="9">Instance, Module, min, max, min, max, min, max, Type</keys>
</table>
</item>
<item name = "Loop"><table name="" hasTotal="0">
<keys size="8">Loop Name, min, max, Latency, achieved, target, Count, Pipelined</keys>
<column name="- loop_queue">?, ?, ?, -, -, 1 ~ 128, no</column>
<column name=" + loop_neighbors">?, ?, 8 ~ 10, -, -, ?, no</column>
<column name=" + loop_neighbors">?, ?, 7 ~ 9, -, -, ?, no</column>
</table>
</item>
</section>
</item>
</section>
</item>
</section>

<section name = "Utilization Estimates" level="0">
<item name = "Summary"><table name="" hasTotal="1">
<keys size="6">Name, BRAM_18K, DSP48E, FF, LUT, URAM</keys>
<column name="DSP">-, -, -, -, -</column>
<column name="Expression">-, -, 0, 1434, -</column>
<column name="FIFO">-, -, -, -, -</column>
<column name="Instance">-, -, -, -, -</column>
<column name="Memory">2, -, 0, 0, 0</column>
<column name="Multiplexer">-, -, -, 521, -</column>
<column name="Register">-, -, 1114, -, -</column>
<specialColumn name="Available">1590, 1260, 728400, 364200, 0</specialColumn>
<specialColumn name="Utilization (%)">~0, 0, ~0, ~0, 0</specialColumn>
</table>
</item>
<item name = "Detail">
<section name = "" level="1">
<item name = "Instance"><table name="" hasTotal="1">
<keys size="7">Instance, Module, BRAM_18K, DSP48E, FF, LUT, URAM</keys>
</table>
</item>
<item name = "DSP48E"><table name="" hasTotal="0">
<keys size="3">Instance, Module, Expression</keys>
</table>
</item>
<item name = "Memory"><table name="" hasTotal="1">
<keys size="10">Memory, Module, BRAM_18K, FF, LUT, URAM, Words, Bits, Banks, W*Bits*Banks</keys>
<column name="queue_U">bfs_queue, 2, 0, 0, 0, 256, 64, 1, 16384</column>
</table>
</item>
<item name = "FIFO"><table name="" hasTotal="1">
<keys size="8">Name, BRAM_18K, FF, LUT, URAM, Depth, Bits, Size:D*B</keys>
</table>
</item>
<item name = "Expression"><table name="" hasTotal="1">
<keys size="7">Variable Name, Operation, DSP48E, FF, LUT, Bitwidth P0, Bitwidth P1</keys>
<column name="add_ln34_fu_780_p2">+, 0, 0, 16, 9, 2</column>
<column name="add_ln35_fu_655_p2">+, 0, 0, 16, 9, 1</column>
<column name="add_ln38_fu_670_p2">+, 0, 0, 15, 8, 2</column>
<column name="add_ln41_1_fu_716_p2">+, 0, 0, 71, 64, 2</column>
<column name="add_ln41_2_fu_768_p2">+, 0, 0, 71, 64, 1</column>
<column name="add_ln41_3_fu_827_p2">+, 0, 0, 71, 64, 2</column>
<column name="add_ln41_fu_621_p2">+, 0, 0, 71, 64, 1</column>
<column name="add_ln49_1_fu_610_p2">+, 0, 0, 15, 1, 8</column>
<column name="add_ln49_2_fu_682_p2">+, 0, 0, 71, 2, 64</column>
<column name="add_ln49_3_fu_706_p2">+, 0, 0, 15, 1, 8</column>
<column name="add_ln49_4_fu_733_p2">+, 0, 0, 71, 2, 64</column>
<column name="add_ln49_5_fu_757_p2">+, 0, 0, 15, 1, 8</column>
<column name="add_ln49_6_fu_792_p2">+, 0, 0, 71, 2, 64</column>
<column name="add_ln49_7_fu_816_p2">+, 0, 0, 15, 1, 8</column>
<column name="add_ln49_fu_586_p2">+, 0, 0, 71, 2, 64</column>
<column name="grp_fu_499_p2">+, 0, 0, 15, 1, 8</column>
<column name="grp_fu_506_p2">+, 0, 0, 71, 1, 64</column>
<column name="and_ln35_fu_649_p2">and, 0, 0, 2, 1, 1</column>
<column name="grp_fu_493_p2">icmp, 0, 0, 11, 8, 7</column>
<column name="icmp_ln35_1_fu_555_p2">icmp, 0, 0, 29, 64, 64</column>
<column name="icmp_ln35_2_fu_633_p2">icmp, 0, 0, 29, 64, 64</column>
<column name="icmp_ln35_3_fu_664_p2">icmp, 0, 0, 29, 64, 64</column>
<column name="icmp_ln35_4_fu_638_p2">icmp, 0, 0, 29, 64, 1</column>
<column name="icmp_ln35_5_fu_644_p2">icmp, 0, 0, 11, 8, 2</column>
<column name="icmp_ln35_fu_531_p2">icmp, 0, 0, 29, 64, 64</column>
<column name="icmp_ln41_1_fu_628_p2">icmp, 0, 0, 29, 64, 64</column>
<column name="icmp_ln41_2_fu_722_p2">icmp, 0, 0, 29, 64, 64</column>
<column name="icmp_ln41_3_fu_775_p2">icmp, 0, 0, 29, 64, 64</column>
<column name="icmp_ln41_fu_575_p2">icmp, 0, 0, 29, 64, 64</column>
<column name="icmp_ln49_1_fu_676_p2">icmp, 0, 0, 29, 64, 1</column>
<column name="icmp_ln49_2_fu_727_p2">icmp, 0, 0, 29, 64, 1</column>
<column name="icmp_ln49_3_fu_786_p2">icmp, 0, 0, 29, 64, 1</column>
<column name="icmp_ln49_fu_580_p2">icmp, 0, 0, 29, 64, 1</column>
<column name="or_ln35_fu_537_p2">or, 0, 0, 8, 8, 1</column>
<column name="or_ln38_fu_561_p2">or, 0, 0, 8, 8, 1</column>
<column name="select_ln49_1_fu_688_p3">select, 0, 0, 64, 1, 8</column>
<column name="select_ln49_2_fu_739_p3">select, 0, 0, 64, 1, 8</column>
<column name="select_ln49_3_fu_798_p3">select, 0, 0, 64, 1, 8</column>
<column name="select_ln49_fu_592_p3">select, 0, 0, 64, 1, 8</column>
</table>
</item>
<item name = "Multiplexer"><table name="" hasTotal="1">
<keys size="5">Name, LUT, Input Size, Bits, Total Bits</keys>
<column name="ap_NS_fsm">125, 27, 1, 27</column>
<column name="ap_phi_mux_q_in_1_lcssa_0_phi_fu_414_p4">9, 2, 64, 128</column>
<column name="ap_phi_mux_q_in_2_0_0_phi_fu_403_p4">9, 2, 64, 128</column>
<column name="ap_phi_mux_q_in_2_1_0_phi_fu_460_p4">9, 2, 64, 128</column>
<column name="ap_phi_mux_q_in_2_1_1_phi_fu_472_p4">9, 2, 64, 128</column>
<column name="dummy_0_0_reg_366">9, 2, 9, 18</column>
<column name="e_0_0_0_reg_389">9, 2, 64, 128</column>
<column name="e_0_1_0_reg_446">9, 2, 64, 128</column>
<column name="edges_dst_address0">27, 5, 12, 60</column>
<column name="level_address0">53, 12, 8, 96</column>
<column name="level_counts_address0">47, 10, 4, 40</column>
<column name="level_counts_d0">15, 3, 64, 192</column>
<column name="level_d0">15, 3, 8, 24</column>
<column name="nodes_edge_begin_address0">15, 3, 8, 24</column>
<column name="nodes_edge_end_address0">15, 3, 8, 24</column>
<column name="q_in_0_0_reg_342">9, 2, 64, 128</column>
<column name="q_in_1_0_0_reg_378">9, 2, 64, 128</column>
<column name="q_in_1_1_0_reg_435">9, 2, 64, 128</column>
<column name="q_in_1_lcssa_0_reg_411">9, 2, 64, 128</column>
<column name="q_in_1_lcssa_1_reg_480">9, 2, 64, 128</column>
<column name="q_in_2_0_0_reg_400">9, 2, 64, 128</column>
<column name="q_in_2_0_1_reg_423">9, 2, 64, 128</column>
<column name="q_in_2_1_0_reg_457">9, 2, 64, 128</column>
<column name="q_in_2_1_1_reg_468">9, 2, 64, 128</column>
<column name="q_out_0_0_reg_354">9, 2, 8, 16</column>
<column name="queue_address0">41, 8, 8, 64</column>
<column name="queue_d0">15, 3, 64, 192</column>
</table>
</item>
<item name = "Register"><table name="" hasTotal="1">
<keys size="5">Name, FF, LUT, Bits, Const Bits</keys>
<column name="add_ln34_reg_1023">9, 0, 9, 0</column>
<column name="add_ln38_reg_937">8, 0, 8, 0</column>
<column name="add_ln41_1_reg_961">64, 0, 64, 0</column>
<column name="ap_CS_fsm">26, 0, 26, 0</column>
<column name="dummy_0_0_reg_366">9, 0, 9, 0</column>
<column name="e_0_0_0_reg_389">64, 0, 64, 0</column>
<column name="e_0_1_0_reg_446">64, 0, 64, 0</column>
<column name="icmp_ln35_1_reg_841">1, 0, 1, 0</column>
<column name="icmp_ln35_reg_837">1, 0, 1, 0</column>
<column name="icmp_ln41_2_reg_992">1, 0, 1, 0</column>
<column name="icmp_ln41_reg_892">1, 0, 1, 0</column>
<column name="icmp_ln45_1_reg_947">1, 0, 1, 0</column>
<column name="icmp_ln45_2_reg_1006">1, 0, 1, 0</column>
<column name="icmp_ln45_3_reg_1033">1, 0, 1, 0</column>
<column name="icmp_ln45_reg_906">1, 0, 1, 0</column>
<column name="level_addr_1_reg_860">8, 0, 8, 0</column>
<column name="level_addr_2_reg_901">8, 0, 8, 0</column>
<column name="level_addr_3_reg_942">8, 0, 8, 0</column>
<column name="level_addr_4_reg_976">8, 0, 8, 0</column>
<column name="level_addr_5_reg_1001">8, 0, 8, 0</column>
<column name="level_addr_6_reg_1028">8, 0, 8, 0</column>
<column name="level_counts_addr_1_reg_910">4, 0, 4, 0</column>
<column name="level_counts_addr_2_reg_951">4, 0, 4, 0</column>
<column name="level_counts_addr_3_reg_1010">4, 0, 4, 0</column>
<column name="level_counts_addr_4_reg_1037">4, 0, 4, 0</column>
<column name="nodes_edge_end_load_1_reg_986">64, 0, 64, 0</column>
<column name="nodes_edge_end_load_reg_886">64, 0, 64, 0</column>
<column name="or_ln38_reg_865">7, 0, 8, 1</column>
<column name="q_in_0_0_reg_342">64, 0, 64, 0</column>
<column name="q_in_1_0_0_reg_378">64, 0, 64, 0</column>
<column name="q_in_1_1_0_reg_435">64, 0, 64, 0</column>
<column name="q_in_1_lcssa_0_reg_411">64, 0, 64, 0</column>
<column name="q_in_1_lcssa_1_reg_480">64, 0, 64, 0</column>
<column name="q_in_2_0_0_reg_400">64, 0, 64, 0</column>
<column name="q_in_2_0_1_reg_423">64, 0, 64, 0</column>
<column name="q_in_2_1_0_reg_457">64, 0, 64, 0</column>
<column name="q_in_2_1_1_reg_468">64, 0, 64, 0</column>
<column name="q_out_0_0_reg_354">8, 0, 8, 0</column>
<column name="reg_513">64, 0, 64, 0</column>
<column name="tmp_2_reg_833">1, 0, 1, 0</column>
<column name="zext_ln38_1_reg_875">7, 0, 64, 57</column>
<column name="zext_ln38_reg_870">7, 0, 9, 2</column>
</table>
</item>
</section>
</item>
</section>

<section name = "Interface" level="0">
<item name = "Summary"><table name="" hasTotal="0">
<keys size="6">RTL Ports, Dir, Bits, Protocol, Source Object, C Type</keys>
<column name="ap_clk">in, 1, ap_ctrl_hs, bfs, return value</column>
<column name="ap_rst">in, 1, ap_ctrl_hs, bfs, return value</column>
<column name="ap_start">in, 1, ap_ctrl_hs, bfs, return value</column>
<column name="ap_done">out, 1, ap_ctrl_hs, bfs, return value</column>
<column name="ap_idle">out, 1, ap_ctrl_hs, bfs, return value</column>
<column name="ap_ready">out, 1, ap_ctrl_hs, bfs, return value</column>
<column name="nodes_edge_begin_address0">out, 8, ap_memory, nodes_edge_begin, array</column>
<column name="nodes_edge_begin_ce0">out, 1, ap_memory, nodes_edge_begin, array</column>
<column name="nodes_edge_begin_q0">in, 64, ap_memory, nodes_edge_begin, array</column>
<column name="nodes_edge_end_address0">out, 8, ap_memory, nodes_edge_end, array</column>
<column name="nodes_edge_end_ce0">out, 1, ap_memory, nodes_edge_end, array</column>
<column name="nodes_edge_end_q0">in, 64, ap_memory, nodes_edge_end, array</column>
<column name="edges_dst_address0">out, 12, ap_memory, edges_dst, array</column>
<column name="edges_dst_ce0">out, 1, ap_memory, edges_dst, array</column>
<column name="edges_dst_q0">in, 64, ap_memory, edges_dst, array</column>
<column name="starting_node">in, 64, ap_none, starting_node, scalar</column>
<column name="level_address0">out, 8, ap_memory, level, array</column>
<column name="level_ce0">out, 1, ap_memory, level, array</column>
<column name="level_we0">out, 1, ap_memory, level, array</column>
<column name="level_d0">out, 8, ap_memory, level, array</column>
<column name="level_q0">in, 8, ap_memory, level, array</column>
<column name="level_counts_address0">out, 4, ap_memory, level_counts, array</column>
<column name="level_counts_ce0">out, 1, ap_memory, level_counts, array</column>
<column name="level_counts_we0">out, 1, ap_memory, level_counts, array</column>
<column name="level_counts_d0">out, 64, ap_memory, level_counts, array</column>
<column name="level_counts_q0">in, 64, ap_memory, level_counts, array</column>
</table>
</item>
</section>
</profile>
