<profile>

<section name = "Vivado HLS Report for 'bfs'" level="0">
<item name = "Date">Fri Dec  1 00:55:22 2023
</item>
<item name = "Version">2019.2.1 (Build 2724168 on Thu Dec 05 05:19:09 MST 2019)</item>
<item name = "Project">bfs_syn</item>
<item name = "Solution">solution9</item>
<item name = "Product family">virtex7</item>
<item name = "Target device">xc7v585t-ffg1761-2</item>
</section>

<section name = "Performance Estimates" level="0">
<item name = "Timing">
<section name = "" level="1">
<item name = "Summary"><table name="" hasTotal="0">
<keys size="4">Clock, Target, Estimated, Uncertainty</keys>
<column name="ap_clk">10.00 ns, 5.890 ns, 1.25 ns</column>
</table>
</item>
</section>
</item>
<item name = "Latency">
<section name = "" level="1">
<item name = "Summary"><table name="" hasTotal="0">
<keys size="8">, min, max, min, max, min, max, Type</keys>
<column name="">?, ?, ?, ?, ?, ?, none</column>
</table>
</item>
<item name = "Detail">
<section name = "" level="1">
<item name = "Instance"><table name="" hasTotal="0">
<keys size="9">Instance, Module, min, max, min, max, min, max, Type</keys>
</table>
</item>
<item name = "Loop"><table name="" hasTotal="0">
<keys size="8">Loop Name, min, max, Latency, achieved, target, Count, Pipelined</keys>
<column name="- loop_queue">?, ?, ?, -, -, 1 ~ 128, no</column>
<column name=" + loop_neighbors">?, ?, 5, 3, 1, ?, yes</column>
<column name=" + loop_neighbors">?, ?, 5, 3, 1, ?, yes</column>
</table>
</item>
</section>
</item>
</section>
</item>
</section>

<section name = "Utilization Estimates" level="0">
<item name = "Summary"><table name="" hasTotal="1">
<keys size="6">Name, BRAM_18K, DSP48E, FF, LUT, URAM</keys>
<column name="DSP">-, -, -, -, -</column>
<column name="Expression">-, -, 0, 1310, -</column>
<column name="FIFO">-, -, -, -, -</column>
<column name="Instance">-, -, -, -, -</column>
<column name="Memory">2, -, 0, 0, 0</column>
<column name="Multiplexer">-, -, -, 481, -</column>
<column name="Register">-, -, 953, -, -</column>
<specialColumn name="Available">1590, 1260, 728400, 364200, 0</specialColumn>
<specialColumn name="Utilization (%)">~0, 0, ~0, ~0, 0</specialColumn>
</table>
</item>
<item name = "Detail">
<section name = "" level="1">
<item name = "Instance"><table name="" hasTotal="1">
<keys size="7">Instance, Module, BRAM_18K, DSP48E, FF, LUT, URAM</keys>
</table>
</item>
<item name = "DSP48E"><table name="" hasTotal="0">
<keys size="3">Instance, Module, Expression</keys>
</table>
</item>
<item name = "Memory"><table name="" hasTotal="1">
<keys size="10">Memory, Module, BRAM_18K, FF, LUT, URAM, Words, Bits, Banks, W*Bits*Banks</keys>
<column name="queue_U">bfs_queue, 2, 0, 0, 0, 256, 64, 1, 16384</column>
</table>
</item>
<item name = "FIFO"><table name="" hasTotal="1">
<keys size="8">Name, BRAM_18K, FF, LUT, URAM, Depth, Bits, Size:D*B</keys>
</table>
</item>
<item name = "Expression"><table name="" hasTotal="1">
<keys size="7">Variable Name, Operation, DSP48E, FF, LUT, Bitwidth P0, Bitwidth P1</keys>
<column name="add_ln34_fu_789_p2">+, 0, 0, 16, 9, 2</column>
<column name="add_ln35_fu_671_p2">+, 0, 0, 16, 9, 1</column>
<column name="add_ln38_fu_686_p2">+, 0, 0, 15, 2, 8</column>
<column name="add_ln41_1_fu_758_p2">+, 0, 0, 71, 64, 1</column>
<column name="add_ln41_fu_624_p2">+, 0, 0, 71, 64, 1</column>
<column name="add_ln48_1_fu_781_p2">+, 0, 0, 71, 1, 64</column>
<column name="add_ln48_fu_647_p2">+, 0, 0, 71, 1, 64</column>
<column name="add_ln49_1_fu_613_p2">+, 0, 0, 15, 1, 8</column>
<column name="add_ln49_2_fu_729_p2">+, 0, 0, 71, 2, 64</column>
<column name="add_ln49_3_fu_748_p2">+, 0, 0, 15, 1, 8</column>
<column name="add_ln49_fu_594_p2">+, 0, 0, 71, 2, 64</column>
<column name="grp_fu_484_p2">+, 0, 0, 15, 1, 8</column>
<column name="and_ln35_fu_665_p2">and, 0, 0, 2, 1, 1</column>
<column name="ap_condition_228">and, 0, 0, 2, 1, 1</column>
<column name="ap_condition_332">and, 0, 0, 2, 1, 1</column>
<column name="grp_fu_472_p2">icmp, 0, 0, 11, 8, 7</column>
<column name="grp_fu_478_p2">icmp, 0, 0, 29, 64, 1</column>
<column name="icmp_ln35_1_fu_543_p2">icmp, 0, 0, 29, 64, 64</column>
<column name="icmp_ln35_2_fu_655_p2">icmp, 0, 0, 29, 64, 64</column>
<column name="icmp_ln35_3_fu_680_p2">icmp, 0, 0, 29, 64, 64</column>
<column name="icmp_ln35_5_fu_660_p2">icmp, 0, 0, 11, 8, 2</column>
<column name="icmp_ln35_fu_519_p2">icmp, 0, 0, 29, 64, 64</column>
<column name="icmp_ln41_1_fu_718_p2">icmp, 0, 0, 29, 64, 64</column>
<column name="icmp_ln41_fu_589_p2">icmp, 0, 0, 29, 64, 64</column>
<column name="icmp_ln49_1_fu_723_p2">icmp, 0, 0, 29, 64, 1</column>
<column name="or_ln35_fu_525_p2">or, 0, 0, 8, 8, 1</column>
<column name="or_ln38_fu_561_p2">or, 0, 0, 8, 8, 1</column>
<column name="select_ln39_1_fu_582_p3">select, 0, 0, 64, 1, 64</column>
<column name="select_ln39_2_fu_704_p3">select, 0, 0, 64, 1, 64</column>
<column name="select_ln39_3_fu_711_p3">select, 0, 0, 64, 1, 64</column>
<column name="select_ln39_fu_575_p3">select, 0, 0, 64, 1, 64</column>
<column name="select_ln48_1_fu_774_p3">select, 0, 0, 64, 1, 64</column>
<column name="select_ln48_fu_640_p3">select, 0, 0, 64, 1, 64</column>
<column name="select_ln49_1_fu_735_p3">select, 0, 0, 64, 1, 8</column>
<column name="select_ln49_fu_600_p3">select, 0, 0, 64, 1, 8</column>
<column name="ap_enable_pp0">xor, 0, 0, 2, 1, 2</column>
<column name="ap_enable_pp1">xor, 0, 0, 2, 1, 2</column>
</table>
</item>
<item name = "Multiplexer"><table name="" hasTotal="1">
<keys size="5">Name, LUT, Input Size, Bits, Total Bits</keys>
<column name="ap_NS_fsm">62, 15, 1, 15</column>
<column name="ap_enable_reg_pp0_iter1">9, 2, 1, 2</column>
<column name="ap_enable_reg_pp1_iter1">9, 2, 1, 2</column>
<column name="ap_phi_mux_e_0_0_phi_fu_407_p4">9, 2, 64, 128</column>
<column name="ap_phi_mux_e_0_1_phi_fu_430_p4">9, 2, 64, 128</column>
<column name="ap_phi_reg_pp1_iter1_q_in_2_1_reg_450">15, 3, 64, 192</column>
<column name="dummy_0_0_reg_381">9, 2, 9, 18</column>
<column name="e_0_0_reg_404">9, 2, 64, 128</column>
<column name="e_0_1_reg_427">9, 2, 64, 128</column>
<column name="edges_dst_address0">15, 3, 12, 36</column>
<column name="grp_fu_478_p0">15, 3, 64, 192</column>
<column name="level_address0">41, 8, 8, 64</column>
<column name="level_counts_0_address0">33, 6, 3, 18</column>
<column name="level_counts_0_d0">21, 4, 64, 256</column>
<column name="level_counts_1_address0">27, 5, 3, 15</column>
<column name="level_counts_1_d0">15, 3, 64, 192</column>
<column name="level_d0">15, 3, 8, 24</column>
<column name="nodes_0_edge_begin_address0">15, 3, 7, 21</column>
<column name="nodes_0_edge_end_address0">15, 3, 7, 21</column>
<column name="nodes_1_edge_begin_address0">15, 3, 7, 21</column>
<column name="nodes_1_edge_end_address0">15, 3, 7, 21</column>
<column name="q_in_0_0_reg_357">9, 2, 64, 128</column>
<column name="q_in_1_0_reg_393">9, 2, 64, 128</column>
<column name="q_in_1_1_reg_438">9, 2, 64, 128</column>
<column name="q_in_2_0_reg_415">15, 3, 64, 192</column>
<column name="q_out_0_0_reg_369">9, 2, 8, 16</column>
<column name="queue_address0">33, 6, 8, 48</column>
<column name="queue_d0">15, 3, 64, 192</column>
</table>
</item>
<item name = "Register"><table name="" hasTotal="1">
<keys size="5">Name, FF, LUT, Bits, Const Bits</keys>
<column name="add_ln38_reg_921">8, 0, 8, 0</column>
<column name="add_ln41_1_reg_990">64, 0, 64, 0</column>
<column name="add_ln41_reg_887">64, 0, 64, 0</column>
<column name="ap_CS_fsm">14, 0, 14, 0</column>
<column name="ap_enable_reg_pp0_iter0">1, 0, 1, 0</column>
<column name="ap_enable_reg_pp0_iter1">1, 0, 1, 0</column>
<column name="ap_enable_reg_pp1_iter0">1, 0, 1, 0</column>
<column name="ap_enable_reg_pp1_iter1">1, 0, 1, 0</column>
<column name="ap_phi_reg_pp1_iter1_q_in_2_1_reg_450">64, 0, 64, 0</column>
<column name="dummy_0_0_reg_381">9, 0, 9, 0</column>
<column name="e_0_0_reg_404">64, 0, 64, 0</column>
<column name="e_0_1_reg_427">64, 0, 64, 0</column>
<column name="icmp_ln35_1_reg_803">1, 0, 1, 0</column>
<column name="icmp_ln35_reg_799">1, 0, 1, 0</column>
<column name="icmp_ln41_1_reg_967">1, 0, 1, 0</column>
<column name="icmp_ln41_1_reg_967_pp1_iter1_reg">1, 0, 1, 0</column>
<column name="icmp_ln41_reg_869">1, 0, 1, 0</column>
<column name="icmp_ln41_reg_869_pp0_iter1_reg">1, 0, 1, 0</column>
<column name="icmp_ln45_1_reg_981">1, 0, 1, 0</column>
<column name="icmp_ln45_reg_883">1, 0, 1, 0</column>
<column name="level_addr_1_reg_838">8, 0, 8, 0</column>
<column name="level_addr_2_reg_878">8, 0, 8, 0</column>
<column name="level_addr_3_reg_952">8, 0, 8, 0</column>
<column name="level_addr_4_reg_976">8, 0, 8, 0</column>
<column name="level_counts_0_addr_1_reg_1005">3, 0, 3, 0</column>
<column name="level_counts_0_addr_reg_902">3, 0, 3, 0</column>
<column name="level_counts_1_addr_1_reg_1000">3, 0, 3, 0</column>
<column name="level_counts_1_addr_reg_897">3, 0, 3, 0</column>
<column name="or_ln38_reg_843">7, 0, 8, 1</column>
<column name="q_in_0_0_reg_357">64, 0, 64, 0</column>
<column name="q_in_1_0_reg_393">64, 0, 64, 0</column>
<column name="q_in_1_1_reg_438">64, 0, 64, 0</column>
<column name="q_in_2_0_reg_415">64, 0, 64, 0</column>
<column name="q_in_2_1_reg_450">64, 0, 64, 0</column>
<column name="q_out_0_0_reg_369">8, 0, 8, 0</column>
<column name="reg_501">64, 0, 64, 0</column>
<column name="select_ln39_1_reg_864">64, 0, 64, 0</column>
<column name="select_ln39_3_reg_962">64, 0, 64, 0</column>
<column name="tmp_4_reg_795">1, 0, 1, 0</column>
<column name="trunc_ln39_1_reg_926">1, 0, 1, 0</column>
<column name="trunc_ln39_reg_812">1, 0, 1, 0</column>
<column name="trunc_ln48_1_reg_995">1, 0, 1, 0</column>
<column name="trunc_ln48_reg_892">1, 0, 1, 0</column>
<column name="zext_ln38_1_reg_853">7, 0, 64, 57</column>
<column name="zext_ln38_reg_848">7, 0, 9, 2</column>
</table>
</item>
</section>
</item>
</section>

<section name = "Interface" level="0">
<item name = "Summary"><table name="" hasTotal="0">
<keys size="6">RTL Ports, Dir, Bits, Protocol, Source Object, C Type</keys>
<column name="ap_clk">in, 1, ap_ctrl_hs, bfs, return value</column>
<column name="ap_rst">in, 1, ap_ctrl_hs, bfs, return value</column>
<column name="ap_start">in, 1, ap_ctrl_hs, bfs, return value</column>
<column name="ap_done">out, 1, ap_ctrl_hs, bfs, return value</column>
<column name="ap_idle">out, 1, ap_ctrl_hs, bfs, return value</column>
<column name="ap_ready">out, 1, ap_ctrl_hs, bfs, return value</column>
<column name="nodes_0_edge_begin_address0">out, 7, ap_memory, nodes_0_edge_begin, array</column>
<column name="nodes_0_edge_begin_ce0">out, 1, ap_memory, nodes_0_edge_begin, array</column>
<column name="nodes_0_edge_begin_q0">in, 64, ap_memory, nodes_0_edge_begin, array</column>
<column name="nodes_1_edge_begin_address0">out, 7, ap_memory, nodes_1_edge_begin, array</column>
<column name="nodes_1_edge_begin_ce0">out, 1, ap_memory, nodes_1_edge_begin, array</column>
<column name="nodes_1_edge_begin_q0">in, 64, ap_memory, nodes_1_edge_begin, array</column>
<column name="nodes_0_edge_end_address0">out, 7, ap_memory, nodes_0_edge_end, array</column>
<column name="nodes_0_edge_end_ce0">out, 1, ap_memory, nodes_0_edge_end, array</column>
<column name="nodes_0_edge_end_q0">in, 64, ap_memory, nodes_0_edge_end, array</column>
<column name="nodes_1_edge_end_address0">out, 7, ap_memory, nodes_1_edge_end, array</column>
<column name="nodes_1_edge_end_ce0">out, 1, ap_memory, nodes_1_edge_end, array</column>
<column name="nodes_1_edge_end_q0">in, 64, ap_memory, nodes_1_edge_end, array</column>
<column name="edges_dst_address0">out, 12, ap_memory, edges_dst, array</column>
<column name="edges_dst_ce0">out, 1, ap_memory, edges_dst, array</column>
<column name="edges_dst_q0">in, 64, ap_memory, edges_dst, array</column>
<column name="starting_node">in, 64, ap_none, starting_node, scalar</column>
<column name="level_address0">out, 8, ap_memory, level, array</column>
<column name="level_ce0">out, 1, ap_memory, level, array</column>
<column name="level_we0">out, 1, ap_memory, level, array</column>
<column name="level_d0">out, 8, ap_memory, level, array</column>
<column name="level_q0">in, 8, ap_memory, level, array</column>
<column name="level_counts_0_address0">out, 3, ap_memory, level_counts_0, array</column>
<column name="level_counts_0_ce0">out, 1, ap_memory, level_counts_0, array</column>
<column name="level_counts_0_we0">out, 1, ap_memory, level_counts_0, array</column>
<column name="level_counts_0_d0">out, 64, ap_memory, level_counts_0, array</column>
<column name="level_counts_0_q0">in, 64, ap_memory, level_counts_0, array</column>
<column name="level_counts_1_address0">out, 3, ap_memory, level_counts_1, array</column>
<column name="level_counts_1_ce0">out, 1, ap_memory, level_counts_1, array</column>
<column name="level_counts_1_we0">out, 1, ap_memory, level_counts_1, array</column>
<column name="level_counts_1_d0">out, 64, ap_memory, level_counts_1, array</column>
<column name="level_counts_1_q0">in, 64, ap_memory, level_counts_1, array</column>
</table>
</item>
</section>
</profile>
