<stg><name>bfs</name>


<trans_list>

<trans id="218" from="1" to="2">
<condition id="-1">
<or_exp><and_exp></and_exp></or_exp>
</condition>
</trans>

<trans id="219" from="2" to="3">
<condition id="-1">
<or_exp><and_exp><literal name="tmp_4" val="0"/>
<literal name="icmp_ln35_1" val="0"/>
</and_exp><and_exp><literal name="tmp_4" val="0"/>
<literal name="icmp_ln35" val="0"/>
</and_exp></or_exp>
</condition>
</trans>

<trans id="221" from="2" to="10">
<condition id="-1">
<or_exp><and_exp><literal name="icmp_ln35" val="1"/>
<literal name="icmp_ln35_1" val="1"/>
</and_exp><and_exp><literal name="tmp_4" val="1"/>
</and_exp></or_exp>
</condition>
</trans>

<trans id="223" from="3" to="4">
<condition id="-1">
<or_exp><and_exp></and_exp></or_exp>
</condition>
</trans>

<trans id="224" from="4" to="5">
<condition id="-1">
<or_exp><and_exp></and_exp></or_exp>
</condition>
</trans>

<trans id="256" from="5" to="10">
<condition id="-1">
<or_exp><and_exp><literal name="icmp_ln41" val="0"/>
</and_exp></or_exp>
</condition>
</trans>

<trans id="257" from="5" to="6">
<condition id="-1">
<or_exp><and_exp><literal name="icmp_ln41" val="1"/>
</and_exp></or_exp>
</condition>
</trans>

<trans id="252" from="6" to="7">
<condition id="-1">
<or_exp><and_exp></and_exp></or_exp>
</condition>
</trans>

<trans id="253" from="7" to="8">
<condition id="-1">
<or_exp><and_exp></and_exp></or_exp>
</condition>
</trans>

<trans id="254" from="8" to="9">
<condition id="-1">
<or_exp><and_exp></and_exp></or_exp>
</condition>
</trans>

<trans id="255" from="9" to="5">
<condition id="-1">
<or_exp><and_exp></and_exp></or_exp>
</condition>
</trans>

<trans id="233" from="10" to="11">
<condition id="-1">
<or_exp><and_exp><literal name="tmp_4" val="0"/>
<literal name="icmp_ln35_1" val="0"/>
<literal name="icmp_ln35_2" val="1"/>
<literal name="icmp_ln35_3" val="0"/>
</and_exp><and_exp><literal name="tmp_4" val="0"/>
<literal name="icmp_ln35_1" val="0"/>
<literal name="icmp_ln35_2" val="0"/>
<literal name="and_ln35" val="0"/>
</and_exp><and_exp><literal name="tmp_4" val="0"/>
<literal name="icmp_ln35" val="0"/>
<literal name="icmp_ln35_2" val="1"/>
<literal name="icmp_ln35_3" val="0"/>
</and_exp><and_exp><literal name="tmp_4" val="0"/>
<literal name="icmp_ln35" val="0"/>
<literal name="icmp_ln35_2" val="0"/>
<literal name="and_ln35" val="0"/>
</and_exp></or_exp>
</condition>
</trans>

<trans id="236" from="11" to="12">
<condition id="-1">
<or_exp><and_exp></and_exp></or_exp>
</condition>
</trans>

<trans id="237" from="12" to="13">
<condition id="-1">
<or_exp><and_exp></and_exp></or_exp>
</condition>
</trans>

<trans id="259" from="13" to="14">
<condition id="-1">
<or_exp><and_exp></and_exp></or_exp>
</condition>
</trans>

<trans id="263" from="14" to="18">
<condition id="-1">
<or_exp><and_exp><literal name="icmp_ln41_1" val="0"/>
</and_exp></or_exp>
</condition>
</trans>

<trans id="264" from="14" to="15">
<condition id="-1">
<or_exp><and_exp><literal name="icmp_ln41_1" val="1"/>
</and_exp></or_exp>
</condition>
</trans>

<trans id="260" from="15" to="16">
<condition id="-1">
<or_exp><and_exp></and_exp></or_exp>
</condition>
</trans>

<trans id="261" from="16" to="17">
<condition id="-1">
<or_exp><and_exp></and_exp></or_exp>
</condition>
</trans>

<trans id="262" from="17" to="13">
<condition id="-1">
<or_exp><and_exp></and_exp></or_exp>
</condition>
</trans>

<trans id="249" from="18" to="2">
<condition id="-1">
<or_exp><and_exp></and_exp></or_exp>
</condition>
</trans>
</trans_list>



<state_list>

<state id="1" st_id="1">

<operation id="19" st_id="1" stage="1" lat="1">
<core>NULL</core>
<MemPortIdVec></MemPortIdVec>
<condition id="-1">
<or_exp><and_exp></and_exp></or_exp>
</condition>

<Node id="10" bw="0" op_0_bw="0" op_1_bw="64">
<![CDATA[
:0  call void (...)* @_ssdm_op_SpecBitsMap([128 x i64]* %nodes_1_edge_end), !map !7

]]></Node>
<StgValue><ssdm name="specbitsmap_ln0"/></StgValue>
</operation>

<operation id="20" st_id="1" stage="1" lat="1">
<core>NULL</core>
<MemPortIdVec></MemPortIdVec>
<condition id="-1">
<or_exp><and_exp></and_exp></or_exp>
</condition>

<Node id="11" bw="0" op_0_bw="0" op_1_bw="64">
<![CDATA[
:1  call void (...)* @_ssdm_op_SpecBitsMap([128 x i64]* %nodes_0_edge_end), !map !13

]]></Node>
<StgValue><ssdm name="specbitsmap_ln0"/></StgValue>
</operation>

<operation id="21" st_id="1" stage="1" lat="1">
<core>NULL</core>
<MemPortIdVec></MemPortIdVec>
<condition id="-1">
<or_exp><and_exp></and_exp></or_exp>
</condition>

<Node id="12" bw="0" op_0_bw="0" op_1_bw="64">
<![CDATA[
:2  call void (...)* @_ssdm_op_SpecBitsMap([128 x i64]* %nodes_1_edge_begin), !map !19

]]></Node>
<StgValue><ssdm name="specbitsmap_ln0"/></StgValue>
</operation>

<operation id="22" st_id="1" stage="1" lat="1">
<core>NULL</core>
<MemPortIdVec></MemPortIdVec>
<condition id="-1">
<or_exp><and_exp></and_exp></or_exp>
</condition>

<Node id="13" bw="0" op_0_bw="0" op_1_bw="64">
<![CDATA[
:3  call void (...)* @_ssdm_op_SpecBitsMap([128 x i64]* %nodes_0_edge_begin), !map !23

]]></Node>
<StgValue><ssdm name="specbitsmap_ln0"/></StgValue>
</operation>

<operation id="23" st_id="1" stage="1" lat="1">
<core>NULL</core>
<MemPortIdVec></MemPortIdVec>
<condition id="-1">
<or_exp><and_exp></and_exp></or_exp>
</condition>

<Node id="14" bw="0" op_0_bw="0" op_1_bw="64">
<![CDATA[
:4  call void (...)* @_ssdm_op_SpecBitsMap([5 x i64]* %level_counts_1), !map !27

]]></Node>
<StgValue><ssdm name="specbitsmap_ln0"/></StgValue>
</operation>

<operation id="24" st_id="1" stage="1" lat="1">
<core>NULL</core>
<MemPortIdVec></MemPortIdVec>
<condition id="-1">
<or_exp><and_exp></and_exp></or_exp>
</condition>

<Node id="15" bw="0" op_0_bw="0" op_1_bw="64">
<![CDATA[
:5  call void (...)* @_ssdm_op_SpecBitsMap([5 x i64]* %level_counts_0), !map !33

]]></Node>
<StgValue><ssdm name="specbitsmap_ln0"/></StgValue>
</operation>

<operation id="25" st_id="1" stage="1" lat="1">
<core>NULL</core>
<MemPortIdVec></MemPortIdVec>
<condition id="-1">
<or_exp><and_exp></and_exp></or_exp>
</condition>

<Node id="16" bw="0" op_0_bw="0" op_1_bw="64">
<![CDATA[
:6  call void (...)* @_ssdm_op_SpecBitsMap([4096 x i64]* %edges_dst), !map !39

]]></Node>
<StgValue><ssdm name="specbitsmap_ln0"/></StgValue>
</operation>

<operation id="26" st_id="1" stage="1" lat="1">
<core>NULL</core>
<MemPortIdVec></MemPortIdVec>
<condition id="-1">
<or_exp><and_exp></and_exp></or_exp>
</condition>

<Node id="17" bw="0" op_0_bw="0" op_1_bw="64">
<![CDATA[
:7  call void (...)* @_ssdm_op_SpecBitsMap(i64 %starting_node), !map !45

]]></Node>
<StgValue><ssdm name="specbitsmap_ln0"/></StgValue>
</operation>

<operation id="27" st_id="1" stage="1" lat="1">
<core>NULL</core>
<MemPortIdVec></MemPortIdVec>
<condition id="-1">
<or_exp><and_exp></and_exp></or_exp>
</condition>

<Node id="18" bw="0" op_0_bw="0" op_1_bw="8">
<![CDATA[
:8  call void (...)* @_ssdm_op_SpecBitsMap([256 x i8]* %level), !map !51

]]></Node>
<StgValue><ssdm name="specbitsmap_ln0"/></StgValue>
</operation>

<operation id="28" st_id="1" stage="1" lat="1">
<core>NULL</core>
<MemPortIdVec></MemPortIdVec>
<condition id="-1">
<or_exp><and_exp></and_exp></or_exp>
</condition>

<Node id="19" bw="64" op_0_bw="64" op_1_bw="64">
<![CDATA[
:9  %starting_node_read = call i64 @_ssdm_op_Read.ap_auto.i64(i64 %starting_node)

]]></Node>
<StgValue><ssdm name="starting_node_read"/></StgValue>
</operation>

<operation id="29" st_id="1" stage="1" lat="1">
<core>NULL</core>
<MemPortIdVec></MemPortIdVec>
<condition id="-1">
<or_exp><and_exp></and_exp></or_exp>
</condition>

<Node id="20" bw="3" op_0_bw="64" op_1_bw="64" op_2_bw="64">
<![CDATA[
:10  %level_counts_0_addr_2 = getelementptr [5 x i64]* %level_counts_0, i64 0, i64 0

]]></Node>
<StgValue><ssdm name="level_counts_0_addr_2"/></StgValue>
</operation>

<operation id="30" st_id="1" stage="1" lat="1">
<core>NULL</core>
<MemPortIdVec></MemPortIdVec>
<condition id="-1">
<or_exp><and_exp></and_exp></or_exp>
</condition>

<Node id="21" bw="0" op_0_bw="0" op_1_bw="0">
<![CDATA[
:11  call void (...)* @_ssdm_op_SpecTopModule([4 x i8]* @bfs_str) nounwind

]]></Node>
<StgValue><ssdm name="spectopmodule_ln0"/></StgValue>
</operation>

<operation id="31" st_id="1" stage="1" lat="1">
<core>RAM</core>
<MemPortIdVec></MemPortIdVec>
<condition id="-1">
<or_exp><and_exp></and_exp></or_exp>
</condition>

<Node id="22" bw="64" op_0_bw="64">
<![CDATA[
:12  %queue = alloca [256 x i64], align 16

]]></Node>
<StgValue><ssdm name="queue"/></StgValue>
</operation>

<operation id="32" st_id="1" stage="1" lat="1">
<core>NULL</core>
<MemPortIdVec></MemPortIdVec>
<condition id="-1">
<or_exp><and_exp></and_exp></or_exp>
</condition>

<Node id="23" bw="0" op_0_bw="0" op_1_bw="64" op_2_bw="0" op_3_bw="0" op_4_bw="0" op_5_bw="32" op_6_bw="0" op_7_bw="0" op_8_bw="0" op_9_bw="0" op_10_bw="0">
<![CDATA[
:13  call void (...)* @_ssdm_op_SpecMemCore([4096 x i64]* %edges_dst, [1 x i8]* @p_str1, [12 x i8]* @p_str2, [1 x i8]* @p_str1, i32 -1, [1 x i8]* @p_str1, [1 x i8]* @p_str1, [1 x i8]* @p_str1, [1 x i8]* @p_str1, [1 x i8]* @p_str1)

]]></Node>
<StgValue><ssdm name="specmemcore_ln17"/></StgValue>
</operation>

<operation id="33" st_id="1" stage="1" lat="1">
<core>NULL</core>
<MemPortIdVec></MemPortIdVec>
<condition id="-1">
<or_exp><and_exp></and_exp></or_exp>
</condition>

<Node id="24" bw="0" op_0_bw="0" op_1_bw="8" op_2_bw="0" op_3_bw="0" op_4_bw="0" op_5_bw="32" op_6_bw="0" op_7_bw="0" op_8_bw="0" op_9_bw="0" op_10_bw="0">
<![CDATA[
:14  call void (...)* @_ssdm_op_SpecMemCore([256 x i8]* %level, [1 x i8]* @p_str1, [12 x i8]* @p_str2, [1 x i8]* @p_str1, i32 -1, [1 x i8]* @p_str1, [1 x i8]* @p_str1, [1 x i8]* @p_str1, [1 x i8]* @p_str1, [1 x i8]* @p_str1)

]]></Node>
<StgValue><ssdm name="specmemcore_ln17"/></StgValue>
</operation>

<operation id="34" st_id="1" stage="1" lat="1">
<core>NULL</core>
<MemPortIdVec></MemPortIdVec>
<condition id="-1">
<or_exp><and_exp></and_exp></or_exp>
</condition>

<Node id="25" bw="8" op_0_bw="8" op_1_bw="64" op_2_bw="64">
<![CDATA[
:15  %level_addr = getelementptr [256 x i8]* %level, i64 0, i64 %starting_node_read

]]></Node>
<StgValue><ssdm name="level_addr"/></StgValue>
</operation>

<operation id="35" st_id="1" stage="1" lat="1">
<core>RAM_1P_BRAM</core>
<MemPortIdVec></MemPortIdVec>
<condition id="-1">
<or_exp><and_exp></and_exp></or_exp>
</condition>

<Node id="26" bw="0" op_0_bw="8" op_1_bw="8">
<![CDATA[
:16  store i8 0, i8* %level_addr, align 1

]]></Node>
<StgValue><ssdm name="store_ln30"/></StgValue>
</operation>

<operation id="36" st_id="1" stage="1" lat="1">
<core>RAM</core>
<MemPortIdVec></MemPortIdVec>
<condition id="-1">
<or_exp><and_exp></and_exp></or_exp>
</condition>

<Node id="27" bw="0" op_0_bw="64" op_1_bw="3">
<![CDATA[
:17  store i64 1, i64* %level_counts_0_addr_2, align 8

]]></Node>
<StgValue><ssdm name="store_ln31"/></StgValue>
</operation>

<operation id="37" st_id="1" stage="1" lat="1">
<core>NULL</core>
<MemPortIdVec></MemPortIdVec>
<condition id="-1">
<or_exp><and_exp></and_exp></or_exp>
</condition>

<Node id="28" bw="8" op_0_bw="64" op_1_bw="64" op_2_bw="64">
<![CDATA[
:18  %queue_addr = getelementptr inbounds [256 x i64]* %queue, i64 0, i64 0

]]></Node>
<StgValue><ssdm name="queue_addr"/></StgValue>
</operation>

<operation id="38" st_id="1" stage="1" lat="1">
<core>RAM</core>
<MemPortIdVec></MemPortIdVec>
<condition id="-1">
<or_exp><and_exp></and_exp></or_exp>
</condition>

<Node id="29" bw="0" op_0_bw="64" op_1_bw="8">
<![CDATA[
:19  store i64 %starting_node_read, i64* %queue_addr, align 16

]]></Node>
<StgValue><ssdm name="store_ln32"/></StgValue>
</operation>

<operation id="39" st_id="1" stage="1" lat="1">
<core>NULL</core>
<MemPortIdVec></MemPortIdVec>
<condition id="-1">
<or_exp><and_exp></and_exp></or_exp>
</condition>

<Node id="30" bw="0" op_0_bw="0">
<![CDATA[
:20  br label %1

]]></Node>
<StgValue><ssdm name="br_ln34"/></StgValue>
</operation>
</state>

<state id="2" st_id="2">

<operation id="40" st_id="2" stage="1" lat="1">
<core>NULL</core>
<MemPortIdVec></MemPortIdVec>
<condition id="-1">
<or_exp><and_exp></and_exp></or_exp>
</condition>

<Node id="32" bw="64" op_0_bw="64" op_1_bw="0" op_2_bw="64" op_3_bw="0">
<![CDATA[
:0  %q_in_0_0 = phi i64 [ 2, %0 ], [ %q_in_1_1, %loop_queue_end ]

]]></Node>
<StgValue><ssdm name="q_in_0_0"/></StgValue>
</operation>

<operation id="41" st_id="2" stage="1" lat="1">
<core>NULL</core>
<MemPortIdVec></MemPortIdVec>
<condition id="-1">
<or_exp><and_exp></and_exp></or_exp>
</condition>

<Node id="33" bw="8" op_0_bw="8" op_1_bw="0" op_2_bw="8" op_3_bw="0">
<![CDATA[
:1  %q_out_0_0 = phi i8 [ 0, %0 ], [ %add_ln38, %loop_queue_end ]

]]></Node>
<StgValue><ssdm name="q_out_0_0"/></StgValue>
</operation>

<operation id="42" st_id="2" stage="1" lat="1">
<core>NULL</core>
<MemPortIdVec></MemPortIdVec>
<condition id="-1">
<or_exp><and_exp></and_exp></or_exp>
</condition>

<Node id="34" bw="9" op_0_bw="9" op_1_bw="0" op_2_bw="9" op_3_bw="0">
<![CDATA[
:2  %dummy_0_0 = phi i9 [ 0, %0 ], [ %add_ln34, %loop_queue_end ]

]]></Node>
<StgValue><ssdm name="dummy_0_0"/></StgValue>
</operation>

<operation id="43" st_id="2" stage="1" lat="1">
<core>NULL</core>
<MemPortIdVec></MemPortIdVec>
<condition id="-1">
<or_exp><and_exp></and_exp></or_exp>
</condition>

<Node id="35" bw="32" op_0_bw="32" op_1_bw="64" op_2_bw="64" op_3_bw="64">
<![CDATA[
:3  %empty = call i32 (...)* @_ssdm_op_SpecLoopTripCount(i64 1, i64 128, i64 64)

]]></Node>
<StgValue><ssdm name="empty"/></StgValue>
</operation>

<operation id="44" st_id="2" stage="1" lat="1">
<core>NULL</core>
<MemPortIdVec></MemPortIdVec>
<condition id="-1">
<or_exp><and_exp></and_exp></or_exp>
</condition>

<Node id="36" bw="1" op_0_bw="1" op_1_bw="9" op_2_bw="32">
<![CDATA[
:4  %tmp_4 = call i1 @_ssdm_op_BitSelect.i1.i9.i32(i9 %dummy_0_0, i32 8)

]]></Node>
<StgValue><ssdm name="tmp_4"/></StgValue>
</operation>

<operation id="45" st_id="2" stage="1" lat="1">
<core>NULL</core>
<MemPortIdVec></MemPortIdVec>
<condition id="-1">
<or_exp><and_exp></and_exp></or_exp>
</condition>

<Node id="37" bw="0" op_0_bw="1" op_1_bw="0" op_2_bw="0">
<![CDATA[
:5  br i1 %tmp_4, label %.loopexit.loopexit, label %loop_queue_begin

]]></Node>
<StgValue><ssdm name="br_ln34"/></StgValue>
</operation>

<operation id="46" st_id="2" stage="1" lat="1">
<core>NULL</core>
<MemPortIdVec></MemPortIdVec>
<condition id="-1">
<or_exp><and_exp><literal name="tmp_4" val="0"/>
</and_exp></or_exp>
</condition>

<Node id="39" bw="64" op_0_bw="8">
<![CDATA[
loop_queue_begin:0  %q_out_0_0_cast = zext i8 %q_out_0_0 to i64

]]></Node>
<StgValue><ssdm name="q_out_0_0_cast"/></StgValue>
</operation>

<operation id="47" st_id="2" stage="1" lat="1">
<core>NULL</core>
<MemPortIdVec></MemPortIdVec>
<condition id="-1">
<or_exp><and_exp><literal name="tmp_4" val="0"/>
</and_exp></or_exp>
</condition>

<Node id="40" bw="0" op_0_bw="0" op_1_bw="0">
<![CDATA[
loop_queue_begin:1  call void (...)* @_ssdm_op_SpecLoopName([11 x i8]* @p_str3) nounwind

]]></Node>
<StgValue><ssdm name="specloopname_ln34"/></StgValue>
</operation>

<operation id="48" st_id="2" stage="1" lat="1">
<core>NULL</core>
<MemPortIdVec></MemPortIdVec>
<condition id="-1">
<or_exp><and_exp><literal name="tmp_4" val="0"/>
</and_exp></or_exp>
</condition>

<Node id="41" bw="32" op_0_bw="32" op_1_bw="0">
<![CDATA[
loop_queue_begin:2  %tmp = call i32 (...)* @_ssdm_op_SpecRegionBegin([11 x i8]* @p_str3)

]]></Node>
<StgValue><ssdm name="tmp"/></StgValue>
</operation>

<operation id="49" st_id="2" stage="1" lat="1">
<core>Cmp</core>
<MemPortIdVec></MemPortIdVec>
<condition id="-1">
<or_exp><and_exp><literal name="tmp_4" val="0"/>
</and_exp></or_exp>
</condition>

<Node id="42" bw="1" op_0_bw="64" op_1_bw="64">
<![CDATA[
loop_queue_begin:3  %icmp_ln35 = icmp ugt i64 %q_in_0_0, %q_out_0_0_cast

]]></Node>
<StgValue><ssdm name="icmp_ln35"/></StgValue>
</operation>

<operation id="50" st_id="2" stage="1" lat="1">
<core>NULL</core>
<MemPortIdVec></MemPortIdVec>
<condition id="-1">
<or_exp><and_exp><literal name="tmp_4" val="0"/>
</and_exp></or_exp>
</condition>

<Node id="43" bw="0" op_0_bw="1" op_1_bw="0" op_2_bw="0">
<![CDATA[
loop_queue_begin:4  br i1 %icmp_ln35, label %3, label %._crit_edge1.0_ifconv

]]></Node>
<StgValue><ssdm name="br_ln35"/></StgValue>
</operation>

<operation id="51" st_id="2" stage="1" lat="1">
<core>NULL</core>
<MemPortIdVec></MemPortIdVec>
<condition id="-1">
<or_exp><and_exp><literal name="tmp_4" val="0"/>
<literal name="icmp_ln35" val="1"/>
</and_exp></or_exp>
</condition>

<Node id="45" bw="8" op_0_bw="8" op_1_bw="8">
<![CDATA[
:0  %or_ln35 = or i8 %q_out_0_0, 1

]]></Node>
<StgValue><ssdm name="or_ln35"/></StgValue>
</operation>

<operation id="52" st_id="2" stage="1" lat="1">
<core>NULL</core>
<MemPortIdVec></MemPortIdVec>
<condition id="-1">
<or_exp><and_exp><literal name="tmp_4" val="0"/>
<literal name="icmp_ln35" val="1"/>
</and_exp></or_exp>
</condition>

<Node id="46" bw="9" op_0_bw="9" op_1_bw="1" op_2_bw="8">
<![CDATA[
:1  %or_ln = call i9 @_ssdm_op_BitConcatenate.i9.i1.i8(i1 false, i8 %or_ln35)

]]></Node>
<StgValue><ssdm name="or_ln"/></StgValue>
</operation>

<operation id="53" st_id="2" stage="1" lat="1">
<core>NULL</core>
<MemPortIdVec></MemPortIdVec>
<condition id="-1">
<or_exp><and_exp><literal name="tmp_4" val="0"/>
<literal name="icmp_ln35" val="1"/>
</and_exp></or_exp>
</condition>

<Node id="47" bw="64" op_0_bw="9">
<![CDATA[
:2  %zext_ln35 = zext i9 %or_ln to i64

]]></Node>
<StgValue><ssdm name="zext_ln35"/></StgValue>
</operation>

<operation id="54" st_id="2" stage="1" lat="1">
<core>Cmp</core>
<MemPortIdVec></MemPortIdVec>
<condition id="-1">
<or_exp><and_exp><literal name="tmp_4" val="0"/>
<literal name="icmp_ln35" val="1"/>
</and_exp></or_exp>
</condition>

<Node id="48" bw="1" op_0_bw="64" op_1_bw="64">
<![CDATA[
:3  %icmp_ln35_1 = icmp eq i64 %q_in_0_0, %zext_ln35

]]></Node>
<StgValue><ssdm name="icmp_ln35_1"/></StgValue>
</operation>

<operation id="55" st_id="2" stage="1" lat="1">
<core>NULL</core>
<MemPortIdVec></MemPortIdVec>
<condition id="-1">
<or_exp><and_exp><literal name="tmp_4" val="0"/>
<literal name="icmp_ln35" val="1"/>
</and_exp></or_exp>
</condition>

<Node id="49" bw="0" op_0_bw="1" op_1_bw="0" op_2_bw="0">
<![CDATA[
:4  br i1 %icmp_ln35_1, label %._crit_edge, label %._crit_edge1.0_ifconv

]]></Node>
<StgValue><ssdm name="br_ln35"/></StgValue>
</operation>

<operation id="56" st_id="2" stage="1" lat="1">
<core>NULL</core>
<MemPortIdVec></MemPortIdVec>
<condition id="-1">
<or_exp><and_exp><literal name="tmp_4" val="0"/>
<literal name="icmp_ln35_1" val="0"/>
</and_exp><and_exp><literal name="tmp_4" val="0"/>
<literal name="icmp_ln35" val="0"/>
</and_exp></or_exp>
</condition>

<Node id="51" bw="8" op_0_bw="64" op_1_bw="64" op_2_bw="64">
<![CDATA[
._crit_edge1.0_ifconv:0  %queue_addr_1 = getelementptr inbounds [256 x i64]* %queue, i64 0, i64 %q_out_0_0_cast

]]></Node>
<StgValue><ssdm name="queue_addr_1"/></StgValue>
</operation>

<operation id="57" st_id="2" stage="2" lat="2">
<core>RAM</core>
<MemPortIdVec></MemPortIdVec>
<condition id="-1">
<or_exp><and_exp><literal name="tmp_4" val="0"/>
<literal name="icmp_ln35_1" val="0"/>
</and_exp><and_exp><literal name="tmp_4" val="0"/>
<literal name="icmp_ln35" val="0"/>
</and_exp></or_exp>
</condition>

<Node id="52" bw="64" op_0_bw="8">
<![CDATA[
._crit_edge1.0_ifconv:1  %queue_load = load i64* %queue_addr_1, align 16

]]></Node>
<StgValue><ssdm name="queue_load"/></StgValue>
</operation>

<operation id="58" st_id="2" stage="1" lat="1">
<core>NULL</core>
<MemPortIdVec></MemPortIdVec>
<condition id="-1">
<or_exp><and_exp><literal name="tmp_4" val="1"/>
</and_exp></or_exp>
</condition>

<Node id="212" bw="0" op_0_bw="0">
<![CDATA[
.loopexit.loopexit:0  br label %.loopexit

]]></Node>
<StgValue><ssdm name="br_ln0"/></StgValue>
</operation>
</state>

<state id="3" st_id="3">

<operation id="59" st_id="3" stage="1" lat="2">
<core>RAM</core>
<MemPortIdVec></MemPortIdVec>
<condition id="-1">
<or_exp><and_exp></and_exp></or_exp>
</condition>

<Node id="52" bw="64" op_0_bw="8">
<![CDATA[
._crit_edge1.0_ifconv:1  %queue_load = load i64* %queue_addr_1, align 16

]]></Node>
<StgValue><ssdm name="queue_load"/></StgValue>
</operation>

<operation id="60" st_id="3" stage="1" lat="1">
<core>NULL</core>
<MemPortIdVec></MemPortIdVec>
<condition id="-1">
<or_exp><and_exp></and_exp></or_exp>
</condition>

<Node id="56" bw="1" op_0_bw="64">
<![CDATA[
._crit_edge1.0_ifconv:5  %trunc_ln39 = trunc i64 %queue_load to i1

]]></Node>
<StgValue><ssdm name="trunc_ln39"/></StgValue>
</operation>

<operation id="61" st_id="3" stage="1" lat="1">
<core>NULL</core>
<MemPortIdVec></MemPortIdVec>
<condition id="-1">
<or_exp><and_exp></and_exp></or_exp>
</condition>

<Node id="57" bw="9" op_0_bw="9" op_1_bw="64" op_2_bw="32" op_3_bw="32">
<![CDATA[
._crit_edge1.0_ifconv:6  %lshr_ln = call i9 @_ssdm_op_PartSelect.i9.i64.i32.i32(i64 %queue_load, i32 1, i32 9)

]]></Node>
<StgValue><ssdm name="lshr_ln"/></StgValue>
</operation>

<operation id="62" st_id="3" stage="1" lat="1">
<core>NULL</core>
<MemPortIdVec></MemPortIdVec>
<condition id="-1">
<or_exp><and_exp></and_exp></or_exp>
</condition>

<Node id="58" bw="64" op_0_bw="9">
<![CDATA[
._crit_edge1.0_ifconv:7  %zext_ln39 = zext i9 %lshr_ln to i64

]]></Node>
<StgValue><ssdm name="zext_ln39"/></StgValue>
</operation>

<operation id="63" st_id="3" stage="1" lat="1">
<core>NULL</core>
<MemPortIdVec></MemPortIdVec>
<condition id="-1">
<or_exp><and_exp></and_exp></or_exp>
</condition>

<Node id="59" bw="7" op_0_bw="64" op_1_bw="64" op_2_bw="64">
<![CDATA[
._crit_edge1.0_ifconv:8  %nodes_0_edge_begin_s = getelementptr [128 x i64]* %nodes_0_edge_begin, i64 0, i64 %zext_ln39

]]></Node>
<StgValue><ssdm name="nodes_0_edge_begin_s"/></StgValue>
</operation>

<operation id="64" st_id="3" stage="1" lat="1">
<core>NULL</core>
<MemPortIdVec></MemPortIdVec>
<condition id="-1">
<or_exp><and_exp></and_exp></or_exp>
</condition>

<Node id="60" bw="7" op_0_bw="64" op_1_bw="64" op_2_bw="64">
<![CDATA[
._crit_edge1.0_ifconv:9  %nodes_1_edge_begin_s = getelementptr [128 x i64]* %nodes_1_edge_begin, i64 0, i64 %zext_ln39

]]></Node>
<StgValue><ssdm name="nodes_1_edge_begin_s"/></StgValue>
</operation>

<operation id="65" st_id="3" stage="2" lat="2">
<core>RAM</core>
<MemPortIdVec></MemPortIdVec>
<condition id="-1">
<or_exp><and_exp></and_exp></or_exp>
</condition>

<Node id="61" bw="64" op_0_bw="7">
<![CDATA[
._crit_edge1.0_ifconv:10  %nodes_1_edge_begin_1 = load i64* %nodes_1_edge_begin_s, align 8

]]></Node>
<StgValue><ssdm name="nodes_1_edge_begin_1"/></StgValue>
</operation>

<operation id="66" st_id="3" stage="2" lat="2">
<core>RAM</core>
<MemPortIdVec></MemPortIdVec>
<condition id="-1">
<or_exp><and_exp></and_exp></or_exp>
</condition>

<Node id="62" bw="64" op_0_bw="7">
<![CDATA[
._crit_edge1.0_ifconv:11  %nodes_0_edge_begin_1 = load i64* %nodes_0_edge_begin_s, align 8

]]></Node>
<StgValue><ssdm name="nodes_0_edge_begin_1"/></StgValue>
</operation>

<operation id="67" st_id="3" stage="1" lat="1">
<core>NULL</core>
<MemPortIdVec></MemPortIdVec>
<condition id="-1">
<or_exp><and_exp></and_exp></or_exp>
</condition>

<Node id="64" bw="7" op_0_bw="64" op_1_bw="64" op_2_bw="64">
<![CDATA[
._crit_edge1.0_ifconv:13  %nodes_0_edge_end_ad = getelementptr [128 x i64]* %nodes_0_edge_end, i64 0, i64 %zext_ln39

]]></Node>
<StgValue><ssdm name="nodes_0_edge_end_ad"/></StgValue>
</operation>

<operation id="68" st_id="3" stage="1" lat="1">
<core>NULL</core>
<MemPortIdVec></MemPortIdVec>
<condition id="-1">
<or_exp><and_exp></and_exp></or_exp>
</condition>

<Node id="65" bw="7" op_0_bw="64" op_1_bw="64" op_2_bw="64">
<![CDATA[
._crit_edge1.0_ifconv:14  %nodes_1_edge_end_ad = getelementptr [128 x i64]* %nodes_1_edge_end, i64 0, i64 %zext_ln39

]]></Node>
<StgValue><ssdm name="nodes_1_edge_end_ad"/></StgValue>
</operation>

<operation id="69" st_id="3" stage="2" lat="2">
<core>RAM</core>
<MemPortIdVec></MemPortIdVec>
<condition id="-1">
<or_exp><and_exp></and_exp></or_exp>
</condition>

<Node id="66" bw="64" op_0_bw="7">
<![CDATA[
._crit_edge1.0_ifconv:15  %nodes_1_edge_end_lo = load i64* %nodes_1_edge_end_ad, align 8

]]></Node>
<StgValue><ssdm name="nodes_1_edge_end_lo"/></StgValue>
</operation>

<operation id="70" st_id="3" stage="2" lat="2">
<core>RAM</core>
<MemPortIdVec></MemPortIdVec>
<condition id="-1">
<or_exp><and_exp></and_exp></or_exp>
</condition>

<Node id="67" bw="64" op_0_bw="7">
<![CDATA[
._crit_edge1.0_ifconv:16  %nodes_0_edge_end_lo = load i64* %nodes_0_edge_end_ad, align 8

]]></Node>
<StgValue><ssdm name="nodes_0_edge_end_lo"/></StgValue>
</operation>

<operation id="71" st_id="3" stage="1" lat="1">
<core>NULL</core>
<MemPortIdVec></MemPortIdVec>
<condition id="-1">
<or_exp><and_exp></and_exp></or_exp>
</condition>

<Node id="69" bw="8" op_0_bw="8" op_1_bw="64" op_2_bw="64">
<![CDATA[
._crit_edge1.0_ifconv:18  %level_addr_1 = getelementptr [256 x i8]* %level, i64 0, i64 %queue_load

]]></Node>
<StgValue><ssdm name="level_addr_1"/></StgValue>
</operation>
</state>

<state id="4" st_id="4">

<operation id="72" st_id="4" stage="1" lat="1">
<core>NULL</core>
<MemPortIdVec></MemPortIdVec>
<condition id="-1">
<or_exp><and_exp></and_exp></or_exp>
</condition>

<Node id="53" bw="8" op_0_bw="8" op_1_bw="8">
<![CDATA[
._crit_edge1.0_ifconv:2  %or_ln38 = or i8 %q_out_0_0, 1

]]></Node>
<StgValue><ssdm name="or_ln38"/></StgValue>
</operation>

<operation id="73" st_id="4" stage="1" lat="1">
<core>NULL</core>
<MemPortIdVec></MemPortIdVec>
<condition id="-1">
<or_exp><and_exp></and_exp></or_exp>
</condition>

<Node id="54" bw="9" op_0_bw="8">
<![CDATA[
._crit_edge1.0_ifconv:3  %zext_ln38 = zext i8 %or_ln38 to i9

]]></Node>
<StgValue><ssdm name="zext_ln38"/></StgValue>
</operation>

<operation id="74" st_id="4" stage="1" lat="1">
<core>NULL</core>
<MemPortIdVec></MemPortIdVec>
<condition id="-1">
<or_exp><and_exp></and_exp></or_exp>
</condition>

<Node id="55" bw="64" op_0_bw="8">
<![CDATA[
._crit_edge1.0_ifconv:4  %zext_ln38_1 = zext i8 %or_ln38 to i64

]]></Node>
<StgValue><ssdm name="zext_ln38_1"/></StgValue>
</operation>

<operation id="75" st_id="4" stage="1" lat="2">
<core>RAM</core>
<MemPortIdVec></MemPortIdVec>
<condition id="-1">
<or_exp><and_exp></and_exp></or_exp>
</condition>

<Node id="61" bw="64" op_0_bw="7">
<![CDATA[
._crit_edge1.0_ifconv:10  %nodes_1_edge_begin_1 = load i64* %nodes_1_edge_begin_s, align 8

]]></Node>
<StgValue><ssdm name="nodes_1_edge_begin_1"/></StgValue>
</operation>

<operation id="76" st_id="4" stage="1" lat="2">
<core>RAM</core>
<MemPortIdVec></MemPortIdVec>
<condition id="-1">
<or_exp><and_exp></and_exp></or_exp>
</condition>

<Node id="62" bw="64" op_0_bw="7">
<![CDATA[
._crit_edge1.0_ifconv:11  %nodes_0_edge_begin_1 = load i64* %nodes_0_edge_begin_s, align 8

]]></Node>
<StgValue><ssdm name="nodes_0_edge_begin_1"/></StgValue>
</operation>

<operation id="77" st_id="4" stage="1" lat="1">
<core>Sel</core>
<MemPortIdVec></MemPortIdVec>
<condition id="-1">
<or_exp><and_exp></and_exp></or_exp>
</condition>

<Node id="63" bw="64" op_0_bw="1" op_1_bw="64" op_2_bw="64">
<![CDATA[
._crit_edge1.0_ifconv:12  %select_ln39 = select i1 %trunc_ln39, i64 %nodes_1_edge_begin_1, i64 %nodes_0_edge_begin_1

]]></Node>
<StgValue><ssdm name="select_ln39"/></StgValue>
</operation>

<operation id="78" st_id="4" stage="1" lat="2">
<core>RAM</core>
<MemPortIdVec></MemPortIdVec>
<condition id="-1">
<or_exp><and_exp></and_exp></or_exp>
</condition>

<Node id="66" bw="64" op_0_bw="7">
<![CDATA[
._crit_edge1.0_ifconv:15  %nodes_1_edge_end_lo = load i64* %nodes_1_edge_end_ad, align 8

]]></Node>
<StgValue><ssdm name="nodes_1_edge_end_lo"/></StgValue>
</operation>

<operation id="79" st_id="4" stage="1" lat="2">
<core>RAM</core>
<MemPortIdVec></MemPortIdVec>
<condition id="-1">
<or_exp><and_exp></and_exp></or_exp>
</condition>

<Node id="67" bw="64" op_0_bw="7">
<![CDATA[
._crit_edge1.0_ifconv:16  %nodes_0_edge_end_lo = load i64* %nodes_0_edge_end_ad, align 8

]]></Node>
<StgValue><ssdm name="nodes_0_edge_end_lo"/></StgValue>
</operation>

<operation id="80" st_id="4" stage="1" lat="1">
<core>Sel</core>
<MemPortIdVec></MemPortIdVec>
<condition id="-1">
<or_exp><and_exp></and_exp></or_exp>
</condition>

<Node id="68" bw="64" op_0_bw="1" op_1_bw="64" op_2_bw="64">
<![CDATA[
._crit_edge1.0_ifconv:17  %select_ln39_1 = select i1 %trunc_ln39, i64 %nodes_1_edge_end_lo, i64 %nodes_0_edge_end_lo

]]></Node>
<StgValue><ssdm name="select_ln39_1"/></StgValue>
</operation>

<operation id="81" st_id="4" stage="1" lat="1">
<core>NULL</core>
<MemPortIdVec></MemPortIdVec>
<condition id="-1">
<or_exp><and_exp></and_exp></or_exp>
</condition>

<Node id="70" bw="0" op_0_bw="0">
<![CDATA[
._crit_edge1.0_ifconv:19  br label %2

]]></Node>
<StgValue><ssdm name="br_ln41"/></StgValue>
</operation>
</state>

<state id="5" st_id="5">

<operation id="82" st_id="5" stage="1" lat="1">
<core>NULL</core>
<MemPortIdVec></MemPortIdVec>
<condition id="-1">
<or_exp><and_exp></and_exp></or_exp>
</condition>

<Node id="72" bw="64" op_0_bw="64" op_1_bw="0" op_2_bw="64" op_3_bw="0">
<![CDATA[
:0  %q_in_1_0 = phi i64 [ %q_in_0_0, %._crit_edge1.0_ifconv ], [ %q_in_2_0, %loop_neighbors_end ]

]]></Node>
<StgValue><ssdm name="q_in_1_0"/></StgValue>
</operation>

<operation id="83" st_id="5" stage="1" lat="1">
<core>NULL</core>
<MemPortIdVec></MemPortIdVec>
<condition id="-1">
<or_exp><and_exp></and_exp></or_exp>
</condition>

<Node id="73" bw="64" op_0_bw="64" op_1_bw="0" op_2_bw="64" op_3_bw="0">
<![CDATA[
:1  %e_0_0 = phi i64 [ %select_ln39, %._crit_edge1.0_ifconv ], [ %add_ln41, %loop_neighbors_end ]

]]></Node>
<StgValue><ssdm name="e_0_0"/></StgValue>
</operation>

<operation id="84" st_id="5" stage="1" lat="1">
<core>Cmp</core>
<MemPortIdVec></MemPortIdVec>
<condition id="-1">
<or_exp><and_exp></and_exp></or_exp>
</condition>

<Node id="74" bw="1" op_0_bw="64" op_1_bw="64">
<![CDATA[
:2  %icmp_ln41 = icmp ult i64 %e_0_0, %select_ln39_1

]]></Node>
<StgValue><ssdm name="icmp_ln41"/></StgValue>
</operation>

<operation id="85" st_id="5" stage="1" lat="1">
<core>NULL</core>
<MemPortIdVec></MemPortIdVec>
<condition id="-1">
<or_exp><and_exp></and_exp></or_exp>
</condition>

<Node id="75" bw="0" op_0_bw="1" op_1_bw="0" op_2_bw="0">
<![CDATA[
:3  br i1 %icmp_ln41, label %loop_neighbors_begin, label %loop_queue

]]></Node>
<StgValue><ssdm name="br_ln41"/></StgValue>
</operation>

<operation id="86" st_id="5" stage="1" lat="1">
<core>NULL</core>
<MemPortIdVec></MemPortIdVec>
<condition id="-1">
<or_exp><and_exp><literal name="icmp_ln41" val="1"/>
</and_exp></or_exp>
</condition>

<Node id="80" bw="12" op_0_bw="64" op_1_bw="64" op_2_bw="64">
<![CDATA[
loop_neighbors_begin:3  %edges_dst_addr = getelementptr [4096 x i64]* %edges_dst, i64 0, i64 %e_0_0

]]></Node>
<StgValue><ssdm name="edges_dst_addr"/></StgValue>
</operation>

<operation id="87" st_id="5" stage="2" lat="2">
<core>RAM_1P_BRAM</core>
<MemPortIdVec></MemPortIdVec>
<condition id="-1">
<or_exp><and_exp><literal name="icmp_ln41" val="1"/>
</and_exp></or_exp>
</condition>

<Node id="81" bw="64" op_0_bw="12">
<![CDATA[
loop_neighbors_begin:4  %edges_dst_load = load i64* %edges_dst_addr, align 8

]]></Node>
<StgValue><ssdm name="edges_dst_load"/></StgValue>
</operation>
</state>

<state id="6" st_id="6">

<operation id="88" st_id="6" stage="1" lat="2">
<core>RAM_1P_BRAM</core>
<MemPortIdVec></MemPortIdVec>
<condition id="-1">
<or_exp><and_exp><literal name="icmp_ln41" val="1"/>
</and_exp></or_exp>
</condition>

<Node id="81" bw="64" op_0_bw="12">
<![CDATA[
loop_neighbors_begin:4  %edges_dst_load = load i64* %edges_dst_addr, align 8

]]></Node>
<StgValue><ssdm name="edges_dst_load"/></StgValue>
</operation>

<operation id="89" st_id="6" stage="1" lat="1">
<core>NULL</core>
<MemPortIdVec></MemPortIdVec>
<condition id="-1">
<or_exp><and_exp><literal name="icmp_ln41" val="1"/>
</and_exp></or_exp>
</condition>

<Node id="82" bw="8" op_0_bw="8" op_1_bw="64" op_2_bw="64">
<![CDATA[
loop_neighbors_begin:5  %level_addr_2 = getelementptr [256 x i8]* %level, i64 0, i64 %edges_dst_load

]]></Node>
<StgValue><ssdm name="level_addr_2"/></StgValue>
</operation>

<operation id="90" st_id="6" stage="2" lat="2">
<core>RAM_1P_BRAM</core>
<MemPortIdVec></MemPortIdVec>
<condition id="-1">
<or_exp><and_exp><literal name="icmp_ln41" val="1"/>
</and_exp></or_exp>
</condition>

<Node id="83" bw="8" op_0_bw="8">
<![CDATA[
loop_neighbors_begin:6  %level_load = load i8* %level_addr_2, align 1

]]></Node>
<StgValue><ssdm name="level_load"/></StgValue>
</operation>
</state>

<state id="7" st_id="7">

<operation id="91" st_id="7" stage="1" lat="1">
<core>NULL</core>
<MemPortIdVec></MemPortIdVec>
<condition id="-1">
<or_exp><and_exp><literal name="icmp_ln41" val="1"/>
</and_exp></or_exp>
</condition>

<Node id="77" bw="0" op_0_bw="0" op_1_bw="0">
<![CDATA[
loop_neighbors_begin:0  call void (...)* @_ssdm_op_SpecLoopName([15 x i8]* @p_str4) nounwind

]]></Node>
<StgValue><ssdm name="specloopname_ln41"/></StgValue>
</operation>

<operation id="92" st_id="7" stage="1" lat="1">
<core>NULL</core>
<MemPortIdVec></MemPortIdVec>
<condition id="-1">
<or_exp><and_exp><literal name="icmp_ln41" val="1"/>
</and_exp></or_exp>
</condition>

<Node id="78" bw="32" op_0_bw="32" op_1_bw="0">
<![CDATA[
loop_neighbors_begin:1  %tmp_1 = call i32 (...)* @_ssdm_op_SpecRegionBegin([15 x i8]* @p_str4)

]]></Node>
<StgValue><ssdm name="tmp_1"/></StgValue>
</operation>

<operation id="93" st_id="7" stage="1" lat="1">
<core>NULL</core>
<MemPortIdVec></MemPortIdVec>
<condition id="-1">
<or_exp><and_exp><literal name="icmp_ln41" val="1"/>
</and_exp></or_exp>
</condition>

<Node id="79" bw="0" op_0_bw="0" op_1_bw="32" op_2_bw="32" op_3_bw="32" op_4_bw="32" op_5_bw="0">
<![CDATA[
loop_neighbors_begin:2  call void (...)* @_ssdm_op_SpecPipeline(i32 -1, i32 1, i32 1, i32 0, [1 x i8]* @p_str1) nounwind

]]></Node>
<StgValue><ssdm name="specpipeline_ln42"/></StgValue>
</operation>

<operation id="94" st_id="7" stage="1" lat="2">
<core>RAM_1P_BRAM</core>
<MemPortIdVec></MemPortIdVec>
<condition id="-1">
<or_exp><and_exp><literal name="icmp_ln41" val="1"/>
</and_exp></or_exp>
</condition>

<Node id="83" bw="8" op_0_bw="8">
<![CDATA[
loop_neighbors_begin:6  %level_load = load i8* %level_addr_2, align 1

]]></Node>
<StgValue><ssdm name="level_load"/></StgValue>
</operation>

<operation id="95" st_id="7" stage="1" lat="1">
<core>Cmp</core>
<MemPortIdVec></MemPortIdVec>
<condition id="-1">
<or_exp><and_exp><literal name="icmp_ln41" val="1"/>
</and_exp></or_exp>
</condition>

<Node id="84" bw="1" op_0_bw="8" op_1_bw="8">
<![CDATA[
loop_neighbors_begin:7  %icmp_ln45 = icmp eq i8 %level_load, 127

]]></Node>
<StgValue><ssdm name="icmp_ln45"/></StgValue>
</operation>

<operation id="96" st_id="7" stage="1" lat="1">
<core>NULL</core>
<MemPortIdVec></MemPortIdVec>
<condition id="-1">
<or_exp><and_exp><literal name="icmp_ln41" val="1"/>
</and_exp></or_exp>
</condition>

<Node id="85" bw="0" op_0_bw="1" op_1_bw="0" op_2_bw="0">
<![CDATA[
loop_neighbors_begin:8  br i1 %icmp_ln45, label %_ifconv, label %loop_neighbors_end

]]></Node>
<StgValue><ssdm name="br_ln45"/></StgValue>
</operation>

<operation id="97" st_id="7" stage="2" lat="2">
<core>RAM_1P_BRAM</core>
<MemPortIdVec></MemPortIdVec>
<condition id="-1">
<or_exp><and_exp><literal name="icmp_ln41" val="1"/>
<literal name="icmp_ln45" val="1"/>
</and_exp></or_exp>
</condition>

<Node id="87" bw="8" op_0_bw="8">
<![CDATA[
_ifconv:0  %level_load_2 = load i8* %level_addr_1, align 1

]]></Node>
<StgValue><ssdm name="level_load_2"/></StgValue>
</operation>

<operation id="98" st_id="7" stage="1" lat="1">
<core>Cmp</core>
<MemPortIdVec></MemPortIdVec>
<condition id="-1">
<or_exp><and_exp><literal name="icmp_ln41" val="1"/>
<literal name="icmp_ln45" val="1"/>
</and_exp></or_exp>
</condition>

<Node id="107" bw="1" op_0_bw="64" op_1_bw="64">
<![CDATA[
:0  %icmp_ln49 = icmp eq i64 %q_in_1_0, 0

]]></Node>
<StgValue><ssdm name="icmp_ln49"/></StgValue>
</operation>

<operation id="99" st_id="7" stage="1" lat="1">
<core>AddSub</core>
<MemPortIdVec></MemPortIdVec>
<condition id="-1">
<or_exp><and_exp><literal name="icmp_ln41" val="1"/>
<literal name="icmp_ln45" val="1"/>
</and_exp></or_exp>
</condition>

<Node id="108" bw="64" op_0_bw="64" op_1_bw="64">
<![CDATA[
:1  %add_ln49 = add i64 -1, %q_in_1_0

]]></Node>
<StgValue><ssdm name="add_ln49"/></StgValue>
</operation>

<operation id="100" st_id="7" stage="1" lat="1">
<core>Sel</core>
<MemPortIdVec></MemPortIdVec>
<condition id="-1">
<or_exp><and_exp><literal name="icmp_ln41" val="1"/>
<literal name="icmp_ln45" val="1"/>
</and_exp></or_exp>
</condition>

<Node id="109" bw="64" op_0_bw="1" op_1_bw="64" op_2_bw="64">
<![CDATA[
:2  %select_ln49 = select i1 %icmp_ln49, i64 255, i64 %add_ln49

]]></Node>
<StgValue><ssdm name="select_ln49"/></StgValue>
</operation>

<operation id="101" st_id="7" stage="1" lat="1">
<core>NULL</core>
<MemPortIdVec></MemPortIdVec>
<condition id="-1">
<or_exp><and_exp><literal name="icmp_ln41" val="1"/>
<literal name="icmp_ln45" val="1"/>
</and_exp></or_exp>
</condition>

<Node id="110" bw="8" op_0_bw="64" op_1_bw="64" op_2_bw="64">
<![CDATA[
:3  %queue_addr_3 = getelementptr inbounds [256 x i64]* %queue, i64 0, i64 %select_ln49

]]></Node>
<StgValue><ssdm name="queue_addr_3"/></StgValue>
</operation>

<operation id="102" st_id="7" stage="1" lat="1">
<core>RAM</core>
<MemPortIdVec></MemPortIdVec>
<condition id="-1">
<or_exp><and_exp><literal name="icmp_ln41" val="1"/>
<literal name="icmp_ln45" val="1"/>
</and_exp></or_exp>
</condition>

<Node id="111" bw="0" op_0_bw="64" op_1_bw="8">
<![CDATA[
:4  store i64 %edges_dst_load, i64* %queue_addr_3, align 8

]]></Node>
<StgValue><ssdm name="store_ln49"/></StgValue>
</operation>

<operation id="103" st_id="7" stage="1" lat="1">
<core>NULL</core>
<MemPortIdVec></MemPortIdVec>
<condition id="-1">
<or_exp><and_exp><literal name="icmp_ln41" val="1"/>
<literal name="icmp_ln45" val="1"/>
</and_exp></or_exp>
</condition>

<Node id="112" bw="8" op_0_bw="64">
<![CDATA[
:5  %trunc_ln49 = trunc i64 %q_in_1_0 to i8

]]></Node>
<StgValue><ssdm name="trunc_ln49"/></StgValue>
</operation>

<operation id="104" st_id="7" stage="1" lat="1">
<core>AddSub</core>
<MemPortIdVec></MemPortIdVec>
<condition id="-1">
<or_exp><and_exp><literal name="icmp_ln41" val="1"/>
<literal name="icmp_ln45" val="1"/>
</and_exp></or_exp>
</condition>

<Node id="113" bw="8" op_0_bw="8" op_1_bw="8">
<![CDATA[
:6  %add_ln49_1 = add i8 1, %trunc_ln49

]]></Node>
<StgValue><ssdm name="add_ln49_1"/></StgValue>
</operation>

<operation id="105" st_id="7" stage="1" lat="1">
<core>NULL</core>
<MemPortIdVec></MemPortIdVec>
<condition id="-1">
<or_exp><and_exp><literal name="icmp_ln41" val="1"/>
<literal name="icmp_ln45" val="1"/>
</and_exp></or_exp>
</condition>

<Node id="114" bw="64" op_0_bw="8">
<![CDATA[
:7  %zext_ln49 = zext i8 %add_ln49_1 to i64

]]></Node>
<StgValue><ssdm name="zext_ln49"/></StgValue>
</operation>

<operation id="106" st_id="7" stage="1" lat="1">
<core>NULL</core>
<MemPortIdVec></MemPortIdVec>
<condition id="-1">
<or_exp><and_exp><literal name="icmp_ln41" val="1"/>
<literal name="icmp_ln45" val="1"/>
</and_exp></or_exp>
</condition>

<Node id="115" bw="0" op_0_bw="0">
<![CDATA[
:8  br label %loop_neighbors_end

]]></Node>
<StgValue><ssdm name="br_ln50"/></StgValue>
</operation>

<operation id="107" st_id="7" stage="1" lat="1">
<core>NULL</core>
<MemPortIdVec></MemPortIdVec>
<condition id="-1">
<or_exp><and_exp><literal name="icmp_ln41" val="1"/>
</and_exp></or_exp>
</condition>

<Node id="117" bw="64" op_0_bw="64" op_1_bw="0" op_2_bw="64" op_3_bw="0">
<![CDATA[
loop_neighbors_end:0  %q_in_2_0 = phi i64 [ %zext_ln49, %4 ], [ %q_in_1_0, %loop_neighbors_begin ]

]]></Node>
<StgValue><ssdm name="q_in_2_0"/></StgValue>
</operation>

<operation id="108" st_id="7" stage="1" lat="1">
<core>NULL</core>
<MemPortIdVec></MemPortIdVec>
<condition id="-1">
<or_exp><and_exp><literal name="icmp_ln41" val="1"/>
</and_exp></or_exp>
</condition>

<Node id="118" bw="32" op_0_bw="32" op_1_bw="0" op_2_bw="32">
<![CDATA[
loop_neighbors_end:1  %empty_8 = call i32 (...)* @_ssdm_op_SpecRegionEnd([15 x i8]* @p_str4, i32 %tmp_1)

]]></Node>
<StgValue><ssdm name="empty_8"/></StgValue>
</operation>

<operation id="109" st_id="7" stage="1" lat="1">
<core>AddSub</core>
<MemPortIdVec></MemPortIdVec>
<condition id="-1">
<or_exp><and_exp><literal name="icmp_ln41" val="1"/>
</and_exp></or_exp>
</condition>

<Node id="119" bw="64" op_0_bw="64" op_1_bw="64">
<![CDATA[
loop_neighbors_end:2  %add_ln41 = add i64 %e_0_0, 1

]]></Node>
<StgValue><ssdm name="add_ln41"/></StgValue>
</operation>

<operation id="110" st_id="7" stage="1" lat="1">
<core>NULL</core>
<MemPortIdVec></MemPortIdVec>
<condition id="-1">
<or_exp><and_exp><literal name="icmp_ln41" val="1"/>
</and_exp></or_exp>
</condition>

<Node id="120" bw="0" op_0_bw="0">
<![CDATA[
loop_neighbors_end:3  br label %2

]]></Node>
<StgValue><ssdm name="br_ln41"/></StgValue>
</operation>
</state>

<state id="8" st_id="8">

<operation id="111" st_id="8" stage="1" lat="2">
<core>RAM_1P_BRAM</core>
<MemPortIdVec></MemPortIdVec>
<condition id="-1">
<or_exp><and_exp><literal name="icmp_ln45" val="1"/>
</and_exp></or_exp>
</condition>

<Node id="87" bw="8" op_0_bw="8">
<![CDATA[
_ifconv:0  %level_load_2 = load i8* %level_addr_1, align 1

]]></Node>
<StgValue><ssdm name="level_load_2"/></StgValue>
</operation>

<operation id="112" st_id="8" stage="1" lat="1">
<core>AddSub</core>
<MemPortIdVec></MemPortIdVec>
<condition id="-1">
<or_exp><and_exp><literal name="icmp_ln45" val="1"/>
</and_exp></or_exp>
</condition>

<Node id="88" bw="8" op_0_bw="8" op_1_bw="8">
<![CDATA[
_ifconv:1  %add_ln46 = add i8 1, %level_load_2

]]></Node>
<StgValue><ssdm name="add_ln46"/></StgValue>
</operation>

<operation id="113" st_id="8" stage="1" lat="1">
<core>RAM_1P_BRAM</core>
<MemPortIdVec></MemPortIdVec>
<condition id="-1">
<or_exp><and_exp><literal name="icmp_ln45" val="1"/>
</and_exp></or_exp>
</condition>

<Node id="89" bw="0" op_0_bw="8" op_1_bw="8" op_2_bw="8" op_3_bw="8">
<![CDATA[
_ifconv:2  store i8 %add_ln46, i8* %level_addr_2, align 1

]]></Node>
<StgValue><ssdm name="store_ln47"/></StgValue>
</operation>

<operation id="114" st_id="8" stage="1" lat="1">
<core>NULL</core>
<MemPortIdVec></MemPortIdVec>
<condition id="-1">
<or_exp><and_exp><literal name="icmp_ln45" val="1"/>
</and_exp></or_exp>
</condition>

<Node id="90" bw="1" op_0_bw="8">
<![CDATA[
_ifconv:3  %trunc_ln48 = trunc i8 %level_load_2 to i1

]]></Node>
<StgValue><ssdm name="trunc_ln48"/></StgValue>
</operation>

<operation id="115" st_id="8" stage="1" lat="1">
<core>NULL</core>
<MemPortIdVec></MemPortIdVec>
<condition id="-1">
<or_exp><and_exp><literal name="icmp_ln45" val="1"/>
</and_exp></or_exp>
</condition>

<Node id="91" bw="7" op_0_bw="7" op_1_bw="8" op_2_bw="32" op_3_bw="32">
<![CDATA[
_ifconv:4  %lshr_ln1 = call i7 @_ssdm_op_PartSelect.i7.i8.i32.i32(i8 %add_ln46, i32 1, i32 7)

]]></Node>
<StgValue><ssdm name="lshr_ln1"/></StgValue>
</operation>

<operation id="116" st_id="8" stage="1" lat="1">
<core>NULL</core>
<MemPortIdVec></MemPortIdVec>
<condition id="-1">
<or_exp><and_exp><literal name="icmp_ln45" val="1"/>
</and_exp></or_exp>
</condition>

<Node id="92" bw="64" op_0_bw="7">
<![CDATA[
_ifconv:5  %zext_ln48 = zext i7 %lshr_ln1 to i64

]]></Node>
<StgValue><ssdm name="zext_ln48"/></StgValue>
</operation>

<operation id="117" st_id="8" stage="1" lat="1">
<core>NULL</core>
<MemPortIdVec></MemPortIdVec>
<condition id="-1">
<or_exp><and_exp><literal name="icmp_ln45" val="1"/>
</and_exp></or_exp>
</condition>

<Node id="93" bw="3" op_0_bw="64" op_1_bw="64" op_2_bw="64">
<![CDATA[
_ifconv:6  %level_counts_1_addr = getelementptr [5 x i64]* %level_counts_1, i64 0, i64 %zext_ln48

]]></Node>
<StgValue><ssdm name="level_counts_1_addr"/></StgValue>
</operation>

<operation id="118" st_id="8" stage="1" lat="1">
<core>NULL</core>
<MemPortIdVec></MemPortIdVec>
<condition id="-1">
<or_exp><and_exp><literal name="icmp_ln45" val="1"/>
</and_exp></or_exp>
</condition>

<Node id="94" bw="3" op_0_bw="64" op_1_bw="64" op_2_bw="64">
<![CDATA[
_ifconv:7  %level_counts_0_addr = getelementptr [5 x i64]* %level_counts_0, i64 0, i64 %zext_ln48

]]></Node>
<StgValue><ssdm name="level_counts_0_addr"/></StgValue>
</operation>

<operation id="119" st_id="8" stage="2" lat="2">
<core>RAM</core>
<MemPortIdVec></MemPortIdVec>
<condition id="-1">
<or_exp><and_exp><literal name="icmp_ln45" val="1"/>
</and_exp></or_exp>
</condition>

<Node id="95" bw="64" op_0_bw="3">
<![CDATA[
_ifconv:8  %level_counts_0_load = load i64* %level_counts_0_addr, align 8

]]></Node>
<StgValue><ssdm name="level_counts_0_load"/></StgValue>
</operation>

<operation id="120" st_id="8" stage="2" lat="2">
<core>RAM</core>
<MemPortIdVec></MemPortIdVec>
<condition id="-1">
<or_exp><and_exp><literal name="icmp_ln45" val="1"/>
</and_exp></or_exp>
</condition>

<Node id="96" bw="64" op_0_bw="3">
<![CDATA[
_ifconv:9  %level_counts_1_load = load i64* %level_counts_1_addr, align 8

]]></Node>
<StgValue><ssdm name="level_counts_1_load"/></StgValue>
</operation>
</state>

<state id="9" st_id="9">

<operation id="121" st_id="9" stage="1" lat="2">
<core>RAM</core>
<MemPortIdVec></MemPortIdVec>
<condition id="-1">
<or_exp><and_exp><literal name="icmp_ln45" val="1"/>
</and_exp></or_exp>
</condition>

<Node id="95" bw="64" op_0_bw="3">
<![CDATA[
_ifconv:8  %level_counts_0_load = load i64* %level_counts_0_addr, align 8

]]></Node>
<StgValue><ssdm name="level_counts_0_load"/></StgValue>
</operation>

<operation id="122" st_id="9" stage="1" lat="2">
<core>RAM</core>
<MemPortIdVec></MemPortIdVec>
<condition id="-1">
<or_exp><and_exp><literal name="icmp_ln45" val="1"/>
</and_exp></or_exp>
</condition>

<Node id="96" bw="64" op_0_bw="3">
<![CDATA[
_ifconv:9  %level_counts_1_load = load i64* %level_counts_1_addr, align 8

]]></Node>
<StgValue><ssdm name="level_counts_1_load"/></StgValue>
</operation>

<operation id="123" st_id="9" stage="1" lat="1">
<core>Sel</core>
<MemPortIdVec></MemPortIdVec>
<condition id="-1">
<or_exp><and_exp><literal name="icmp_ln45" val="1"/>
</and_exp></or_exp>
</condition>

<Node id="97" bw="64" op_0_bw="1" op_1_bw="64" op_2_bw="64">
<![CDATA[
_ifconv:10  %select_ln48 = select i1 %trunc_ln48, i64 %level_counts_0_load, i64 %level_counts_1_load

]]></Node>
<StgValue><ssdm name="select_ln48"/></StgValue>
</operation>

<operation id="124" st_id="9" stage="1" lat="1">
<core>AddSub</core>
<MemPortIdVec></MemPortIdVec>
<condition id="-1">
<or_exp><and_exp><literal name="icmp_ln45" val="1"/>
</and_exp></or_exp>
</condition>

<Node id="98" bw="64" op_0_bw="64" op_1_bw="64">
<![CDATA[
_ifconv:11  %add_ln48 = add i64 1, %select_ln48

]]></Node>
<StgValue><ssdm name="add_ln48"/></StgValue>
</operation>

<operation id="125" st_id="9" stage="1" lat="1">
<core>NULL</core>
<MemPortIdVec></MemPortIdVec>
<condition id="-1">
<or_exp><and_exp><literal name="icmp_ln45" val="1"/>
</and_exp></or_exp>
</condition>

<Node id="99" bw="0" op_0_bw="1" op_1_bw="0" op_2_bw="0">
<![CDATA[
_ifconv:12  br i1 %trunc_ln48, label %branch5, label %branch4

]]></Node>
<StgValue><ssdm name="br_ln48"/></StgValue>
</operation>

<operation id="126" st_id="9" stage="1" lat="1">
<core>RAM</core>
<MemPortIdVec></MemPortIdVec>
<condition id="-1">
<or_exp><and_exp><literal name="icmp_ln45" val="1"/>
<literal name="trunc_ln48" val="0"/>
</and_exp></or_exp>
</condition>

<Node id="101" bw="0" op_0_bw="64" op_1_bw="3" op_2_bw="64">
<![CDATA[
branch4:0  store i64 %add_ln48, i64* %level_counts_1_addr, align 8

]]></Node>
<StgValue><ssdm name="store_ln48"/></StgValue>
</operation>

<operation id="127" st_id="9" stage="1" lat="1">
<core>NULL</core>
<MemPortIdVec></MemPortIdVec>
<condition id="-1">
<or_exp><and_exp><literal name="icmp_ln45" val="1"/>
<literal name="trunc_ln48" val="0"/>
</and_exp></or_exp>
</condition>

<Node id="102" bw="0" op_0_bw="0">
<![CDATA[
branch4:1  br label %4

]]></Node>
<StgValue><ssdm name="br_ln48"/></StgValue>
</operation>

<operation id="128" st_id="9" stage="1" lat="1">
<core>RAM</core>
<MemPortIdVec></MemPortIdVec>
<condition id="-1">
<or_exp><and_exp><literal name="icmp_ln45" val="1"/>
<literal name="trunc_ln48" val="1"/>
</and_exp></or_exp>
</condition>

<Node id="104" bw="0" op_0_bw="64" op_1_bw="3" op_2_bw="64">
<![CDATA[
branch5:0  store i64 %add_ln48, i64* %level_counts_0_addr, align 8

]]></Node>
<StgValue><ssdm name="store_ln48"/></StgValue>
</operation>

<operation id="129" st_id="9" stage="1" lat="1">
<core>NULL</core>
<MemPortIdVec></MemPortIdVec>
<condition id="-1">
<or_exp><and_exp><literal name="icmp_ln45" val="1"/>
<literal name="trunc_ln48" val="1"/>
</and_exp></or_exp>
</condition>

<Node id="105" bw="0" op_0_bw="0">
<![CDATA[
branch5:1  br label %4

]]></Node>
<StgValue><ssdm name="br_ln48"/></StgValue>
</operation>
</state>

<state id="10" st_id="10">

<operation id="130" st_id="10" stage="1" lat="1">
<core>NULL</core>
<MemPortIdVec></MemPortIdVec>
<condition id="-1">
<or_exp><and_exp><literal name="tmp_4" val="0"/>
<literal name="icmp_ln35_1" val="0"/>
</and_exp><and_exp><literal name="tmp_4" val="0"/>
<literal name="icmp_ln35" val="0"/>
</and_exp></or_exp>
</condition>

<Node id="122" bw="32" op_0_bw="32" op_1_bw="0" op_2_bw="32">
<![CDATA[
loop_queue:0  %empty_7 = call i32 (...)* @_ssdm_op_SpecRegionEnd([11 x i8]* @p_str3, i32 %tmp)

]]></Node>
<StgValue><ssdm name="empty_7"/></StgValue>
</operation>

<operation id="131" st_id="10" stage="1" lat="1">
<core>NULL</core>
<MemPortIdVec></MemPortIdVec>
<condition id="-1">
<or_exp><and_exp><literal name="tmp_4" val="0"/>
<literal name="icmp_ln35_1" val="0"/>
</and_exp><and_exp><literal name="tmp_4" val="0"/>
<literal name="icmp_ln35" val="0"/>
</and_exp></or_exp>
</condition>

<Node id="123" bw="32" op_0_bw="32" op_1_bw="0">
<![CDATA[
loop_queue:1  %tmp_2 = call i32 (...)* @_ssdm_op_SpecRegionBegin([11 x i8]* @p_str3)

]]></Node>
<StgValue><ssdm name="tmp_2"/></StgValue>
</operation>

<operation id="132" st_id="10" stage="1" lat="1">
<core>Cmp</core>
<MemPortIdVec></MemPortIdVec>
<condition id="-1">
<or_exp><and_exp><literal name="tmp_4" val="0"/>
<literal name="icmp_ln35_1" val="0"/>
</and_exp><and_exp><literal name="tmp_4" val="0"/>
<literal name="icmp_ln35" val="0"/>
</and_exp></or_exp>
</condition>

<Node id="124" bw="1" op_0_bw="64" op_1_bw="64">
<![CDATA[
loop_queue:2  %icmp_ln35_2 = icmp ugt i64 %q_in_1_0, %zext_ln38_1

]]></Node>
<StgValue><ssdm name="icmp_ln35_2"/></StgValue>
</operation>

<operation id="133" st_id="10" stage="1" lat="1">
<core>NULL</core>
<MemPortIdVec></MemPortIdVec>
<condition id="-1">
<or_exp><and_exp><literal name="tmp_4" val="0"/>
<literal name="icmp_ln35_1" val="0"/>
</and_exp><and_exp><literal name="tmp_4" val="0"/>
<literal name="icmp_ln35" val="0"/>
</and_exp></or_exp>
</condition>

<Node id="125" bw="0" op_0_bw="1" op_1_bw="0" op_2_bw="0">
<![CDATA[
loop_queue:3  br i1 %icmp_ln35_2, label %6, label %7

]]></Node>
<StgValue><ssdm name="br_ln35"/></StgValue>
</operation>

<operation id="134" st_id="10" stage="1" lat="1">
<core>Cmp</core>
<MemPortIdVec></MemPortIdVec>
<condition id="-1">
<or_exp><and_exp><literal name="tmp_4" val="0"/>
<literal name="icmp_ln35_1" val="0"/>
<literal name="icmp_ln35_2" val="0"/>
</and_exp><and_exp><literal name="tmp_4" val="0"/>
<literal name="icmp_ln35" val="0"/>
<literal name="icmp_ln35_2" val="0"/>
</and_exp></or_exp>
</condition>

<Node id="127" bw="1" op_0_bw="64" op_1_bw="64">
<![CDATA[
:0  %icmp_ln35_4 = icmp eq i64 %q_in_1_0, 0

]]></Node>
<StgValue><ssdm name="icmp_ln35_4"/></StgValue>
</operation>

<operation id="135" st_id="10" stage="1" lat="1">
<core>Cmp</core>
<MemPortIdVec></MemPortIdVec>
<condition id="-1">
<or_exp><and_exp><literal name="tmp_4" val="0"/>
<literal name="icmp_ln35_1" val="0"/>
<literal name="icmp_ln35_2" val="0"/>
</and_exp><and_exp><literal name="tmp_4" val="0"/>
<literal name="icmp_ln35" val="0"/>
<literal name="icmp_ln35_2" val="0"/>
</and_exp></or_exp>
</condition>

<Node id="128" bw="1" op_0_bw="8" op_1_bw="8">
<![CDATA[
:1  %icmp_ln35_5 = icmp eq i8 %or_ln38, -1

]]></Node>
<StgValue><ssdm name="icmp_ln35_5"/></StgValue>
</operation>

<operation id="136" st_id="10" stage="1" lat="1">
<core>LogicGate</core>
<MemPortIdVec></MemPortIdVec>
<condition id="-1">
<or_exp><and_exp><literal name="tmp_4" val="0"/>
<literal name="icmp_ln35_1" val="0"/>
<literal name="icmp_ln35_2" val="0"/>
</and_exp><and_exp><literal name="tmp_4" val="0"/>
<literal name="icmp_ln35" val="0"/>
<literal name="icmp_ln35_2" val="0"/>
</and_exp></or_exp>
</condition>

<Node id="129" bw="1" op_0_bw="1" op_1_bw="1">
<![CDATA[
:2  %and_ln35 = and i1 %icmp_ln35_4, %icmp_ln35_5

]]></Node>
<StgValue><ssdm name="and_ln35"/></StgValue>
</operation>

<operation id="137" st_id="10" stage="1" lat="1">
<core>NULL</core>
<MemPortIdVec></MemPortIdVec>
<condition id="-1">
<or_exp><and_exp><literal name="tmp_4" val="0"/>
<literal name="icmp_ln35_1" val="0"/>
<literal name="icmp_ln35_2" val="0"/>
</and_exp><and_exp><literal name="tmp_4" val="0"/>
<literal name="icmp_ln35" val="0"/>
<literal name="icmp_ln35_2" val="0"/>
</and_exp></or_exp>
</condition>

<Node id="130" bw="0" op_0_bw="1" op_1_bw="0" op_2_bw="0">
<![CDATA[
:3  br i1 %and_ln35, label %._crit_edge, label %._crit_edge1.1_ifconv

]]></Node>
<StgValue><ssdm name="br_ln35"/></StgValue>
</operation>

<operation id="138" st_id="10" stage="1" lat="1">
<core>AddSub</core>
<MemPortIdVec></MemPortIdVec>
<condition id="-1">
<or_exp><and_exp><literal name="tmp_4" val="0"/>
<literal name="icmp_ln35_1" val="0"/>
<literal name="icmp_ln35_2" val="1"/>
</and_exp><and_exp><literal name="tmp_4" val="0"/>
<literal name="icmp_ln35" val="0"/>
<literal name="icmp_ln35_2" val="1"/>
</and_exp></or_exp>
</condition>

<Node id="132" bw="9" op_0_bw="9" op_1_bw="9">
<![CDATA[
:0  %add_ln35 = add i9 %zext_ln38, 1

]]></Node>
<StgValue><ssdm name="add_ln35"/></StgValue>
</operation>

<operation id="139" st_id="10" stage="1" lat="1">
<core>NULL</core>
<MemPortIdVec></MemPortIdVec>
<condition id="-1">
<or_exp><and_exp><literal name="tmp_4" val="0"/>
<literal name="icmp_ln35_1" val="0"/>
<literal name="icmp_ln35_2" val="1"/>
</and_exp><and_exp><literal name="tmp_4" val="0"/>
<literal name="icmp_ln35" val="0"/>
<literal name="icmp_ln35_2" val="1"/>
</and_exp></or_exp>
</condition>

<Node id="133" bw="64" op_0_bw="9">
<![CDATA[
:1  %zext_ln35_1 = zext i9 %add_ln35 to i64

]]></Node>
<StgValue><ssdm name="zext_ln35_1"/></StgValue>
</operation>

<operation id="140" st_id="10" stage="1" lat="1">
<core>Cmp</core>
<MemPortIdVec></MemPortIdVec>
<condition id="-1">
<or_exp><and_exp><literal name="tmp_4" val="0"/>
<literal name="icmp_ln35_1" val="0"/>
<literal name="icmp_ln35_2" val="1"/>
</and_exp><and_exp><literal name="tmp_4" val="0"/>
<literal name="icmp_ln35" val="0"/>
<literal name="icmp_ln35_2" val="1"/>
</and_exp></or_exp>
</condition>

<Node id="134" bw="1" op_0_bw="64" op_1_bw="64">
<![CDATA[
:2  %icmp_ln35_3 = icmp eq i64 %q_in_1_0, %zext_ln35_1

]]></Node>
<StgValue><ssdm name="icmp_ln35_3"/></StgValue>
</operation>

<operation id="141" st_id="10" stage="1" lat="1">
<core>NULL</core>
<MemPortIdVec></MemPortIdVec>
<condition id="-1">
<or_exp><and_exp><literal name="tmp_4" val="0"/>
<literal name="icmp_ln35_1" val="0"/>
<literal name="icmp_ln35_2" val="1"/>
</and_exp><and_exp><literal name="tmp_4" val="0"/>
<literal name="icmp_ln35" val="0"/>
<literal name="icmp_ln35_2" val="1"/>
</and_exp></or_exp>
</condition>

<Node id="135" bw="0" op_0_bw="1" op_1_bw="0" op_2_bw="0">
<![CDATA[
:3  br i1 %icmp_ln35_3, label %._crit_edge, label %._crit_edge1.1_ifconv

]]></Node>
<StgValue><ssdm name="br_ln35"/></StgValue>
</operation>

<operation id="142" st_id="10" stage="1" lat="1">
<core>NULL</core>
<MemPortIdVec></MemPortIdVec>
<condition id="-1">
<or_exp><and_exp><literal name="tmp_4" val="0"/>
<literal name="icmp_ln35_1" val="0"/>
<literal name="icmp_ln35_2" val="1"/>
<literal name="icmp_ln35_3" val="0"/>
</and_exp><and_exp><literal name="tmp_4" val="0"/>
<literal name="icmp_ln35_1" val="0"/>
<literal name="icmp_ln35_2" val="0"/>
<literal name="and_ln35" val="0"/>
</and_exp><and_exp><literal name="tmp_4" val="0"/>
<literal name="icmp_ln35" val="0"/>
<literal name="icmp_ln35_2" val="1"/>
<literal name="icmp_ln35_3" val="0"/>
</and_exp><and_exp><literal name="tmp_4" val="0"/>
<literal name="icmp_ln35" val="0"/>
<literal name="icmp_ln35_2" val="0"/>
<literal name="and_ln35" val="0"/>
</and_exp></or_exp>
</condition>

<Node id="137" bw="8" op_0_bw="64" op_1_bw="64" op_2_bw="64">
<![CDATA[
._crit_edge1.1_ifconv:0  %queue_addr_2 = getelementptr inbounds [256 x i64]* %queue, i64 0, i64 %zext_ln38_1

]]></Node>
<StgValue><ssdm name="queue_addr_2"/></StgValue>
</operation>

<operation id="143" st_id="10" stage="2" lat="2">
<core>RAM</core>
<MemPortIdVec></MemPortIdVec>
<condition id="-1">
<or_exp><and_exp><literal name="tmp_4" val="0"/>
<literal name="icmp_ln35_1" val="0"/>
<literal name="icmp_ln35_2" val="1"/>
<literal name="icmp_ln35_3" val="0"/>
</and_exp><and_exp><literal name="tmp_4" val="0"/>
<literal name="icmp_ln35_1" val="0"/>
<literal name="icmp_ln35_2" val="0"/>
<literal name="and_ln35" val="0"/>
</and_exp><and_exp><literal name="tmp_4" val="0"/>
<literal name="icmp_ln35" val="0"/>
<literal name="icmp_ln35_2" val="1"/>
<literal name="icmp_ln35_3" val="0"/>
</and_exp><and_exp><literal name="tmp_4" val="0"/>
<literal name="icmp_ln35" val="0"/>
<literal name="icmp_ln35_2" val="0"/>
<literal name="and_ln35" val="0"/>
</and_exp></or_exp>
</condition>

<Node id="138" bw="64" op_0_bw="8">
<![CDATA[
._crit_edge1.1_ifconv:1  %queue_load_1 = load i64* %queue_addr_2, align 8

]]></Node>
<StgValue><ssdm name="queue_load_1"/></StgValue>
</operation>

<operation id="144" st_id="10" stage="1" lat="1">
<core>AddSub</core>
<MemPortIdVec></MemPortIdVec>
<condition id="-1">
<or_exp><and_exp><literal name="tmp_4" val="0"/>
<literal name="icmp_ln35_1" val="0"/>
<literal name="icmp_ln35_2" val="1"/>
<literal name="icmp_ln35_3" val="0"/>
</and_exp><and_exp><literal name="tmp_4" val="0"/>
<literal name="icmp_ln35_1" val="0"/>
<literal name="icmp_ln35_2" val="0"/>
<literal name="and_ln35" val="0"/>
</and_exp><and_exp><literal name="tmp_4" val="0"/>
<literal name="icmp_ln35" val="0"/>
<literal name="icmp_ln35_2" val="1"/>
<literal name="icmp_ln35_3" val="0"/>
</and_exp><and_exp><literal name="tmp_4" val="0"/>
<literal name="icmp_ln35" val="0"/>
<literal name="icmp_ln35_2" val="0"/>
<literal name="and_ln35" val="0"/>
</and_exp></or_exp>
</condition>

<Node id="139" bw="8" op_0_bw="8" op_1_bw="8">
<![CDATA[
._crit_edge1.1_ifconv:2  %add_ln38 = add i8 2, %q_out_0_0

]]></Node>
<StgValue><ssdm name="add_ln38"/></StgValue>
</operation>

<operation id="145" st_id="10" stage="1" lat="1">
<core>NULL</core>
<MemPortIdVec></MemPortIdVec>
<condition id="-1">
<or_exp><and_exp><literal name="tmp_4" val="0"/>
<literal name="icmp_ln35_2" val="1"/>
<literal name="icmp_ln35_3" val="1"/>
</and_exp><and_exp><literal name="tmp_4" val="0"/>
<literal name="icmp_ln35_2" val="0"/>
<literal name="and_ln35" val="1"/>
</and_exp><and_exp><literal name="tmp_4" val="0"/>
<literal name="icmp_ln35" val="1"/>
<literal name="icmp_ln35_1" val="1"/>
</and_exp></or_exp>
</condition>

<Node id="210" bw="0" op_0_bw="0">
<![CDATA[
._crit_edge:0  br label %.loopexit

]]></Node>
<StgValue><ssdm name="br_ln36"/></StgValue>
</operation>

<operation id="146" st_id="10" stage="1" lat="1">
<core>NULL</core>
<MemPortIdVec></MemPortIdVec>
<condition id="-1">
<or_exp><and_exp><literal name="icmp_ln35_2" val="1"/>
<literal name="icmp_ln35_3" val="1"/>
</and_exp><and_exp><literal name="icmp_ln35_2" val="0"/>
<literal name="and_ln35" val="1"/>
</and_exp><and_exp><literal name="icmp_ln35" val="1"/>
<literal name="icmp_ln35_1" val="1"/>
</and_exp><and_exp><literal name="tmp_4" val="1"/>
</and_exp></or_exp>
</condition>

<Node id="214" bw="0">
<![CDATA[
.loopexit:0  ret void

]]></Node>
<StgValue><ssdm name="ret_ln60"/></StgValue>
</operation>
</state>

<state id="11" st_id="11">

<operation id="147" st_id="11" stage="1" lat="2">
<core>RAM</core>
<MemPortIdVec></MemPortIdVec>
<condition id="-1">
<or_exp><and_exp></and_exp></or_exp>
</condition>

<Node id="138" bw="64" op_0_bw="8">
<![CDATA[
._crit_edge1.1_ifconv:1  %queue_load_1 = load i64* %queue_addr_2, align 8

]]></Node>
<StgValue><ssdm name="queue_load_1"/></StgValue>
</operation>

<operation id="148" st_id="11" stage="1" lat="1">
<core>NULL</core>
<MemPortIdVec></MemPortIdVec>
<condition id="-1">
<or_exp><and_exp></and_exp></or_exp>
</condition>

<Node id="140" bw="1" op_0_bw="64">
<![CDATA[
._crit_edge1.1_ifconv:3  %trunc_ln39_1 = trunc i64 %queue_load_1 to i1

]]></Node>
<StgValue><ssdm name="trunc_ln39_1"/></StgValue>
</operation>

<operation id="149" st_id="11" stage="1" lat="1">
<core>NULL</core>
<MemPortIdVec></MemPortIdVec>
<condition id="-1">
<or_exp><and_exp></and_exp></or_exp>
</condition>

<Node id="141" bw="9" op_0_bw="9" op_1_bw="64" op_2_bw="32" op_3_bw="32">
<![CDATA[
._crit_edge1.1_ifconv:4  %lshr_ln39_1 = call i9 @_ssdm_op_PartSelect.i9.i64.i32.i32(i64 %queue_load_1, i32 1, i32 9)

]]></Node>
<StgValue><ssdm name="lshr_ln39_1"/></StgValue>
</operation>

<operation id="150" st_id="11" stage="1" lat="1">
<core>NULL</core>
<MemPortIdVec></MemPortIdVec>
<condition id="-1">
<or_exp><and_exp></and_exp></or_exp>
</condition>

<Node id="142" bw="64" op_0_bw="9">
<![CDATA[
._crit_edge1.1_ifconv:5  %zext_ln39_1 = zext i9 %lshr_ln39_1 to i64

]]></Node>
<StgValue><ssdm name="zext_ln39_1"/></StgValue>
</operation>

<operation id="151" st_id="11" stage="1" lat="1">
<core>NULL</core>
<MemPortIdVec></MemPortIdVec>
<condition id="-1">
<or_exp><and_exp></and_exp></or_exp>
</condition>

<Node id="143" bw="7" op_0_bw="64" op_1_bw="64" op_2_bw="64">
<![CDATA[
._crit_edge1.1_ifconv:6  %nodes_0_edge_begin_2 = getelementptr [128 x i64]* %nodes_0_edge_begin, i64 0, i64 %zext_ln39_1

]]></Node>
<StgValue><ssdm name="nodes_0_edge_begin_2"/></StgValue>
</operation>

<operation id="152" st_id="11" stage="1" lat="1">
<core>NULL</core>
<MemPortIdVec></MemPortIdVec>
<condition id="-1">
<or_exp><and_exp></and_exp></or_exp>
</condition>

<Node id="144" bw="7" op_0_bw="64" op_1_bw="64" op_2_bw="64">
<![CDATA[
._crit_edge1.1_ifconv:7  %nodes_1_edge_begin_2 = getelementptr [128 x i64]* %nodes_1_edge_begin, i64 0, i64 %zext_ln39_1

]]></Node>
<StgValue><ssdm name="nodes_1_edge_begin_2"/></StgValue>
</operation>

<operation id="153" st_id="11" stage="2" lat="2">
<core>RAM</core>
<MemPortIdVec></MemPortIdVec>
<condition id="-1">
<or_exp><and_exp></and_exp></or_exp>
</condition>

<Node id="145" bw="64" op_0_bw="7">
<![CDATA[
._crit_edge1.1_ifconv:8  %nodes_1_edge_begin_3 = load i64* %nodes_1_edge_begin_2, align 8

]]></Node>
<StgValue><ssdm name="nodes_1_edge_begin_3"/></StgValue>
</operation>

<operation id="154" st_id="11" stage="2" lat="2">
<core>RAM</core>
<MemPortIdVec></MemPortIdVec>
<condition id="-1">
<or_exp><and_exp></and_exp></or_exp>
</condition>

<Node id="146" bw="64" op_0_bw="7">
<![CDATA[
._crit_edge1.1_ifconv:9  %nodes_0_edge_begin_3 = load i64* %nodes_0_edge_begin_2, align 8

]]></Node>
<StgValue><ssdm name="nodes_0_edge_begin_3"/></StgValue>
</operation>

<operation id="155" st_id="11" stage="1" lat="1">
<core>NULL</core>
<MemPortIdVec></MemPortIdVec>
<condition id="-1">
<or_exp><and_exp></and_exp></or_exp>
</condition>

<Node id="148" bw="7" op_0_bw="64" op_1_bw="64" op_2_bw="64">
<![CDATA[
._crit_edge1.1_ifconv:11  %nodes_0_edge_end_ad_1 = getelementptr [128 x i64]* %nodes_0_edge_end, i64 0, i64 %zext_ln39_1

]]></Node>
<StgValue><ssdm name="nodes_0_edge_end_ad_1"/></StgValue>
</operation>

<operation id="156" st_id="11" stage="1" lat="1">
<core>NULL</core>
<MemPortIdVec></MemPortIdVec>
<condition id="-1">
<or_exp><and_exp></and_exp></or_exp>
</condition>

<Node id="149" bw="7" op_0_bw="64" op_1_bw="64" op_2_bw="64">
<![CDATA[
._crit_edge1.1_ifconv:12  %nodes_1_edge_end_ad_1 = getelementptr [128 x i64]* %nodes_1_edge_end, i64 0, i64 %zext_ln39_1

]]></Node>
<StgValue><ssdm name="nodes_1_edge_end_ad_1"/></StgValue>
</operation>

<operation id="157" st_id="11" stage="2" lat="2">
<core>RAM</core>
<MemPortIdVec></MemPortIdVec>
<condition id="-1">
<or_exp><and_exp></and_exp></or_exp>
</condition>

<Node id="150" bw="64" op_0_bw="7">
<![CDATA[
._crit_edge1.1_ifconv:13  %nodes_1_edge_end_lo_1 = load i64* %nodes_1_edge_end_ad_1, align 8

]]></Node>
<StgValue><ssdm name="nodes_1_edge_end_lo_1"/></StgValue>
</operation>

<operation id="158" st_id="11" stage="2" lat="2">
<core>RAM</core>
<MemPortIdVec></MemPortIdVec>
<condition id="-1">
<or_exp><and_exp></and_exp></or_exp>
</condition>

<Node id="151" bw="64" op_0_bw="7">
<![CDATA[
._crit_edge1.1_ifconv:14  %nodes_0_edge_end_lo_1 = load i64* %nodes_0_edge_end_ad_1, align 8

]]></Node>
<StgValue><ssdm name="nodes_0_edge_end_lo_1"/></StgValue>
</operation>

<operation id="159" st_id="11" stage="1" lat="1">
<core>NULL</core>
<MemPortIdVec></MemPortIdVec>
<condition id="-1">
<or_exp><and_exp></and_exp></or_exp>
</condition>

<Node id="153" bw="8" op_0_bw="8" op_1_bw="64" op_2_bw="64">
<![CDATA[
._crit_edge1.1_ifconv:16  %level_addr_3 = getelementptr [256 x i8]* %level, i64 0, i64 %queue_load_1

]]></Node>
<StgValue><ssdm name="level_addr_3"/></StgValue>
</operation>
</state>

<state id="12" st_id="12">

<operation id="160" st_id="12" stage="1" lat="2">
<core>RAM</core>
<MemPortIdVec></MemPortIdVec>
<condition id="-1">
<or_exp><and_exp></and_exp></or_exp>
</condition>

<Node id="145" bw="64" op_0_bw="7">
<![CDATA[
._crit_edge1.1_ifconv:8  %nodes_1_edge_begin_3 = load i64* %nodes_1_edge_begin_2, align 8

]]></Node>
<StgValue><ssdm name="nodes_1_edge_begin_3"/></StgValue>
</operation>

<operation id="161" st_id="12" stage="1" lat="2">
<core>RAM</core>
<MemPortIdVec></MemPortIdVec>
<condition id="-1">
<or_exp><and_exp></and_exp></or_exp>
</condition>

<Node id="146" bw="64" op_0_bw="7">
<![CDATA[
._crit_edge1.1_ifconv:9  %nodes_0_edge_begin_3 = load i64* %nodes_0_edge_begin_2, align 8

]]></Node>
<StgValue><ssdm name="nodes_0_edge_begin_3"/></StgValue>
</operation>

<operation id="162" st_id="12" stage="1" lat="1">
<core>Sel</core>
<MemPortIdVec></MemPortIdVec>
<condition id="-1">
<or_exp><and_exp></and_exp></or_exp>
</condition>

<Node id="147" bw="64" op_0_bw="1" op_1_bw="64" op_2_bw="64">
<![CDATA[
._crit_edge1.1_ifconv:10  %select_ln39_2 = select i1 %trunc_ln39_1, i64 %nodes_1_edge_begin_3, i64 %nodes_0_edge_begin_3

]]></Node>
<StgValue><ssdm name="select_ln39_2"/></StgValue>
</operation>

<operation id="163" st_id="12" stage="1" lat="2">
<core>RAM</core>
<MemPortIdVec></MemPortIdVec>
<condition id="-1">
<or_exp><and_exp></and_exp></or_exp>
</condition>

<Node id="150" bw="64" op_0_bw="7">
<![CDATA[
._crit_edge1.1_ifconv:13  %nodes_1_edge_end_lo_1 = load i64* %nodes_1_edge_end_ad_1, align 8

]]></Node>
<StgValue><ssdm name="nodes_1_edge_end_lo_1"/></StgValue>
</operation>

<operation id="164" st_id="12" stage="1" lat="2">
<core>RAM</core>
<MemPortIdVec></MemPortIdVec>
<condition id="-1">
<or_exp><and_exp></and_exp></or_exp>
</condition>

<Node id="151" bw="64" op_0_bw="7">
<![CDATA[
._crit_edge1.1_ifconv:14  %nodes_0_edge_end_lo_1 = load i64* %nodes_0_edge_end_ad_1, align 8

]]></Node>
<StgValue><ssdm name="nodes_0_edge_end_lo_1"/></StgValue>
</operation>

<operation id="165" st_id="12" stage="1" lat="1">
<core>Sel</core>
<MemPortIdVec></MemPortIdVec>
<condition id="-1">
<or_exp><and_exp></and_exp></or_exp>
</condition>

<Node id="152" bw="64" op_0_bw="1" op_1_bw="64" op_2_bw="64">
<![CDATA[
._crit_edge1.1_ifconv:15  %select_ln39_3 = select i1 %trunc_ln39_1, i64 %nodes_1_edge_end_lo_1, i64 %nodes_0_edge_end_lo_1

]]></Node>
<StgValue><ssdm name="select_ln39_3"/></StgValue>
</operation>

<operation id="166" st_id="12" stage="1" lat="1">
<core>NULL</core>
<MemPortIdVec></MemPortIdVec>
<condition id="-1">
<or_exp><and_exp></and_exp></or_exp>
</condition>

<Node id="154" bw="0" op_0_bw="0">
<![CDATA[
._crit_edge1.1_ifconv:17  br label %5

]]></Node>
<StgValue><ssdm name="br_ln41"/></StgValue>
</operation>
</state>

<state id="13" st_id="13">

<operation id="167" st_id="13" stage="1" lat="1">
<core>NULL</core>
<MemPortIdVec></MemPortIdVec>
<condition id="-1">
<or_exp><and_exp></and_exp></or_exp>
</condition>

<Node id="157" bw="64" op_0_bw="64" op_1_bw="0" op_2_bw="64" op_3_bw="0">
<![CDATA[
:1  %e_0_1 = phi i64 [ %select_ln39_2, %._crit_edge1.1_ifconv ], [ %add_ln41_1, %loop_neighbors_end1 ]

]]></Node>
<StgValue><ssdm name="e_0_1"/></StgValue>
</operation>

<operation id="168" st_id="13" stage="1" lat="1">
<core>Cmp</core>
<MemPortIdVec></MemPortIdVec>
<condition id="-1">
<or_exp><and_exp></and_exp></or_exp>
</condition>

<Node id="158" bw="1" op_0_bw="64" op_1_bw="64">
<![CDATA[
:2  %icmp_ln41_1 = icmp ult i64 %e_0_1, %select_ln39_3

]]></Node>
<StgValue><ssdm name="icmp_ln41_1"/></StgValue>
</operation>

<operation id="169" st_id="13" stage="1" lat="1">
<core>NULL</core>
<MemPortIdVec></MemPortIdVec>
<condition id="-1">
<or_exp><and_exp><literal name="icmp_ln41_1" val="1"/>
</and_exp></or_exp>
</condition>

<Node id="164" bw="12" op_0_bw="64" op_1_bw="64" op_2_bw="64">
<![CDATA[
loop_neighbors_begin1:3  %edges_dst_addr_1 = getelementptr [4096 x i64]* %edges_dst, i64 0, i64 %e_0_1

]]></Node>
<StgValue><ssdm name="edges_dst_addr_1"/></StgValue>
</operation>

<operation id="170" st_id="13" stage="2" lat="2">
<core>RAM_1P_BRAM</core>
<MemPortIdVec></MemPortIdVec>
<condition id="-1">
<or_exp><and_exp><literal name="icmp_ln41_1" val="1"/>
</and_exp></or_exp>
</condition>

<Node id="165" bw="64" op_0_bw="12">
<![CDATA[
loop_neighbors_begin1:4  %edges_dst_load_1 = load i64* %edges_dst_addr_1, align 8

]]></Node>
<StgValue><ssdm name="edges_dst_load_1"/></StgValue>
</operation>
</state>

<state id="14" st_id="14">

<operation id="171" st_id="14" stage="1" lat="1">
<core>NULL</core>
<MemPortIdVec></MemPortIdVec>
<condition id="-1">
<or_exp><and_exp></and_exp></or_exp>
</condition>

<Node id="156" bw="64" op_0_bw="64" op_1_bw="0" op_2_bw="64" op_3_bw="0">
<![CDATA[
:0  %q_in_1_1 = phi i64 [ %q_in_1_0, %._crit_edge1.1_ifconv ], [ %q_in_2_1, %loop_neighbors_end1 ]

]]></Node>
<StgValue><ssdm name="q_in_1_1"/></StgValue>
</operation>

<operation id="172" st_id="14" stage="1" lat="1">
<core>NULL</core>
<MemPortIdVec></MemPortIdVec>
<condition id="-1">
<or_exp><and_exp></and_exp></or_exp>
</condition>

<Node id="159" bw="0" op_0_bw="1" op_1_bw="0" op_2_bw="0">
<![CDATA[
:3  br i1 %icmp_ln41_1, label %loop_neighbors_begin1, label %loop_queue_end

]]></Node>
<StgValue><ssdm name="br_ln41"/></StgValue>
</operation>

<operation id="173" st_id="14" stage="1" lat="2">
<core>RAM_1P_BRAM</core>
<MemPortIdVec></MemPortIdVec>
<condition id="-1">
<or_exp><and_exp><literal name="icmp_ln41_1" val="1"/>
</and_exp></or_exp>
</condition>

<Node id="165" bw="64" op_0_bw="12">
<![CDATA[
loop_neighbors_begin1:4  %edges_dst_load_1 = load i64* %edges_dst_addr_1, align 8

]]></Node>
<StgValue><ssdm name="edges_dst_load_1"/></StgValue>
</operation>

<operation id="174" st_id="14" stage="1" lat="1">
<core>NULL</core>
<MemPortIdVec></MemPortIdVec>
<condition id="-1">
<or_exp><and_exp><literal name="icmp_ln41_1" val="1"/>
</and_exp></or_exp>
</condition>

<Node id="166" bw="8" op_0_bw="8" op_1_bw="64" op_2_bw="64">
<![CDATA[
loop_neighbors_begin1:5  %level_addr_4 = getelementptr [256 x i8]* %level, i64 0, i64 %edges_dst_load_1

]]></Node>
<StgValue><ssdm name="level_addr_4"/></StgValue>
</operation>

<operation id="175" st_id="14" stage="2" lat="2">
<core>RAM_1P_BRAM</core>
<MemPortIdVec></MemPortIdVec>
<condition id="-1">
<or_exp><and_exp><literal name="icmp_ln41_1" val="1"/>
</and_exp></or_exp>
</condition>

<Node id="167" bw="8" op_0_bw="8">
<![CDATA[
loop_neighbors_begin1:6  %level_load_3 = load i8* %level_addr_4, align 1

]]></Node>
<StgValue><ssdm name="level_load_3"/></StgValue>
</operation>
</state>

<state id="15" st_id="15">

<operation id="176" st_id="15" stage="1" lat="1">
<core>NULL</core>
<MemPortIdVec></MemPortIdVec>
<condition id="-1">
<or_exp><and_exp><literal name="icmp_ln41_1" val="1"/>
</and_exp></or_exp>
</condition>

<Node id="161" bw="0" op_0_bw="0" op_1_bw="0">
<![CDATA[
loop_neighbors_begin1:0  call void (...)* @_ssdm_op_SpecLoopName([15 x i8]* @p_str4) nounwind

]]></Node>
<StgValue><ssdm name="specloopname_ln41"/></StgValue>
</operation>

<operation id="177" st_id="15" stage="1" lat="1">
<core>NULL</core>
<MemPortIdVec></MemPortIdVec>
<condition id="-1">
<or_exp><and_exp><literal name="icmp_ln41_1" val="1"/>
</and_exp></or_exp>
</condition>

<Node id="162" bw="32" op_0_bw="32" op_1_bw="0">
<![CDATA[
loop_neighbors_begin1:1  %tmp_3 = call i32 (...)* @_ssdm_op_SpecRegionBegin([15 x i8]* @p_str4)

]]></Node>
<StgValue><ssdm name="tmp_3"/></StgValue>
</operation>

<operation id="178" st_id="15" stage="1" lat="1">
<core>NULL</core>
<MemPortIdVec></MemPortIdVec>
<condition id="-1">
<or_exp><and_exp><literal name="icmp_ln41_1" val="1"/>
</and_exp></or_exp>
</condition>

<Node id="163" bw="0" op_0_bw="0" op_1_bw="32" op_2_bw="32" op_3_bw="32" op_4_bw="32" op_5_bw="0">
<![CDATA[
loop_neighbors_begin1:2  call void (...)* @_ssdm_op_SpecPipeline(i32 -1, i32 1, i32 1, i32 0, [1 x i8]* @p_str1) nounwind

]]></Node>
<StgValue><ssdm name="specpipeline_ln42"/></StgValue>
</operation>

<operation id="179" st_id="15" stage="1" lat="2">
<core>RAM_1P_BRAM</core>
<MemPortIdVec></MemPortIdVec>
<condition id="-1">
<or_exp><and_exp><literal name="icmp_ln41_1" val="1"/>
</and_exp></or_exp>
</condition>

<Node id="167" bw="8" op_0_bw="8">
<![CDATA[
loop_neighbors_begin1:6  %level_load_3 = load i8* %level_addr_4, align 1

]]></Node>
<StgValue><ssdm name="level_load_3"/></StgValue>
</operation>

<operation id="180" st_id="15" stage="1" lat="1">
<core>Cmp</core>
<MemPortIdVec></MemPortIdVec>
<condition id="-1">
<or_exp><and_exp><literal name="icmp_ln41_1" val="1"/>
</and_exp></or_exp>
</condition>

<Node id="168" bw="1" op_0_bw="8" op_1_bw="8">
<![CDATA[
loop_neighbors_begin1:7  %icmp_ln45_1 = icmp eq i8 %level_load_3, 127

]]></Node>
<StgValue><ssdm name="icmp_ln45_1"/></StgValue>
</operation>

<operation id="181" st_id="15" stage="1" lat="1">
<core>NULL</core>
<MemPortIdVec></MemPortIdVec>
<condition id="-1">
<or_exp><and_exp><literal name="icmp_ln41_1" val="1"/>
</and_exp></or_exp>
</condition>

<Node id="169" bw="0" op_0_bw="1" op_1_bw="0" op_2_bw="0">
<![CDATA[
loop_neighbors_begin1:8  br i1 %icmp_ln45_1, label %_ifconv1, label %loop_neighbors_end1

]]></Node>
<StgValue><ssdm name="br_ln45"/></StgValue>
</operation>

<operation id="182" st_id="15" stage="2" lat="2">
<core>RAM_1P_BRAM</core>
<MemPortIdVec></MemPortIdVec>
<condition id="-1">
<or_exp><and_exp><literal name="icmp_ln41_1" val="1"/>
<literal name="icmp_ln45_1" val="1"/>
</and_exp></or_exp>
</condition>

<Node id="171" bw="8" op_0_bw="8">
<![CDATA[
_ifconv1:0  %level_load_1 = load i8* %level_addr_3, align 1

]]></Node>
<StgValue><ssdm name="level_load_1"/></StgValue>
</operation>

<operation id="183" st_id="15" stage="1" lat="1">
<core>Cmp</core>
<MemPortIdVec></MemPortIdVec>
<condition id="-1">
<or_exp><and_exp><literal name="icmp_ln41_1" val="1"/>
<literal name="icmp_ln45_1" val="1"/>
</and_exp></or_exp>
</condition>

<Node id="191" bw="1" op_0_bw="64" op_1_bw="64">
<![CDATA[
:0  %icmp_ln49_1 = icmp eq i64 %q_in_1_1, 0

]]></Node>
<StgValue><ssdm name="icmp_ln49_1"/></StgValue>
</operation>

<operation id="184" st_id="15" stage="1" lat="1">
<core>AddSub</core>
<MemPortIdVec></MemPortIdVec>
<condition id="-1">
<or_exp><and_exp><literal name="icmp_ln41_1" val="1"/>
<literal name="icmp_ln45_1" val="1"/>
</and_exp></or_exp>
</condition>

<Node id="192" bw="64" op_0_bw="64" op_1_bw="64">
<![CDATA[
:1  %add_ln49_2 = add i64 -1, %q_in_1_1

]]></Node>
<StgValue><ssdm name="add_ln49_2"/></StgValue>
</operation>

<operation id="185" st_id="15" stage="1" lat="1">
<core>Sel</core>
<MemPortIdVec></MemPortIdVec>
<condition id="-1">
<or_exp><and_exp><literal name="icmp_ln41_1" val="1"/>
<literal name="icmp_ln45_1" val="1"/>
</and_exp></or_exp>
</condition>

<Node id="193" bw="64" op_0_bw="1" op_1_bw="64" op_2_bw="64">
<![CDATA[
:2  %select_ln49_1 = select i1 %icmp_ln49_1, i64 255, i64 %add_ln49_2

]]></Node>
<StgValue><ssdm name="select_ln49_1"/></StgValue>
</operation>

<operation id="186" st_id="15" stage="1" lat="1">
<core>NULL</core>
<MemPortIdVec></MemPortIdVec>
<condition id="-1">
<or_exp><and_exp><literal name="icmp_ln41_1" val="1"/>
<literal name="icmp_ln45_1" val="1"/>
</and_exp></or_exp>
</condition>

<Node id="194" bw="8" op_0_bw="64" op_1_bw="64" op_2_bw="64">
<![CDATA[
:3  %queue_addr_4 = getelementptr inbounds [256 x i64]* %queue, i64 0, i64 %select_ln49_1

]]></Node>
<StgValue><ssdm name="queue_addr_4"/></StgValue>
</operation>

<operation id="187" st_id="15" stage="1" lat="1">
<core>RAM</core>
<MemPortIdVec></MemPortIdVec>
<condition id="-1">
<or_exp><and_exp><literal name="icmp_ln41_1" val="1"/>
<literal name="icmp_ln45_1" val="1"/>
</and_exp></or_exp>
</condition>

<Node id="195" bw="0" op_0_bw="64" op_1_bw="8">
<![CDATA[
:4  store i64 %edges_dst_load_1, i64* %queue_addr_4, align 8

]]></Node>
<StgValue><ssdm name="store_ln49"/></StgValue>
</operation>

<operation id="188" st_id="15" stage="1" lat="1">
<core>NULL</core>
<MemPortIdVec></MemPortIdVec>
<condition id="-1">
<or_exp><and_exp><literal name="icmp_ln41_1" val="1"/>
<literal name="icmp_ln45_1" val="1"/>
</and_exp></or_exp>
</condition>

<Node id="196" bw="8" op_0_bw="64">
<![CDATA[
:5  %trunc_ln49_1 = trunc i64 %q_in_1_1 to i8

]]></Node>
<StgValue><ssdm name="trunc_ln49_1"/></StgValue>
</operation>

<operation id="189" st_id="15" stage="1" lat="1">
<core>AddSub</core>
<MemPortIdVec></MemPortIdVec>
<condition id="-1">
<or_exp><and_exp><literal name="icmp_ln41_1" val="1"/>
<literal name="icmp_ln45_1" val="1"/>
</and_exp></or_exp>
</condition>

<Node id="197" bw="8" op_0_bw="8" op_1_bw="8">
<![CDATA[
:6  %add_ln49_3 = add i8 1, %trunc_ln49_1

]]></Node>
<StgValue><ssdm name="add_ln49_3"/></StgValue>
</operation>

<operation id="190" st_id="15" stage="1" lat="1">
<core>NULL</core>
<MemPortIdVec></MemPortIdVec>
<condition id="-1">
<or_exp><and_exp><literal name="icmp_ln41_1" val="1"/>
<literal name="icmp_ln45_1" val="1"/>
</and_exp></or_exp>
</condition>

<Node id="198" bw="64" op_0_bw="8">
<![CDATA[
:7  %zext_ln49_1 = zext i8 %add_ln49_3 to i64

]]></Node>
<StgValue><ssdm name="zext_ln49_1"/></StgValue>
</operation>

<operation id="191" st_id="15" stage="1" lat="1">
<core>NULL</core>
<MemPortIdVec></MemPortIdVec>
<condition id="-1">
<or_exp><and_exp><literal name="icmp_ln41_1" val="1"/>
<literal name="icmp_ln45_1" val="1"/>
</and_exp></or_exp>
</condition>

<Node id="199" bw="0" op_0_bw="0">
<![CDATA[
:8  br label %loop_neighbors_end1

]]></Node>
<StgValue><ssdm name="br_ln50"/></StgValue>
</operation>

<operation id="192" st_id="15" stage="1" lat="1">
<core>AddSub</core>
<MemPortIdVec></MemPortIdVec>
<condition id="-1">
<or_exp><and_exp><literal name="icmp_ln41_1" val="1"/>
</and_exp></or_exp>
</condition>

<Node id="203" bw="64" op_0_bw="64" op_1_bw="64">
<![CDATA[
loop_neighbors_end1:2  %add_ln41_1 = add i64 %e_0_1, 1

]]></Node>
<StgValue><ssdm name="add_ln41_1"/></StgValue>
</operation>
</state>

<state id="16" st_id="16">

<operation id="193" st_id="16" stage="1" lat="2">
<core>RAM_1P_BRAM</core>
<MemPortIdVec></MemPortIdVec>
<condition id="-1">
<or_exp><and_exp><literal name="icmp_ln45_1" val="1"/>
</and_exp></or_exp>
</condition>

<Node id="171" bw="8" op_0_bw="8">
<![CDATA[
_ifconv1:0  %level_load_1 = load i8* %level_addr_3, align 1

]]></Node>
<StgValue><ssdm name="level_load_1"/></StgValue>
</operation>

<operation id="194" st_id="16" stage="1" lat="1">
<core>AddSub</core>
<MemPortIdVec></MemPortIdVec>
<condition id="-1">
<or_exp><and_exp><literal name="icmp_ln45_1" val="1"/>
</and_exp></or_exp>
</condition>

<Node id="172" bw="8" op_0_bw="8" op_1_bw="8">
<![CDATA[
_ifconv1:1  %add_ln46_1 = add i8 1, %level_load_1

]]></Node>
<StgValue><ssdm name="add_ln46_1"/></StgValue>
</operation>

<operation id="195" st_id="16" stage="1" lat="1">
<core>RAM_1P_BRAM</core>
<MemPortIdVec></MemPortIdVec>
<condition id="-1">
<or_exp><and_exp><literal name="icmp_ln45_1" val="1"/>
</and_exp></or_exp>
</condition>

<Node id="173" bw="0" op_0_bw="8" op_1_bw="8" op_2_bw="8" op_3_bw="8">
<![CDATA[
_ifconv1:2  store i8 %add_ln46_1, i8* %level_addr_4, align 1

]]></Node>
<StgValue><ssdm name="store_ln47"/></StgValue>
</operation>

<operation id="196" st_id="16" stage="1" lat="1">
<core>NULL</core>
<MemPortIdVec></MemPortIdVec>
<condition id="-1">
<or_exp><and_exp><literal name="icmp_ln45_1" val="1"/>
</and_exp></or_exp>
</condition>

<Node id="174" bw="1" op_0_bw="8">
<![CDATA[
_ifconv1:3  %trunc_ln48_1 = trunc i8 %level_load_1 to i1

]]></Node>
<StgValue><ssdm name="trunc_ln48_1"/></StgValue>
</operation>

<operation id="197" st_id="16" stage="1" lat="1">
<core>NULL</core>
<MemPortIdVec></MemPortIdVec>
<condition id="-1">
<or_exp><and_exp><literal name="icmp_ln45_1" val="1"/>
</and_exp></or_exp>
</condition>

<Node id="175" bw="7" op_0_bw="7" op_1_bw="8" op_2_bw="32" op_3_bw="32">
<![CDATA[
_ifconv1:4  %lshr_ln48_1 = call i7 @_ssdm_op_PartSelect.i7.i8.i32.i32(i8 %add_ln46_1, i32 1, i32 7)

]]></Node>
<StgValue><ssdm name="lshr_ln48_1"/></StgValue>
</operation>

<operation id="198" st_id="16" stage="1" lat="1">
<core>NULL</core>
<MemPortIdVec></MemPortIdVec>
<condition id="-1">
<or_exp><and_exp><literal name="icmp_ln45_1" val="1"/>
</and_exp></or_exp>
</condition>

<Node id="176" bw="64" op_0_bw="7">
<![CDATA[
_ifconv1:5  %zext_ln48_1 = zext i7 %lshr_ln48_1 to i64

]]></Node>
<StgValue><ssdm name="zext_ln48_1"/></StgValue>
</operation>

<operation id="199" st_id="16" stage="1" lat="1">
<core>NULL</core>
<MemPortIdVec></MemPortIdVec>
<condition id="-1">
<or_exp><and_exp><literal name="icmp_ln45_1" val="1"/>
</and_exp></or_exp>
</condition>

<Node id="177" bw="3" op_0_bw="64" op_1_bw="64" op_2_bw="64">
<![CDATA[
_ifconv1:6  %level_counts_1_addr_1 = getelementptr [5 x i64]* %level_counts_1, i64 0, i64 %zext_ln48_1

]]></Node>
<StgValue><ssdm name="level_counts_1_addr_1"/></StgValue>
</operation>

<operation id="200" st_id="16" stage="1" lat="1">
<core>NULL</core>
<MemPortIdVec></MemPortIdVec>
<condition id="-1">
<or_exp><and_exp><literal name="icmp_ln45_1" val="1"/>
</and_exp></or_exp>
</condition>

<Node id="178" bw="3" op_0_bw="64" op_1_bw="64" op_2_bw="64">
<![CDATA[
_ifconv1:7  %level_counts_0_addr_1 = getelementptr [5 x i64]* %level_counts_0, i64 0, i64 %zext_ln48_1

]]></Node>
<StgValue><ssdm name="level_counts_0_addr_1"/></StgValue>
</operation>

<operation id="201" st_id="16" stage="2" lat="2">
<core>RAM</core>
<MemPortIdVec></MemPortIdVec>
<condition id="-1">
<or_exp><and_exp><literal name="icmp_ln45_1" val="1"/>
</and_exp></or_exp>
</condition>

<Node id="179" bw="64" op_0_bw="3">
<![CDATA[
_ifconv1:8  %level_counts_0_load_1 = load i64* %level_counts_0_addr_1, align 8

]]></Node>
<StgValue><ssdm name="level_counts_0_load_1"/></StgValue>
</operation>

<operation id="202" st_id="16" stage="2" lat="2">
<core>RAM</core>
<MemPortIdVec></MemPortIdVec>
<condition id="-1">
<or_exp><and_exp><literal name="icmp_ln45_1" val="1"/>
</and_exp></or_exp>
</condition>

<Node id="180" bw="64" op_0_bw="3">
<![CDATA[
_ifconv1:9  %level_counts_1_load_1 = load i64* %level_counts_1_addr_1, align 8

]]></Node>
<StgValue><ssdm name="level_counts_1_load_1"/></StgValue>
</operation>

<operation id="203" st_id="16" stage="1" lat="1">
<core>NULL</core>
<MemPortIdVec></MemPortIdVec>
<condition id="-1">
<or_exp><and_exp><literal name="icmp_ln41_1" val="1"/>
</and_exp></or_exp>
</condition>

<Node id="201" bw="64" op_0_bw="64" op_1_bw="0" op_2_bw="64" op_3_bw="0">
<![CDATA[
loop_neighbors_end1:0  %q_in_2_1 = phi i64 [ %zext_ln49_1, %8 ], [ %q_in_1_1, %loop_neighbors_begin1 ]

]]></Node>
<StgValue><ssdm name="q_in_2_1"/></StgValue>
</operation>

<operation id="204" st_id="16" stage="1" lat="1">
<core>NULL</core>
<MemPortIdVec></MemPortIdVec>
<condition id="-1">
<or_exp><and_exp><literal name="icmp_ln41_1" val="1"/>
</and_exp></or_exp>
</condition>

<Node id="202" bw="32" op_0_bw="32" op_1_bw="0" op_2_bw="32">
<![CDATA[
loop_neighbors_end1:1  %empty_10 = call i32 (...)* @_ssdm_op_SpecRegionEnd([15 x i8]* @p_str4, i32 %tmp_3)

]]></Node>
<StgValue><ssdm name="empty_10"/></StgValue>
</operation>

<operation id="205" st_id="16" stage="1" lat="1">
<core>NULL</core>
<MemPortIdVec></MemPortIdVec>
<condition id="-1">
<or_exp><and_exp><literal name="icmp_ln41_1" val="1"/>
</and_exp></or_exp>
</condition>

<Node id="204" bw="0" op_0_bw="0">
<![CDATA[
loop_neighbors_end1:3  br label %5

]]></Node>
<StgValue><ssdm name="br_ln41"/></StgValue>
</operation>
</state>

<state id="17" st_id="17">

<operation id="206" st_id="17" stage="1" lat="2">
<core>RAM</core>
<MemPortIdVec></MemPortIdVec>
<condition id="-1">
<or_exp><and_exp><literal name="icmp_ln45_1" val="1"/>
</and_exp></or_exp>
</condition>

<Node id="179" bw="64" op_0_bw="3">
<![CDATA[
_ifconv1:8  %level_counts_0_load_1 = load i64* %level_counts_0_addr_1, align 8

]]></Node>
<StgValue><ssdm name="level_counts_0_load_1"/></StgValue>
</operation>

<operation id="207" st_id="17" stage="1" lat="2">
<core>RAM</core>
<MemPortIdVec></MemPortIdVec>
<condition id="-1">
<or_exp><and_exp><literal name="icmp_ln45_1" val="1"/>
</and_exp></or_exp>
</condition>

<Node id="180" bw="64" op_0_bw="3">
<![CDATA[
_ifconv1:9  %level_counts_1_load_1 = load i64* %level_counts_1_addr_1, align 8

]]></Node>
<StgValue><ssdm name="level_counts_1_load_1"/></StgValue>
</operation>

<operation id="208" st_id="17" stage="1" lat="1">
<core>Sel</core>
<MemPortIdVec></MemPortIdVec>
<condition id="-1">
<or_exp><and_exp><literal name="icmp_ln45_1" val="1"/>
</and_exp></or_exp>
</condition>

<Node id="181" bw="64" op_0_bw="1" op_1_bw="64" op_2_bw="64">
<![CDATA[
_ifconv1:10  %select_ln48_1 = select i1 %trunc_ln48_1, i64 %level_counts_0_load_1, i64 %level_counts_1_load_1

]]></Node>
<StgValue><ssdm name="select_ln48_1"/></StgValue>
</operation>

<operation id="209" st_id="17" stage="1" lat="1">
<core>AddSub</core>
<MemPortIdVec></MemPortIdVec>
<condition id="-1">
<or_exp><and_exp><literal name="icmp_ln45_1" val="1"/>
</and_exp></or_exp>
</condition>

<Node id="182" bw="64" op_0_bw="64" op_1_bw="64">
<![CDATA[
_ifconv1:11  %add_ln48_1 = add i64 1, %select_ln48_1

]]></Node>
<StgValue><ssdm name="add_ln48_1"/></StgValue>
</operation>

<operation id="210" st_id="17" stage="1" lat="1">
<core>NULL</core>
<MemPortIdVec></MemPortIdVec>
<condition id="-1">
<or_exp><and_exp><literal name="icmp_ln45_1" val="1"/>
</and_exp></or_exp>
</condition>

<Node id="183" bw="0" op_0_bw="1" op_1_bw="0" op_2_bw="0">
<![CDATA[
_ifconv1:12  br i1 %trunc_ln48_1, label %branch1, label %branch0

]]></Node>
<StgValue><ssdm name="br_ln48"/></StgValue>
</operation>

<operation id="211" st_id="17" stage="1" lat="1">
<core>RAM</core>
<MemPortIdVec></MemPortIdVec>
<condition id="-1">
<or_exp><and_exp><literal name="icmp_ln45_1" val="1"/>
<literal name="trunc_ln48_1" val="0"/>
</and_exp></or_exp>
</condition>

<Node id="185" bw="0" op_0_bw="64" op_1_bw="3" op_2_bw="64">
<![CDATA[
branch0:0  store i64 %add_ln48_1, i64* %level_counts_1_addr_1, align 8

]]></Node>
<StgValue><ssdm name="store_ln48"/></StgValue>
</operation>

<operation id="212" st_id="17" stage="1" lat="1">
<core>NULL</core>
<MemPortIdVec></MemPortIdVec>
<condition id="-1">
<or_exp><and_exp><literal name="icmp_ln45_1" val="1"/>
<literal name="trunc_ln48_1" val="0"/>
</and_exp></or_exp>
</condition>

<Node id="186" bw="0" op_0_bw="0">
<![CDATA[
branch0:1  br label %8

]]></Node>
<StgValue><ssdm name="br_ln48"/></StgValue>
</operation>

<operation id="213" st_id="17" stage="1" lat="1">
<core>RAM</core>
<MemPortIdVec></MemPortIdVec>
<condition id="-1">
<or_exp><and_exp><literal name="icmp_ln45_1" val="1"/>
<literal name="trunc_ln48_1" val="1"/>
</and_exp></or_exp>
</condition>

<Node id="188" bw="0" op_0_bw="64" op_1_bw="3" op_2_bw="64">
<![CDATA[
branch1:0  store i64 %add_ln48_1, i64* %level_counts_0_addr_1, align 8

]]></Node>
<StgValue><ssdm name="store_ln48"/></StgValue>
</operation>

<operation id="214" st_id="17" stage="1" lat="1">
<core>NULL</core>
<MemPortIdVec></MemPortIdVec>
<condition id="-1">
<or_exp><and_exp><literal name="icmp_ln45_1" val="1"/>
<literal name="trunc_ln48_1" val="1"/>
</and_exp></or_exp>
</condition>

<Node id="189" bw="0" op_0_bw="0">
<![CDATA[
branch1:1  br label %8

]]></Node>
<StgValue><ssdm name="br_ln48"/></StgValue>
</operation>
</state>

<state id="18" st_id="18">

<operation id="215" st_id="18" stage="1" lat="1">
<core>NULL</core>
<MemPortIdVec></MemPortIdVec>
<condition id="-1">
<or_exp><and_exp></and_exp></or_exp>
</condition>

<Node id="206" bw="32" op_0_bw="32" op_1_bw="0" op_2_bw="32">
<![CDATA[
loop_queue_end:0  %empty_9 = call i32 (...)* @_ssdm_op_SpecRegionEnd([11 x i8]* @p_str3, i32 %tmp_2)

]]></Node>
<StgValue><ssdm name="empty_9"/></StgValue>
</operation>

<operation id="216" st_id="18" stage="1" lat="1">
<core>AddSub</core>
<MemPortIdVec></MemPortIdVec>
<condition id="-1">
<or_exp><and_exp></and_exp></or_exp>
</condition>

<Node id="207" bw="9" op_0_bw="9" op_1_bw="9">
<![CDATA[
loop_queue_end:1  %add_ln34 = add i9 %dummy_0_0, 2

]]></Node>
<StgValue><ssdm name="add_ln34"/></StgValue>
</operation>

<operation id="217" st_id="18" stage="1" lat="1">
<core>NULL</core>
<MemPortIdVec></MemPortIdVec>
<condition id="-1">
<or_exp><and_exp></and_exp></or_exp>
</condition>

<Node id="208" bw="0" op_0_bw="0">
<![CDATA[
loop_queue_end:2  br label %1

]]></Node>
<StgValue><ssdm name="br_ln34"/></StgValue>
</operation>
</state>
</state_list>


<ports>
</ports>


<dataflows>
</dataflows>


</stg>
