<profile>

<section name = "Vivado HLS Report for 'bfs'" level="0">
<item name = "Date">Fri Dec  1 00:55:22 2023
</item>
<item name = "Version">2019.2.1 (Build 2724168 on Thu Dec 05 05:19:09 MST 2019)</item>
<item name = "Project">bfs_syn</item>
<item name = "Solution">solution9</item>
<item name = "Product family">virtex7</item>
<item name = "Target device">xc7v585t-ffg1761-2</item>
</section>

<section name = "Performance Estimates" level="0">
<item name = "Timing">
<section name = "" level="1">
<item name = "Summary"><table name="" hasTotal="0">
<keys size="4">Clock, Target, Estimated, Uncertainty</keys>
<column name="ap_clk">10.00 ns, 5.890 ns, 1.25 ns</column>
</table>
</item>
</section>
</item>
<item name = "Latency">
<section name = "" level="1">
<item name = "Summary"><table name="" hasTotal="0">
<keys size="8">, min, max, min, max, min, max, Type</keys>
<column name="">?, ?, ?, ?, ?, ?, none</column>
</table>
</item>
<item name = "Detail">
<section name = "" level="1">
<item name = "Instance"><table name="" hasTotal="0">
<keys size="9">Instance, Module, min, max, min, max, min, max, Type</keys>
</table>
</item>
<item name = "Loop"><table name="" hasTotal="0">
<keys size="8">Loop Name, min, max, Latency, achieved, target, Count, Pipelined</keys>
<column name="- loop_queue">?, ?, ?, -, -, 1 ~ 128, no</column>
<column name=" + loop_neighbors">?, ?, 5, 3, 1, ?, yes</column>
<column name=" + loop_neighbors">?, ?, 5, 3, 1, ?, yes</column>
</table>
</item>
</section>
</item>
</section>
</item>
</section>
</profile>
