<profile>

<section name = "Vivado HLS Report for 'bfs'" level="0">
<item name = "Date">Fri Dec  1 00:54:10 2023
</item>
<item name = "Version">2019.2.1 (Build 2724168 on Thu Dec 05 05:19:09 MST 2019)</item>
<item name = "Project">bfs_syn</item>
<item name = "Solution">solution4</item>
<item name = "Product family">virtex7</item>
<item name = "Target device">xc7v585t-ffg1761-2</item>
</section>

<section name = "Performance Estimates" level="0">
<item name = "Timing">
<section name = "" level="1">
<item name = "Summary"><table name="" hasTotal="0">
<keys size="4">Clock, Target, Estimated, Uncertainty</keys>
<column name="ap_clk">10.00 ns, 6.346 ns, 1.25 ns</column>
</table>
</item>
</section>
</item>
<item name = "Latency">
<section name = "" level="1">
<item name = "Summary"><table name="" hasTotal="0">
<keys size="8">, min, max, min, max, min, max, Type</keys>
<column name="">?, ?, ?, ?, ?, ?, none</column>
</table>
</item>
<item name = "Detail">
<section name = "" level="1">
<item name = "Instance"><table name="" hasTotal="0">
<keys size="9">Instance, Module, min, max, min, max, min, max, Type</keys>
</table>
</item>
<item name = "Loop"><table name="" hasTotal="0">
<keys size="8">Loop Name, min, max, Latency, achieved, target, Count, Pipelined</keys>
<column name="- loop_queue">?, ?, ?, -, -, 1 ~ 128, no</column>
<column name=" + loop_neighbors">?, ?, 8 ~ 10, -, -, ?, no</column>
<column name=" + loop_neighbors">?, ?, 7 ~ 9, -, -, ?, no</column>
</table>
</item>
</section>
</item>
</section>
</item>
</section>

<section name = "Utilization Estimates" level="0">
<item name = "Summary"><table name="" hasTotal="1">
<keys size="6">Name, BRAM_18K, DSP48E, FF, LUT, URAM</keys>
<column name="DSP">-, -, -, -, -</column>
<column name="Expression">-, -, 0, 1732, -</column>
<column name="FIFO">-, -, -, -, -</column>
<column name="Instance">-, -, -, -, -</column>
<column name="Memory">2, -, 0, 0, 0</column>
<column name="Multiplexer">-, -, -, 566, -</column>
<column name="Register">-, -, 1308, -, -</column>
<specialColumn name="Available">1590, 1260, 728400, 364200, 0</specialColumn>
<specialColumn name="Utilization (%)">~0, 0, ~0, ~0, 0</specialColumn>
</table>
</item>
<item name = "Detail">
<section name = "" level="1">
<item name = "Instance"><table name="" hasTotal="1">
<keys size="7">Instance, Module, BRAM_18K, DSP48E, FF, LUT, URAM</keys>
</table>
</item>
<item name = "DSP48E"><table name="" hasTotal="0">
<keys size="3">Instance, Module, Expression</keys>
</table>
</item>
<item name = "Memory"><table name="" hasTotal="1">
<keys size="10">Memory, Module, BRAM_18K, FF, LUT, URAM, Words, Bits, Banks, W*Bits*Banks</keys>
<column name="queue_U">bfs_queue, 2, 0, 0, 0, 256, 64, 1, 16384</column>
</table>
</item>
<item name = "FIFO"><table name="" hasTotal="1">
<keys size="8">Name, BRAM_18K, FF, LUT, URAM, Depth, Bits, Size:D*B</keys>
</table>
</item>
<item name = "Expression"><table name="" hasTotal="1">
<keys size="7">Variable Name, Operation, DSP48E, FF, LUT, Bitwidth P0, Bitwidth P1</keys>
<column name="add_ln34_fu_934_p2">+, 0, 0, 16, 9, 2</column>
<column name="add_ln35_fu_747_p2">+, 0, 0, 16, 9, 1</column>
<column name="add_ln38_fu_762_p2">+, 0, 0, 15, 8, 2</column>
<column name="add_ln41_1_fu_816_p2">+, 0, 0, 71, 64, 2</column>
<column name="add_ln41_2_fu_897_p2">+, 0, 0, 71, 1, 64</column>
<column name="add_ln41_3_fu_989_p2">+, 0, 0, 71, 64, 2</column>
<column name="add_ln41_4_fu_698_p2">+, 0, 0, 21, 1, 14</column>
<column name="add_ln41_5_fu_907_p2">+, 0, 0, 21, 1, 14</column>
<column name="add_ln41_fu_688_p2">+, 0, 0, 71, 1, 64</column>
<column name="add_ln49_1_fu_677_p2">+, 0, 0, 15, 1, 8</column>
<column name="add_ln49_2_fu_782_p2">+, 0, 0, 71, 2, 64</column>
<column name="add_ln49_3_fu_806_p2">+, 0, 0, 15, 1, 8</column>
<column name="add_ln49_4_fu_862_p2">+, 0, 0, 71, 2, 64</column>
<column name="add_ln49_5_fu_886_p2">+, 0, 0, 15, 1, 8</column>
<column name="add_ln49_6_fu_954_p2">+, 0, 0, 71, 2, 64</column>
<column name="add_ln49_7_fu_978_p2">+, 0, 0, 15, 1, 8</column>
<column name="add_ln49_fu_653_p2">+, 0, 0, 71, 2, 64</column>
<column name="grp_fu_542_p2">+, 0, 0, 15, 1, 8</column>
<column name="grp_fu_549_p2">+, 0, 0, 71, 1, 64</column>
<column name="and_ln35_fu_741_p2">and, 0, 0, 2, 1, 1</column>
<column name="grp_fu_536_p2">icmp, 0, 0, 11, 8, 7</column>
<column name="icmp_ln35_1_fu_593_p2">icmp, 0, 0, 29, 64, 64</column>
<column name="icmp_ln35_2_fu_725_p2">icmp, 0, 0, 29, 64, 64</column>
<column name="icmp_ln35_3_fu_756_p2">icmp, 0, 0, 29, 64, 64</column>
<column name="icmp_ln35_4_fu_730_p2">icmp, 0, 0, 29, 64, 1</column>
<column name="icmp_ln35_5_fu_736_p2">icmp, 0, 0, 11, 8, 2</column>
<column name="icmp_ln35_fu_569_p2">icmp, 0, 0, 29, 64, 64</column>
<column name="icmp_ln41_1_fu_704_p2">icmp, 0, 0, 29, 64, 64</column>
<column name="icmp_ln41_2_fu_822_p2">icmp, 0, 0, 29, 64, 64</column>
<column name="icmp_ln41_3_fu_913_p2">icmp, 0, 0, 29, 64, 64</column>
<column name="icmp_ln41_fu_613_p2">icmp, 0, 0, 29, 64, 64</column>
<column name="icmp_ln49_1_fu_776_p2">icmp, 0, 0, 29, 64, 1</column>
<column name="icmp_ln49_2_fu_856_p2">icmp, 0, 0, 29, 64, 1</column>
<column name="icmp_ln49_3_fu_948_p2">icmp, 0, 0, 29, 64, 1</column>
<column name="icmp_ln49_fu_647_p2">icmp, 0, 0, 29, 64, 1</column>
<column name="or_ln35_fu_575_p2">or, 0, 0, 8, 8, 1</column>
<column name="or_ln38_fu_599_p2">or, 0, 0, 8, 8, 1</column>
<column name="select_ln42_1_fu_768_p3">select, 0, 0, 64, 1, 64</column>
<column name="select_ln42_2_fu_847_p3">select, 0, 0, 64, 1, 64</column>
<column name="select_ln42_3_fu_940_p3">select, 0, 0, 64, 1, 64</column>
<column name="select_ln42_fu_638_p3">select, 0, 0, 64, 1, 64</column>
<column name="select_ln49_1_fu_788_p3">select, 0, 0, 64, 1, 8</column>
<column name="select_ln49_2_fu_868_p3">select, 0, 0, 64, 1, 8</column>
<column name="select_ln49_3_fu_960_p3">select, 0, 0, 64, 1, 8</column>
<column name="select_ln49_fu_659_p3">select, 0, 0, 64, 1, 8</column>
</table>
</item>
<item name = "Multiplexer"><table name="" hasTotal="1">
<keys size="5">Name, LUT, Input Size, Bits, Total Bits</keys>
<column name="ap_NS_fsm">125, 27, 1, 27</column>
<column name="ap_phi_mux_q_in_1_lcssa_0_phi_fu_458_p4">9, 2, 64, 128</column>
<column name="ap_phi_mux_q_in_2_0_0_phi_fu_447_p4">9, 2, 64, 128</column>
<column name="ap_phi_mux_q_in_2_1_0_phi_fu_503_p4">9, 2, 64, 128</column>
<column name="ap_phi_mux_q_in_2_1_1_phi_fu_515_p4">9, 2, 64, 128</column>
<column name="dummy_0_0_reg_411">9, 2, 9, 18</column>
<column name="e_0_0_0_reg_434">9, 2, 64, 128</column>
<column name="e_0_1_0_reg_490">9, 2, 64, 128</column>
<column name="edges_0_dst_address0">27, 5, 11, 55</column>
<column name="edges_1_dst_address0">27, 5, 11, 55</column>
<column name="level_address0">53, 12, 8, 96</column>
<column name="level_counts_address0">47, 10, 4, 40</column>
<column name="level_counts_d0">15, 3, 64, 192</column>
<column name="level_d0">15, 3, 8, 24</column>
<column name="nodes_edge_begin_address0">15, 3, 8, 24</column>
<column name="nodes_edge_end_address0">15, 3, 8, 24</column>
<column name="q_in_0_0_reg_387">9, 2, 64, 128</column>
<column name="q_in_1_0_0_reg_423">9, 2, 64, 128</column>
<column name="q_in_1_1_0_reg_479">9, 2, 64, 128</column>
<column name="q_in_1_lcssa_0_reg_455">9, 2, 64, 128</column>
<column name="q_in_1_lcssa_1_reg_523">9, 2, 64, 128</column>
<column name="q_in_2_0_0_reg_444">9, 2, 64, 128</column>
<column name="q_in_2_0_1_reg_467">9, 2, 64, 128</column>
<column name="q_in_2_1_0_reg_500">9, 2, 64, 128</column>
<column name="q_in_2_1_1_reg_511">9, 2, 64, 128</column>
<column name="q_out_0_0_reg_399">9, 2, 8, 16</column>
<column name="queue_address0">41, 8, 8, 64</column>
<column name="queue_d0">33, 6, 64, 384</column>
</table>
</item>
<item name = "Register"><table name="" hasTotal="1">
<keys size="5">Name, FF, LUT, Bits, Const Bits</keys>
<column name="add_ln34_reg_1230">9, 0, 9, 0</column>
<column name="add_ln38_reg_1119">8, 0, 8, 0</column>
<column name="add_ln41_1_reg_1148">64, 0, 64, 0</column>
<column name="ap_CS_fsm">26, 0, 26, 0</column>
<column name="dummy_0_0_reg_411">9, 0, 9, 0</column>
<column name="e_0_0_0_reg_434">64, 0, 64, 0</column>
<column name="e_0_1_0_reg_490">64, 0, 64, 0</column>
<column name="icmp_ln35_1_reg_1003">1, 0, 1, 0</column>
<column name="icmp_ln35_reg_999">1, 0, 1, 0</column>
<column name="icmp_ln41_2_reg_1179">1, 0, 1, 0</column>
<column name="icmp_ln41_reg_1054">1, 0, 1, 0</column>
<column name="icmp_ln45_1_reg_1134">1, 0, 1, 0</column>
<column name="icmp_ln45_2_reg_1208">1, 0, 1, 0</column>
<column name="icmp_ln45_3_reg_1245">1, 0, 1, 0</column>
<column name="icmp_ln45_reg_1083">1, 0, 1, 0</column>
<column name="level_addr_1_reg_1022">8, 0, 8, 0</column>
<column name="level_addr_2_reg_1078">8, 0, 8, 0</column>
<column name="level_addr_3_reg_1129">8, 0, 8, 0</column>
<column name="level_addr_4_reg_1163">8, 0, 8, 0</column>
<column name="level_addr_5_reg_1203">8, 0, 8, 0</column>
<column name="level_addr_6_reg_1240">8, 0, 8, 0</column>
<column name="level_counts_addr_1_reg_1087">4, 0, 4, 0</column>
<column name="level_counts_addr_2_reg_1138">4, 0, 4, 0</column>
<column name="level_counts_addr_3_reg_1212">4, 0, 4, 0</column>
<column name="level_counts_addr_4_reg_1249">4, 0, 4, 0</column>
<column name="nodes_edge_end_load_1_reg_1173">64, 0, 64, 0</column>
<column name="nodes_edge_end_load_reg_1048">64, 0, 64, 0</column>
<column name="or_ln38_reg_1027">7, 0, 8, 1</column>
<column name="q_in_0_0_reg_387">64, 0, 64, 0</column>
<column name="q_in_1_0_0_reg_423">64, 0, 64, 0</column>
<column name="q_in_1_1_0_reg_479">64, 0, 64, 0</column>
<column name="q_in_1_lcssa_0_reg_455">64, 0, 64, 0</column>
<column name="q_in_1_lcssa_1_reg_523">64, 0, 64, 0</column>
<column name="q_in_2_0_0_reg_444">64, 0, 64, 0</column>
<column name="q_in_2_0_1_reg_467">64, 0, 64, 0</column>
<column name="q_in_2_1_0_reg_500">64, 0, 64, 0</column>
<column name="q_in_2_1_1_reg_511">64, 0, 64, 0</column>
<column name="q_out_0_0_reg_399">8, 0, 8, 0</column>
<column name="select_ln42_1_reg_1124">64, 0, 64, 0</column>
<column name="select_ln42_2_reg_1198">64, 0, 64, 0</column>
<column name="select_ln42_3_reg_1235">64, 0, 64, 0</column>
<column name="select_ln42_reg_1073">64, 0, 64, 0</column>
<column name="tmp_2_reg_995">1, 0, 1, 0</column>
<column name="trunc_ln42_1_reg_1193">1, 0, 1, 0</column>
<column name="trunc_ln42_reg_1068">1, 0, 1, 0</column>
<column name="zext_ln38_1_reg_1037">7, 0, 64, 57</column>
<column name="zext_ln38_reg_1032">7, 0, 9, 2</column>
</table>
</item>
</section>
</item>
</section>

<section name = "Interface" level="0">
<item name = "Summary"><table name="" hasTotal="0">
<keys size="6">RTL Ports, Dir, Bits, Protocol, Source Object, C Type</keys>
<column name="ap_clk">in, 1, ap_ctrl_hs, bfs, return value</column>
<column name="ap_rst">in, 1, ap_ctrl_hs, bfs, return value</column>
<column name="ap_start">in, 1, ap_ctrl_hs, bfs, return value</column>
<column name="ap_done">out, 1, ap_ctrl_hs, bfs, return value</column>
<column name="ap_idle">out, 1, ap_ctrl_hs, bfs, return value</column>
<column name="ap_ready">out, 1, ap_ctrl_hs, bfs, return value</column>
<column name="nodes_edge_begin_address0">out, 8, ap_memory, nodes_edge_begin, array</column>
<column name="nodes_edge_begin_ce0">out, 1, ap_memory, nodes_edge_begin, array</column>
<column name="nodes_edge_begin_q0">in, 64, ap_memory, nodes_edge_begin, array</column>
<column name="nodes_edge_end_address0">out, 8, ap_memory, nodes_edge_end, array</column>
<column name="nodes_edge_end_ce0">out, 1, ap_memory, nodes_edge_end, array</column>
<column name="nodes_edge_end_q0">in, 64, ap_memory, nodes_edge_end, array</column>
<column name="edges_0_dst_address0">out, 11, ap_memory, edges_0_dst, array</column>
<column name="edges_0_dst_ce0">out, 1, ap_memory, edges_0_dst, array</column>
<column name="edges_0_dst_q0">in, 64, ap_memory, edges_0_dst, array</column>
<column name="edges_1_dst_address0">out, 11, ap_memory, edges_1_dst, array</column>
<column name="edges_1_dst_ce0">out, 1, ap_memory, edges_1_dst, array</column>
<column name="edges_1_dst_q0">in, 64, ap_memory, edges_1_dst, array</column>
<column name="starting_node">in, 64, ap_none, starting_node, scalar</column>
<column name="level_address0">out, 8, ap_memory, level, array</column>
<column name="level_ce0">out, 1, ap_memory, level, array</column>
<column name="level_we0">out, 1, ap_memory, level, array</column>
<column name="level_d0">out, 8, ap_memory, level, array</column>
<column name="level_q0">in, 8, ap_memory, level, array</column>
<column name="level_counts_address0">out, 4, ap_memory, level_counts, array</column>
<column name="level_counts_ce0">out, 1, ap_memory, level_counts, array</column>
<column name="level_counts_we0">out, 1, ap_memory, level_counts, array</column>
<column name="level_counts_d0">out, 64, ap_memory, level_counts, array</column>
<column name="level_counts_q0">in, 64, ap_memory, level_counts, array</column>
</table>
</item>
</section>
</profile>
