<?xml version="1.0" encoding="utf-8"?>
<Messages>
	<Message severity="INFO" prefix="[SCHED 204-61]" key="SCHED_PIPELINING_STATUS_631" tag="SCHEDULE" content="Option &apos;relax_ii_for_timing&apos; is enabled, will increase II to preserve clock frequency constraints."/>
	<Message severity="WARNING" prefix="[HLS 200-40]" key="HLS_40_1850" tag="" content="Skipped source file &apos;check.data&apos;. Source files must have extensions .c, .C, .cc, .cpp, .c++, .cp, or .cxx."/>
	<Message severity="WARNING" prefix="[HLS 200-40]" key="HLS_40_1850" tag="" content="Skipped source file &apos;input.data&apos;. Source files must have extensions .c, .C, .cc, .cpp, .c++, .cp, or .cxx."/>
	<Message severity="INFO" prefix="[HLS 200-10]" key="HLS_10_1312" tag="" content="Analyzing design file &apos;bfs.c&apos; ..."/>
	<Message severity="INFO" prefix="[HLS 200-111]" key="HLS_111_965" tag="" content="Finished Linking Time (s): cpu = 00:00:39 ; elapsed = 00:00:41 . Memory (MB): peak = 946.996 ; gain = 526.059 ; free physical = 4107 ; free virtual = 22727"/>
	<Message severity="INFO" prefix="[HLS 200-111]" key="HLS_111_965" tag="" content="Finished Checking Pragmas Time (s): cpu = 00:00:39 ; elapsed = 00:00:41 . Memory (MB): peak = 946.996 ; gain = 526.059 ; free physical = 4107 ; free virtual = 22727"/>
	<Message severity="INFO" prefix="[HLS 200-10]" key="HLS_10_1467" tag="" content="Starting code transformations ..."/>
	<Message severity="INFO" prefix="[HLS 200-111]" key="HLS_111_965" tag="" content="Finished Standard Transforms Time (s): cpu = 00:00:39 ; elapsed = 00:00:42 . Memory (MB): peak = 946.996 ; gain = 526.059 ; free physical = 4141 ; free virtual = 22731"/>
	<Message severity="INFO" prefix="[HLS 200-10]" key="HLS_10_1472" tag="" content="Checking synthesizability ..."/>
	<Message severity="INFO" prefix="[HLS 200-111]" key="HLS_111_965" tag="" content="Finished Checking Synthesizability Time (s): cpu = 00:00:39 ; elapsed = 00:00:42 . Memory (MB): peak = 946.996 ; gain = 526.059 ; free physical = 4141 ; free virtual = 22731"/>
	<Message severity="INFO" prefix="[XFORM 203-502]" key="XFORM_AUTO_UNROLL_STATUS_246" tag="" content="Unrolling all sub-loops inside loop &apos;loop_queue&apos; (bfs.c:34) in function &apos;bfs&apos; for pipelining."/>
	<Message severity="WARNING" prefix="[XFORM 203-503]" key="XFORM_UNROLL_INVALID_314" tag="LOOP,SDX_LOOP" content="Cannot unroll loop &apos;loop_neighbors&apos; (bfs.c:41) in function &apos;bfs&apos; completely: variable loop bound."/>
	<Message severity="INFO" prefix="[XFORM 203-101]" key="XFORM_PARTITION_STATUS_109" tag="" content="Partitioning array &apos;edges.dst&apos; (bfs.c:13) in dimension 1 with a cyclic factor 2."/>
	<Message severity="INFO" prefix="[XFORM 203-101]" key="XFORM_PARTITION_STATUS_109" tag="" content="Partitioning array &apos;level&apos; (bfs.c:14) in dimension 1 with a cyclic factor 2."/>
	<Message severity="INFO" prefix="[XFORM 203-101]" key="XFORM_PARTITION_STATUS_109" tag="" content="Partitioning array &apos;level_counts&apos; (bfs.c:15) in dimension 1 with a cyclic factor 2."/>
	<Message severity="INFO" prefix="[XFORM 203-101]" key="XFORM_PARTITION_STATUS_109" tag="" content="Partitioning array &apos;nodes.edge_begin&apos; (bfs.c:13) in dimension 1 with a cyclic factor 2."/>
	<Message severity="INFO" prefix="[XFORM 203-101]" key="XFORM_PARTITION_STATUS_109" tag="" content="Partitioning array &apos;nodes.edge_end&apos; (bfs.c:13) in dimension 1 with a cyclic factor 2."/>
	<Message severity="INFO" prefix="[XFORM 203-401]" key="XFORM_IFCONV_STATUS_239" tag="" content="Performing if-conversion on hyperblock from (bfs.c:41:57) to (bfs.c:45:7) in function &apos;bfs&apos;... converting 7 basic blocks."/>
	<Message severity="INFO" prefix="[XFORM 203-401]" key="XFORM_IFCONV_STATUS_239" tag="" content="Performing if-conversion on hyperblock from (bfs.c:46:39) to (bfs.c:47:9) in function &apos;bfs&apos;... converting 4 basic blocks."/>
	<Message severity="INFO" prefix="[XFORM 203-401]" key="XFORM_IFCONV_STATUS_239" tag="" content="Performing if-conversion on hyperblock from (bfs.c:48:9) to (bfs.c:48:9) in function &apos;bfs&apos;... converting 4 basic blocks."/>
	<Message severity="INFO" prefix="[XFORM 203-401]" key="XFORM_IFCONV_STATUS_239" tag="" content="Performing if-conversion on hyperblock from (bfs.c:37:5) to (bfs.c:41:26) in function &apos;bfs&apos;... converting 7 basic blocks."/>
	<Message severity="INFO" prefix="[HLS 200-111]" key="HLS_111_965" tag="" content="Finished Pre-synthesis Time (s): cpu = 00:00:39 ; elapsed = 00:00:42 . Memory (MB): peak = 946.996 ; gain = 526.059 ; free physical = 4141 ; free virtual = 22731"/>
	<Message severity="WARNING" prefix="[XFORM 203-542]" key="XFORM_LOOPFLAT_INVALID_219" tag="LOOP,SDX_LOOP" content="Cannot flatten a loop nest &apos;loop_queue&apos; (bfs.c:34:54) in function &apos;bfs&apos; : 

the outer loop is not a perfect loop because there is nontrivial logic before entering the inner loop."/>
	<Message severity="INFO" prefix="[HLS 200-472]" key="HLS 200-472" tag="" content="Inferring partial write operation for &apos;queue&apos; (bfs.c:32:5)"/>
	<Message severity="INFO" prefix="[HLS 200-472]" key="HLS 200-472" tag="" content="Inferring partial write operation for &apos;queue&apos; (bfs.c:49:11)"/>
	<Message severity="INFO" prefix="[HLS 200-111]" key="HLS_111_965" tag="" content="Finished Architecture Synthesis Time (s): cpu = 00:00:40 ; elapsed = 00:00:42 . Memory (MB): peak = 946.996 ; gain = 526.059 ; free physical = 4141 ; free virtual = 22732"/>
	<Message severity="INFO" prefix="[HLS 200-10]" key="HLS_10_1317" tag="" content="Starting hardware synthesis ..."/>
	<Message severity="INFO" prefix="[HLS 200-10]" key="HLS_10_1385" tag="" content="Synthesizing &apos;bfs&apos; ..."/>
	<Message severity="INFO" prefix="[HLS 200-10]" key="HLS_10_1477" tag="" content="----------------------------------------------------------------"/>
	<Message severity="INFO" prefix="[HLS 200-42]" key="HLS_42_1438" tag="" content="-- Implementing module &apos;bfs&apos;"/>
	<Message severity="INFO" prefix="[HLS 200-10]" key="HLS_10_1478" tag="" content="----------------------------------------------------------------"/>
	<Message severity="INFO" prefix="[SCHED 204-11]" key="SCHED_SCHED_STATUS_597" tag="" content="Starting scheduling ..."/>
	<Message severity="WARNING" prefix="[SCHED 204-65]" key="SCHED_PIPELINE_REPORT_FAILURE_1080" tag="SCHEDULE" content="Unable to satisfy pipeline directive: Loop contains subloop(s) not being unrolled or flattened."/>
	<Message severity="INFO" prefix="[SCHED 204-61]" key="SCHED_PIPELINING_STATUS_41" tag="" content="Pipelining loop &apos;loop_neighbors&apos;."/>
	<Message severity="WARNING" prefix="[SCHED 204-68]" key="SCHED_CARRIED_CONSTRAINT_NOT_MET_32" tag="LOOP,SDX_LOOP,SCHEDULE" content="The II Violation in module &apos;bfs&apos; (Loop: loop_neighbors): Unable to enforce a carried dependence constraint (II = 1, distance = 1, offset = 1)
   between &apos;store&apos; operation (&apos;level_0_addr_2_write_ln47&apos;, bfs.c:47) of variable &apos;tmp_level&apos;, bfs.c:46 on array &apos;level_0&apos; and &apos;load&apos; operation (&apos;level_0_load&apos;, bfs.c:43) on array &apos;level_0&apos;."/>
	<Message severity="WARNING" prefix="[SCHED 204-68]" key="SCHED_CARRIED_CONSTRAINT_NOT_MET_32" tag="LOOP,SDX_LOOP,SCHEDULE" content="The II Violation in module &apos;bfs&apos; (Loop: loop_neighbors): Unable to enforce a carried dependence constraint (II = 2, distance = 1, offset = 1)
   between &apos;store&apos; operation (&apos;level_0_addr_2_write_ln47&apos;, bfs.c:47) of variable &apos;tmp_level&apos;, bfs.c:46 on array &apos;level_0&apos; and &apos;load&apos; operation (&apos;level_0_load&apos;, bfs.c:43) on array &apos;level_0&apos;."/>
	<Message severity="INFO" prefix="[SCHED 204-61]" key="SCHED_PIPELINING_STATUS_44" tag="" content="Pipelining result : Target II = 1, Final II = 3, Depth = 5."/>
	<Message severity="INFO" prefix="[SCHED 204-11]" key="SCHED_SCHED_STATUS_596" tag="" content="Finished scheduling."/>
	<Message severity="INFO" prefix="[HLS 200-111]" key="HLS_111_966" tag="" content=" Elapsed time: 4.56 seconds; current allocated memory: 135.084 MB."/>
	<Message severity="INFO" prefix="[BIND 205-100]" key="BIND_100_926" tag="" content="Starting micro-architecture generation ..."/>
	<Message severity="INFO" prefix="[BIND 205-101]" key="BIND_101_698" tag="" content="Performing variable lifetime analysis."/>
	<Message severity="INFO" prefix="[BIND 205-101]" key="BIND_101_697" tag="" content="Exploring resource sharing."/>
	<Message severity="INFO" prefix="[BIND 205-101]" key="BIND_101_693" tag="" content="Binding ..."/>
	<Message severity="INFO" prefix="[BIND 205-100]" key="BIND_100_925" tag="" content="Finished micro-architecture generation."/>
	<Message severity="INFO" prefix="[HLS 200-111]" key="HLS_111_966" tag="" content=" Elapsed time: 0.06 seconds; current allocated memory: 135.576 MB."/>
	<Message severity="INFO" prefix="[HLS 200-10]" key="HLS_10_1483" tag="" content="----------------------------------------------------------------"/>
	<Message severity="INFO" prefix="[HLS 200-10]" key="HLS_10_1484" tag="" content="-- Generating RTL for module &apos;bfs&apos;"/>
	<Message severity="INFO" prefix="[HLS 200-10]" key="HLS_10_1485" tag="" content="----------------------------------------------------------------"/>
	<Message severity="INFO" prefix="[RTGEN 206-500]" key="PREPROC_IO_COMP_CONFLICT_1950" tag="" content="Setting interface mode on port &apos;bfs/nodes_0_edge_begin&apos; to &apos;ap_memory&apos;."/>
	<Message severity="INFO" prefix="[RTGEN 206-500]" key="PREPROC_IO_COMP_CONFLICT_1950" tag="" content="Setting interface mode on port &apos;bfs/nodes_1_edge_begin&apos; to &apos;ap_memory&apos;."/>
	<Message severity="INFO" prefix="[RTGEN 206-500]" key="PREPROC_IO_COMP_CONFLICT_1950" tag="" content="Setting interface mode on port &apos;bfs/nodes_0_edge_end&apos; to &apos;ap_memory&apos;."/>
	<Message severity="INFO" prefix="[RTGEN 206-500]" key="PREPROC_IO_COMP_CONFLICT_1950" tag="" content="Setting interface mode on port &apos;bfs/nodes_1_edge_end&apos; to &apos;ap_memory&apos;."/>
	<Message severity="INFO" prefix="[RTGEN 206-500]" key="PREPROC_IO_COMP_CONFLICT_1950" tag="" content="Setting interface mode on port &apos;bfs/edges_0_dst&apos; to &apos;ap_memory&apos;."/>
	<Message severity="INFO" prefix="[RTGEN 206-500]" key="PREPROC_IO_COMP_CONFLICT_1950" tag="" content="Setting interface mode on port &apos;bfs/edges_1_dst&apos; to &apos;ap_memory&apos;."/>
	<Message severity="INFO" prefix="[RTGEN 206-500]" key="PREPROC_IO_COMP_CONFLICT_1950" tag="" content="Setting interface mode on port &apos;bfs/starting_node&apos; to &apos;ap_none&apos;."/>
	<Message severity="INFO" prefix="[RTGEN 206-500]" key="PREPROC_IO_COMP_CONFLICT_1950" tag="" content="Setting interface mode on port &apos;bfs/level_0&apos; to &apos;ap_memory&apos;."/>
	<Message severity="INFO" prefix="[RTGEN 206-500]" key="PREPROC_IO_COMP_CONFLICT_1950" tag="" content="Setting interface mode on port &apos;bfs/level_1&apos; to &apos;ap_memory&apos;."/>
	<Message severity="INFO" prefix="[RTGEN 206-500]" key="PREPROC_IO_COMP_CONFLICT_1950" tag="" content="Setting interface mode on port &apos;bfs/level_counts_0&apos; to &apos;ap_memory&apos;."/>
	<Message severity="INFO" prefix="[RTGEN 206-500]" key="PREPROC_IO_COMP_CONFLICT_1950" tag="" content="Setting interface mode on port &apos;bfs/level_counts_1&apos; to &apos;ap_memory&apos;."/>
	<Message severity="INFO" prefix="[RTGEN 206-500]" key="PREPROC_IO_COMP_CONFLICT_1950" tag="" content="Setting interface mode on function &apos;bfs&apos; to &apos;ap_ctrl_hs&apos;."/>
	<Message severity="INFO" prefix="[RTGEN 206-100]" key="RTGEN_100_856" tag="" content="Finished creating RTL model for &apos;bfs&apos;."/>
	<Message severity="INFO" prefix="[HLS 200-111]" key="HLS_111_966" tag="" content=" Elapsed time: 0.07 seconds; current allocated memory: 136.291 MB."/>
	<Message severity="INFO" prefix="[HLS 200-790]" key="HLS 200-790" tag="LOOP,SDX_LOOP" content="**** Loop Constraint Status: All loop constraints were NOT satisfied."/>
	<Message severity="INFO" prefix="[HLS 200-789]" key="HLS 200-789" tag="THROUGHPUT,SDX_KERNEL" content="**** Estimated Fmax: 159.69 MHz"/>
	<Message severity="INFO" prefix="[RTMG 210-278]" key="RTMG_278_1790" tag="" content="Implementing memory &apos;bfs_queue_ram (RAM)&apos; using block RAMs."/>
	<Message severity="INFO" prefix="[HLS 200-111]" key="HLS_111_965" tag="" content="Finished generating all RTL models Time (s): cpu = 00:00:40 ; elapsed = 00:00:42 . Memory (MB): peak = 946.996 ; gain = 526.059 ; free physical = 4132 ; free virtual = 22729"/>
	<Message severity="INFO" prefix="[VHDL 208-304]" key="VHDL_304_1066" tag="" content="Generating VHDL RTL for bfs."/>
	<Message severity="INFO" prefix="[VLOG 209-307]" key="VLOG_307_1067" tag="" content="Generating Verilog RTL for bfs."/>
</Messages>
