{
  "Top": "bfs",
  "RtlTop": "bfs",
  "RtlPrefix": "",
  "SourceLanguage": "c",
  "ResetStyle": "control",
  "GenerateBdFiles": "0",
  "HostMachineBits": "64",
  "Target": {
    "Family": "virtex7",
    "Device": "xc7v585t",
    "Package": "-ffg1761",
    "Speed": "-2"
  },
  "HlsSolution": {
    "DirectiveTcl": [
      "set_directive_resource bfs ",
      "set_directive_unroll bfs\/init_horizions -factor 2",
      "set_directive_array_partition bfs ",
      "set_directive_pipeline bfs\/init_levels ",
      "set_directive_array_partition bfs ",
      "set_directive_pipeline bfs\/loop_queue ",
      "set_directive_resource bfs ",
      "set_directive_unroll bfs\/loop_neighbors -factor 2"
    ],
    "DirectiveInfo": [
      "resource bfs {{variable positionBooleanTextRequirednodes} {core RAM_1P_BRAM}} {}",
      "unroll bfs\/init_horizions {{factor 2}} {}",
      "array_partition bfs {{partition positionBooleanCmd} {variable positionBooleanTextRequirededges} {cyclic positionBoolean0type} {factor 2} {dim 1}} {}",
      "pipeline bfs\/init_levels {} {}",
      "array_partition bfs {{partition positionBooleanCmd} {variable positionBooleanTextRequiredlevel} {cyclic positionBoolean0type} {factor 2} {dim 1}} {}",
      "pipeline bfs\/loop_queue {} {}",
      "resource bfs {{variable positionBooleanTextRequiredlevel_counts} {core RAM_1P_BRAM}} {}",
      "unroll bfs\/loop_neighbors {{factor 2}} {}"
    ]
  },
  "Args": {
    "nodes": {
      "index": "0",
      "type": {
        "kinds": [
          "struct",
          "array"
        ],
        "dataType": "node_t",
        "arraySizes": ["256"],
        "structImpl": "flat-interface",
        "fields": {
          "edge_begin": {
            "order": "0",
            "dataType": "long",
            "dataWidth": "64",
            "multiInterfaceRef": [
              "nodes_edge_begin_address0",
              "nodes_edge_begin_q0"
            ],
            "structImpl": "interface"
          },
          "edge_end": {
            "order": "1",
            "dataType": "long",
            "dataWidth": "64",
            "multiInterfaceRef": [
              "nodes_edge_end_address0",
              "nodes_edge_end_q0"
            ],
            "structImpl": "interface"
          }
        }
      }
    },
    "edges": {
      "index": "1",
      "type": {
        "kinds": [
          "struct",
          "array"
        ],
        "dataType": "edge_t",
        "arraySizes": ["4096"],
        "structImpl": "flat-interface",
        "fields": {"dst": {
            "order": "0",
            "dataType": "long"
          }}
      }
    },
    "starting_node": {
      "index": "2",
      "type": {
        "dataType": "long",
        "dataWidth": "64",
        "interfaceRef": "starting_node"
      }
    },
    "level": {
      "index": "3",
      "type": {
        "kinds": ["array"],
        "dataType": "signed",
        "dataWidth": "8",
        "arraySizes": ["256"]
      }
    },
    "level_counts": {
      "index": "4",
      "type": {
        "kinds": ["array"],
        "dataType": "long",
        "dataWidth": "64",
        "arraySizes": ["10"],
        "multiInterfaceRef": [
          "level_counts_address0",
          "level_counts_d0",
          "level_counts_q0"
        ]
      }
    }
  },
  "Return": {
    
  },
  "ClockInfo": {
    "ClockName": "ap_clk",
    "ClockPeriod": "10",
    "IsCombLogic": "0",
    "II": "x",
    "Latency": "undef",
    "Uncertainty": "1.25"
  },
  "Xdc": {"OocClocks": ["create_clock -name ap_clk -period 10.000 [get_ports ap_clk]"]},
  "Ipx": {
    "Vendor": "xilinx.com",
    "Library": "hls",
    "Name": "bfs",
    "Version": "1.0",
    "DisplayName": "Bfs",
    "Revision": "",
    "Description": "An IP generated by Vivado HLS",
    "Taxonomy": "\/VIVADO_HLS_IP",
    "AutoFamilySupport": ""
  },
  "Files": {
    "CSource": ["..\/..\/bfs.c"],
    "Vhdl": [
      "impl\/vhdl\/bfs_queue.vhd",
      "impl\/vhdl\/bfs.vhd"
    ],
    "Verilog": [
      "impl\/verilog\/bfs_queue.v",
      "impl\/verilog\/bfs.v"
    ],
    "Misc": ["impl\/misc\/logo.png"],
    "DesignXml": "\/home\/fpga1\/Group14\/MachSuite-master\/bfs\/queue\/bfs_syn\/solution6\/.autopilot\/db\/bfs.design.xml",
    "DebugDir": "\/home\/fpga1\/Group14\/MachSuite-master\/bfs\/queue\/bfs_syn\/solution6\/.debug",
    "ProtoInst": ["\/home\/fpga1\/Group14\/MachSuite-master\/bfs\/queue\/bfs_syn\/solution6\/.debug\/bfs.protoinst"]
  },
  "SubcoreInfo": {
    "HasXpmMemory": false,
    "HasClockedDsp": false,
    "IP": []
  },
  "Interfaces": {
    "ap_clk": {
      "type": "clock",
      "ctype": {"CLK": {"Type": "bool"}},
      "bundle_name": "ap_clk",
      "bundle_role": "default",
      "reset": "ap_rst"
    },
    "ap_ctrl": {
      "type": "ap_ctrl",
      "ctrl_ports": "ap_start ap_done ap_idle ap_ready",
      "ctype": {
        "start": {"Type": "bool"},
        "done": {"Type": "bool"},
        "idle": {"Type": "bool"},
        "ready": {"Type": "bool"}
      }
    },
    "ap_rst": {
      "type": "reset",
      "polarity": "ACTIVE_HIGH",
      "ctype": {"RST": {"Type": "bool"}},
      "bundle_name": "ap_rst",
      "bundle_role": "default"
    },
    "edges_0_dst_address0": {
      "type": "data",
      "dir": "out",
      "width": "11",
      "ctype": {"DATA": {
          "Type": "null",
          "Width": "11"
        }},
      "bundle_name": "edges_0_dst",
      "bundle_role": "address0"
    },
    "edges_0_dst_q0": {
      "type": "data",
      "dir": "in",
      "width": "64",
      "ctype": {"DATA": {
          "Type": "integer signed",
          "Width": "64"
        }},
      "bundle_name": "edges_0_dst",
      "bundle_role": "q0"
    },
    "edges_1_dst_address0": {
      "type": "data",
      "dir": "out",
      "width": "11",
      "ctype": {"DATA": {
          "Type": "null",
          "Width": "11"
        }},
      "bundle_name": "edges_1_dst",
      "bundle_role": "address0"
    },
    "edges_1_dst_q0": {
      "type": "data",
      "dir": "in",
      "width": "64",
      "ctype": {"DATA": {
          "Type": "integer signed",
          "Width": "64"
        }},
      "bundle_name": "edges_1_dst",
      "bundle_role": "q0"
    },
    "level_0_address0": {
      "type": "data",
      "dir": "out",
      "width": "7",
      "ctype": {"DATA": {
          "Type": "null",
          "Width": "7"
        }},
      "bundle_name": "level_0",
      "bundle_role": "address0"
    },
    "level_0_d0": {
      "type": "data",
      "dir": "out",
      "width": "8",
      "ctype": {"DATA": {
          "Type": "integer signed",
          "Width": "8"
        }},
      "bundle_name": "level_0",
      "bundle_role": "d0"
    },
    "level_0_q0": {
      "type": "data",
      "dir": "in",
      "width": "8",
      "ctype": {"DATA": {
          "Type": "integer signed",
          "Width": "8"
        }},
      "bundle_name": "level_0",
      "bundle_role": "q0"
    },
    "level_1_address0": {
      "type": "data",
      "dir": "out",
      "width": "7",
      "ctype": {"DATA": {
          "Type": "null",
          "Width": "7"
        }},
      "bundle_name": "level_1",
      "bundle_role": "address0"
    },
    "level_1_d0": {
      "type": "data",
      "dir": "out",
      "width": "8",
      "ctype": {"DATA": {
          "Type": "integer signed",
          "Width": "8"
        }},
      "bundle_name": "level_1",
      "bundle_role": "d0"
    },
    "level_1_q0": {
      "type": "data",
      "dir": "in",
      "width": "8",
      "ctype": {"DATA": {
          "Type": "integer signed",
          "Width": "8"
        }},
      "bundle_name": "level_1",
      "bundle_role": "q0"
    },
    "level_counts_address0": {
      "type": "data",
      "dir": "out",
      "width": "4",
      "ctype": {"DATA": {
          "Type": "null",
          "Width": "4"
        }},
      "bundle_name": "level_counts",
      "bundle_role": "address0"
    },
    "level_counts_d0": {
      "type": "data",
      "dir": "out",
      "width": "64",
      "ctype": {"DATA": {
          "Type": "integer signed",
          "Width": "64"
        }},
      "bundle_name": "level_counts",
      "bundle_role": "d0"
    },
    "level_counts_q0": {
      "type": "data",
      "dir": "in",
      "width": "64",
      "ctype": {"DATA": {
          "Type": "integer signed",
          "Width": "64"
        }},
      "bundle_name": "level_counts",
      "bundle_role": "q0"
    },
    "nodes_edge_begin_address0": {
      "type": "data",
      "dir": "out",
      "width": "8",
      "ctype": {"DATA": {
          "Type": "null",
          "Width": "8"
        }},
      "bundle_name": "nodes_edge_begin",
      "bundle_role": "address0"
    },
    "nodes_edge_begin_q0": {
      "type": "data",
      "dir": "in",
      "width": "64",
      "ctype": {"DATA": {
          "Type": "integer signed",
          "Width": "64"
        }},
      "bundle_name": "nodes_edge_begin",
      "bundle_role": "q0"
    },
    "nodes_edge_end_address0": {
      "type": "data",
      "dir": "out",
      "width": "8",
      "ctype": {"DATA": {
          "Type": "null",
          "Width": "8"
        }},
      "bundle_name": "nodes_edge_end",
      "bundle_role": "address0"
    },
    "nodes_edge_end_q0": {
      "type": "data",
      "dir": "in",
      "width": "64",
      "ctype": {"DATA": {
          "Type": "integer signed",
          "Width": "64"
        }},
      "bundle_name": "nodes_edge_end",
      "bundle_role": "q0"
    },
    "starting_node": {
      "type": "data",
      "dir": "in",
      "width": "64",
      "ctype": {"DATA": {
          "Type": "integer signed",
          "Width": "64"
        }},
      "bundle_name": "starting_node",
      "bundle_role": "default"
    }
  },
  "RtlPorts": {
    "ap_clk": {
      "dir": "in",
      "width": "1"
    },
    "ap_rst": {
      "dir": "in",
      "width": "1"
    },
    "ap_start": {
      "dir": "in",
      "width": "1"
    },
    "ap_done": {
      "dir": "out",
      "width": "1"
    },
    "ap_idle": {
      "dir": "out",
      "width": "1"
    },
    "ap_ready": {
      "dir": "out",
      "width": "1"
    },
    "nodes_edge_begin_address0": {
      "dir": "out",
      "width": "8"
    },
    "nodes_edge_begin_ce0": {
      "dir": "out",
      "width": "1"
    },
    "nodes_edge_begin_q0": {
      "dir": "in",
      "width": "64"
    },
    "nodes_edge_end_address0": {
      "dir": "out",
      "width": "8"
    },
    "nodes_edge_end_ce0": {
      "dir": "out",
      "width": "1"
    },
    "nodes_edge_end_q0": {
      "dir": "in",
      "width": "64"
    },
    "edges_0_dst_address0": {
      "dir": "out",
      "width": "11"
    },
    "edges_0_dst_ce0": {
      "dir": "out",
      "width": "1"
    },
    "edges_0_dst_q0": {
      "dir": "in",
      "width": "64"
    },
    "edges_1_dst_address0": {
      "dir": "out",
      "width": "11"
    },
    "edges_1_dst_ce0": {
      "dir": "out",
      "width": "1"
    },
    "edges_1_dst_q0": {
      "dir": "in",
      "width": "64"
    },
    "starting_node": {
      "dir": "in",
      "width": "64"
    },
    "level_0_address0": {
      "dir": "out",
      "width": "7"
    },
    "level_0_ce0": {
      "dir": "out",
      "width": "1"
    },
    "level_0_we0": {
      "dir": "out",
      "width": "1"
    },
    "level_0_d0": {
      "dir": "out",
      "width": "8"
    },
    "level_0_q0": {
      "dir": "in",
      "width": "8"
    },
    "level_1_address0": {
      "dir": "out",
      "width": "7"
    },
    "level_1_ce0": {
      "dir": "out",
      "width": "1"
    },
    "level_1_we0": {
      "dir": "out",
      "width": "1"
    },
    "level_1_d0": {
      "dir": "out",
      "width": "8"
    },
    "level_1_q0": {
      "dir": "in",
      "width": "8"
    },
    "level_counts_address0": {
      "dir": "out",
      "width": "4"
    },
    "level_counts_ce0": {
      "dir": "out",
      "width": "1"
    },
    "level_counts_we0": {
      "dir": "out",
      "width": "1"
    },
    "level_counts_d0": {
      "dir": "out",
      "width": "64"
    },
    "level_counts_q0": {
      "dir": "in",
      "width": "64"
    }
  },
  "ModuleInfo": {
    "Hierarchy": {"ModuleName": "bfs"},
    "Info": {"bfs": {
        "FunctionProtocol": "ap_ctrl_hs",
        "isTaskLevelControl": "1",
        "isPipelined": "0",
        "isCombinational": "0",
        "isOneStateSeq": "0"
      }},
    "Metrics": {"bfs": {
        "Latency": {
          "LatencyBest": "",
          "LatencyAvg": "",
          "LatencyWorst": "",
          "PipelineII": "",
          "PipelineDepth": "",
          "PipelineType": "none"
        },
        "Timing": {
          "Target": "10.00",
          "Uncertainty": "1.25",
          "Estimate": "6.346"
        },
        "Loops": [{
            "Name": "loop_queue",
            "TripCount": "",
            "Latency": "",
            "PipelineII": "",
            "PipelineDepth": "",
            "Loops": [{
                "Name": "loop_neighbors",
                "TripCount": "",
                "Latency": "",
                "PipelineII": "",
                "PipelineDepthMin": "4",
                "PipelineDepthMax": "5",
                "PipelineDepth": "4 ~ 5"
              }]
          }],
        "Area": {
          "BRAM_18K": "2",
          "FF": "278",
          "LUT": "813",
          "URAM": "0",
          "DSP48E": "0"
        }
      }}
  },
  "Sdx": {
    "Target": "none",
    "ProfileOption": "0",
    "ProfileType": "none",
    "XO": "",
    "KernelName": "bfs",
    "EnableXoSwEmu": "1"
  },
  "GenData": {
    "DataVersion": "0.2",
    "Time": "2023-12-01 00:54:19 IST",
    "ToolName": "vivado_hls",
    "ToolVersion": "2019.2.1"
  }
}
