<InterfaceSummary>
<RtlPorts>
<name>nodes_edge_begin</name>
<CType>
<TypeName>long unsigned int</TypeName>
<TypeWidth>64</TypeWidth>
<PhysicalWidth>64</PhysicalWidth>
</CType>
<CFractionWidth>0</CFractionWidth>
<InvalidType>0</InvalidType>
</RtlPorts>
<RtlPorts>
<name>nodes_edge_end</name>
<CType>
<TypeName>long unsigned int</TypeName>
<TypeWidth>64</TypeWidth>
<PhysicalWidth>64</PhysicalWidth>
</CType>
<CFractionWidth>0</CFractionWidth>
<InvalidType>0</InvalidType>
</RtlPorts>
<RtlPorts>
<name>edges_dst</name>
<CType>
<TypeName>long unsigned int</TypeName>
<TypeWidth>64</TypeWidth>
<PhysicalWidth>64</PhysicalWidth>
</CType>
<CFractionWidth>0</CFractionWidth>
<InvalidType>0</InvalidType>
</RtlPorts>
<RtlPorts>
<name>starting_node</name>
<CType>
<TypeName>long unsigned int</TypeName>
<TypeWidth>64</TypeWidth>
<PhysicalWidth>64</PhysicalWidth>
</CType>
<CFractionWidth>0</CFractionWidth>
<InvalidType>0</InvalidType>
</RtlPorts>
<RtlPorts>
<name>level_0</name>
<CType>
<TypeName>signed char</TypeName>
<TypeWidth>8</TypeWidth>
<PhysicalWidth>8</PhysicalWidth>
</CType>
<CFractionWidth>0</CFractionWidth>
<InvalidType>0</InvalidType>
</RtlPorts>
<RtlPorts>
<name>level_1</name>
<CType>
<TypeName>signed char</TypeName>
<TypeWidth>8</TypeWidth>
<PhysicalWidth>8</PhysicalWidth>
</CType>
<CFractionWidth>0</CFractionWidth>
<InvalidType>0</InvalidType>
</RtlPorts>
<RtlPorts>
<name>level_counts</name>
<CType>
<TypeName>long unsigned int</TypeName>
<TypeWidth>64</TypeWidth>
<PhysicalWidth>64</PhysicalWidth>
</CType>
<CFractionWidth>0</CFractionWidth>
<InvalidType>0</InvalidType>
</RtlPorts>
</InterfaceSummary>

