<stg><name>bfs</name>


<trans_list>

<trans id="132" from="1" to="2">
<condition id="-1">
<or_exp><and_exp></and_exp></or_exp>
</condition>
</trans>

<trans id="133" from="2" to="3">
<condition id="-1">
<or_exp><and_exp><literal name="tmp_1" val="0"/>
<literal name="icmp_ln35" val="1"/>
<literal name="icmp_ln35_1" val="0"/>
</and_exp><and_exp><literal name="tmp_1" val="0"/>
<literal name="icmp_ln35" val="0"/>
<literal name="and_ln35" val="0"/>
</and_exp></or_exp>
</condition>
</trans>

<trans id="136" from="3" to="4">
<condition id="-1">
<or_exp><and_exp></and_exp></or_exp>
</condition>
</trans>

<trans id="137" from="4" to="5">
<condition id="-1">
<or_exp><and_exp></and_exp></or_exp>
</condition>
</trans>

<trans id="138" from="5" to="6">
<condition id="-1">
<or_exp><and_exp><literal name="icmp_ln41" val="1"/>
</and_exp></or_exp>
</condition>
</trans>

<trans id="148" from="5" to="2">
<condition id="-1">
<or_exp><and_exp><literal name="icmp_ln41" val="0"/>
</and_exp></or_exp>
</condition>
</trans>

<trans id="140" from="6" to="7">
<condition id="-1">
<or_exp><and_exp></and_exp></or_exp>
</condition>
</trans>

<trans id="141" from="7" to="8">
<condition id="-1">
<or_exp><and_exp><literal name="icmp_ln45" val="1"/>
</and_exp></or_exp>
</condition>
</trans>

<trans id="142" from="7" to="9">
<condition id="-1">
<or_exp><and_exp><literal name="icmp_ln45" val="0"/>
</and_exp></or_exp>
</condition>
</trans>

<trans id="144" from="8" to="9">
<condition id="-1">
<or_exp><and_exp></and_exp></or_exp>
</condition>
</trans>

<trans id="147" from="9" to="5">
<condition id="-1">
<or_exp><and_exp></and_exp></or_exp>
</condition>
</trans>
</trans_list>



<state_list>

<state id="1" st_id="1">

<operation id="10" st_id="1" stage="1" lat="1">
<core>NULL</core>
<MemPortIdVec></MemPortIdVec>
<condition id="-1">
<or_exp><and_exp></and_exp></or_exp>
</condition>

<Node id="8" bw="0" op_0_bw="0" op_1_bw="8">
<![CDATA[
:0  call void (...)* @_ssdm_op_SpecBitsMap([128 x i8]* %level_1), !map !7

]]></Node>
<StgValue><ssdm name="specbitsmap_ln0"/></StgValue>
</operation>

<operation id="11" st_id="1" stage="1" lat="1">
<core>NULL</core>
<MemPortIdVec></MemPortIdVec>
<condition id="-1">
<or_exp><and_exp></and_exp></or_exp>
</condition>

<Node id="9" bw="0" op_0_bw="0" op_1_bw="8">
<![CDATA[
:1  call void (...)* @_ssdm_op_SpecBitsMap([128 x i8]* %level_0), !map !13

]]></Node>
<StgValue><ssdm name="specbitsmap_ln0"/></StgValue>
</operation>

<operation id="12" st_id="1" stage="1" lat="1">
<core>NULL</core>
<MemPortIdVec></MemPortIdVec>
<condition id="-1">
<or_exp><and_exp></and_exp></or_exp>
</condition>

<Node id="10" bw="0" op_0_bw="0" op_1_bw="64">
<![CDATA[
:2  call void (...)* @_ssdm_op_SpecBitsMap([256 x i64]* %nodes_edge_begin), !map !19

]]></Node>
<StgValue><ssdm name="specbitsmap_ln0"/></StgValue>
</operation>

<operation id="13" st_id="1" stage="1" lat="1">
<core>NULL</core>
<MemPortIdVec></MemPortIdVec>
<condition id="-1">
<or_exp><and_exp></and_exp></or_exp>
</condition>

<Node id="11" bw="0" op_0_bw="0" op_1_bw="64">
<![CDATA[
:3  call void (...)* @_ssdm_op_SpecBitsMap([256 x i64]* %nodes_edge_end), !map !25

]]></Node>
<StgValue><ssdm name="specbitsmap_ln0"/></StgValue>
</operation>

<operation id="14" st_id="1" stage="1" lat="1">
<core>NULL</core>
<MemPortIdVec></MemPortIdVec>
<condition id="-1">
<or_exp><and_exp></and_exp></or_exp>
</condition>

<Node id="12" bw="0" op_0_bw="0" op_1_bw="64">
<![CDATA[
:4  call void (...)* @_ssdm_op_SpecBitsMap([4096 x i64]* %edges_dst), !map !29

]]></Node>
<StgValue><ssdm name="specbitsmap_ln0"/></StgValue>
</operation>

<operation id="15" st_id="1" stage="1" lat="1">
<core>NULL</core>
<MemPortIdVec></MemPortIdVec>
<condition id="-1">
<or_exp><and_exp></and_exp></or_exp>
</condition>

<Node id="13" bw="0" op_0_bw="0" op_1_bw="64">
<![CDATA[
:5  call void (...)* @_ssdm_op_SpecBitsMap(i64 %starting_node), !map !35

]]></Node>
<StgValue><ssdm name="specbitsmap_ln0"/></StgValue>
</operation>

<operation id="16" st_id="1" stage="1" lat="1">
<core>NULL</core>
<MemPortIdVec></MemPortIdVec>
<condition id="-1">
<or_exp><and_exp></and_exp></or_exp>
</condition>

<Node id="14" bw="0" op_0_bw="0" op_1_bw="64">
<![CDATA[
:6  call void (...)* @_ssdm_op_SpecBitsMap([10 x i64]* %level_counts), !map !41

]]></Node>
<StgValue><ssdm name="specbitsmap_ln0"/></StgValue>
</operation>

<operation id="17" st_id="1" stage="1" lat="1">
<core>NULL</core>
<MemPortIdVec></MemPortIdVec>
<condition id="-1">
<or_exp><and_exp></and_exp></or_exp>
</condition>

<Node id="15" bw="64" op_0_bw="64" op_1_bw="64">
<![CDATA[
:7  %starting_node_read = call i64 @_ssdm_op_Read.ap_auto.i64(i64 %starting_node)

]]></Node>
<StgValue><ssdm name="starting_node_read"/></StgValue>
</operation>

<operation id="18" st_id="1" stage="1" lat="1">
<core>NULL</core>
<MemPortIdVec></MemPortIdVec>
<condition id="-1">
<or_exp><and_exp></and_exp></or_exp>
</condition>

<Node id="16" bw="4" op_0_bw="64" op_1_bw="64" op_2_bw="64">
<![CDATA[
:8  %level_counts_addr = getelementptr [10 x i64]* %level_counts, i64 0, i64 0

]]></Node>
<StgValue><ssdm name="level_counts_addr"/></StgValue>
</operation>

<operation id="19" st_id="1" stage="1" lat="1">
<core>NULL</core>
<MemPortIdVec></MemPortIdVec>
<condition id="-1">
<or_exp><and_exp></and_exp></or_exp>
</condition>

<Node id="17" bw="0" op_0_bw="0" op_1_bw="0">
<![CDATA[
:9  call void (...)* @_ssdm_op_SpecTopModule([4 x i8]* @bfs_str) nounwind

]]></Node>
<StgValue><ssdm name="spectopmodule_ln0"/></StgValue>
</operation>

<operation id="20" st_id="1" stage="1" lat="1">
<core>RAM</core>
<MemPortIdVec></MemPortIdVec>
<condition id="-1">
<or_exp><and_exp></and_exp></or_exp>
</condition>

<Node id="18" bw="64" op_0_bw="64">
<![CDATA[
:10  %queue = alloca [256 x i64], align 16

]]></Node>
<StgValue><ssdm name="queue"/><MemPortTyVec>2 3 </MemPortTyVec>
</StgValue>
</operation>

<operation id="21" st_id="1" stage="1" lat="1">
<core>NULL</core>
<MemPortIdVec></MemPortIdVec>
<condition id="-1">
<or_exp><and_exp></and_exp></or_exp>
</condition>

<Node id="19" bw="0" op_0_bw="0" op_1_bw="64" op_2_bw="0" op_3_bw="0" op_4_bw="0" op_5_bw="32" op_6_bw="0" op_7_bw="0" op_8_bw="0" op_9_bw="0" op_10_bw="0">
<![CDATA[
:11  call void (...)* @_ssdm_op_SpecMemCore([4096 x i64]* %edges_dst, [1 x i8]* @p_str1, [12 x i8]* @p_str2, [1 x i8]* @p_str1, i32 -1, [1 x i8]* @p_str1, [1 x i8]* @p_str1, [1 x i8]* @p_str1, [1 x i8]* @p_str1, [1 x i8]* @p_str1)

]]></Node>
<StgValue><ssdm name="specmemcore_ln17"/></StgValue>
</operation>

<operation id="22" st_id="1" stage="1" lat="1">
<core>NULL</core>
<MemPortIdVec></MemPortIdVec>
<condition id="-1">
<or_exp><and_exp></and_exp></or_exp>
</condition>

<Node id="20" bw="0" op_0_bw="0" op_1_bw="64" op_2_bw="0" op_3_bw="0" op_4_bw="0" op_5_bw="32" op_6_bw="0" op_7_bw="0" op_8_bw="0" op_9_bw="0" op_10_bw="0">
<![CDATA[
:12  call void (...)* @_ssdm_op_SpecMemCore([10 x i64]* %level_counts, [1 x i8]* @p_str1, [12 x i8]* @p_str2, [1 x i8]* @p_str1, i32 -1, [1 x i8]* @p_str1, [1 x i8]* @p_str1, [1 x i8]* @p_str1, [1 x i8]* @p_str1, [1 x i8]* @p_str1)

]]></Node>
<StgValue><ssdm name="specmemcore_ln17"/></StgValue>
</operation>

<operation id="23" st_id="1" stage="1" lat="1">
<core>NULL</core>
<MemPortIdVec></MemPortIdVec>
<condition id="-1">
<or_exp><and_exp></and_exp></or_exp>
</condition>

<Node id="21" bw="0" op_0_bw="0" op_1_bw="64" op_2_bw="64" op_3_bw="0" op_4_bw="0" op_5_bw="0" op_6_bw="32" op_7_bw="0" op_8_bw="0" op_9_bw="0" op_10_bw="0" op_11_bw="0">
<![CDATA[
:13  call void (...)* @_ssdm_op_SpecMemCore([256 x i64]* %nodes_edge_begin, [256 x i64]* %nodes_edge_end, [1 x i8]* @p_str1, [12 x i8]* @p_str2, [1 x i8]* @p_str1, i32 -1, [1 x i8]* @p_str1, [1 x i8]* @p_str1, [1 x i8]* @p_str1, [1 x i8]* @p_str1, [1 x i8]* @p_str1)

]]></Node>
<StgValue><ssdm name="specmemcore_ln17"/></StgValue>
</operation>

<operation id="24" st_id="1" stage="1" lat="1">
<core>NULL</core>
<MemPortIdVec></MemPortIdVec>
<condition id="-1">
<or_exp><and_exp></and_exp></or_exp>
</condition>

<Node id="22" bw="1" op_0_bw="64">
<![CDATA[
:14  %trunc_ln30 = trunc i64 %starting_node_read to i1

]]></Node>
<StgValue><ssdm name="trunc_ln30"/></StgValue>
</operation>

<operation id="25" st_id="1" stage="1" lat="1">
<core>NULL</core>
<MemPortIdVec></MemPortIdVec>
<condition id="-1">
<or_exp><and_exp></and_exp></or_exp>
</condition>

<Node id="23" bw="9" op_0_bw="9" op_1_bw="64" op_2_bw="32" op_3_bw="32">
<![CDATA[
:15  %lshr_ln = call i9 @_ssdm_op_PartSelect.i9.i64.i32.i32(i64 %starting_node_read, i32 1, i32 9)

]]></Node>
<StgValue><ssdm name="lshr_ln"/></StgValue>
</operation>

<operation id="26" st_id="1" stage="1" lat="1">
<core>NULL</core>
<MemPortIdVec></MemPortIdVec>
<condition id="-1">
<or_exp><and_exp></and_exp></or_exp>
</condition>

<Node id="24" bw="64" op_0_bw="9">
<![CDATA[
:16  %zext_ln30 = zext i9 %lshr_ln to i64

]]></Node>
<StgValue><ssdm name="zext_ln30"/></StgValue>
</operation>

<operation id="27" st_id="1" stage="1" lat="1">
<core>NULL</core>
<MemPortIdVec></MemPortIdVec>
<condition id="-1">
<or_exp><and_exp></and_exp></or_exp>
</condition>

<Node id="25" bw="7" op_0_bw="8" op_1_bw="64" op_2_bw="64">
<![CDATA[
:17  %level_0_addr = getelementptr [128 x i8]* %level_0, i64 0, i64 %zext_ln30

]]></Node>
<StgValue><ssdm name="level_0_addr"/></StgValue>
</operation>

<operation id="28" st_id="1" stage="1" lat="1">
<core>NULL</core>
<MemPortIdVec></MemPortIdVec>
<condition id="-1">
<or_exp><and_exp></and_exp></or_exp>
</condition>

<Node id="26" bw="7" op_0_bw="8" op_1_bw="64" op_2_bw="64">
<![CDATA[
:18  %level_1_addr = getelementptr [128 x i8]* %level_1, i64 0, i64 %zext_ln30

]]></Node>
<StgValue><ssdm name="level_1_addr"/></StgValue>
</operation>

<operation id="29" st_id="1" stage="1" lat="1">
<core>NULL</core>
<MemPortIdVec></MemPortIdVec>
<condition id="-1">
<or_exp><and_exp></and_exp></or_exp>
</condition>

<Node id="27" bw="0" op_0_bw="1" op_1_bw="0" op_2_bw="0">
<![CDATA[
:19  br i1 %trunc_ln30, label %branch7, label %branch6

]]></Node>
<StgValue><ssdm name="br_ln30"/></StgValue>
</operation>

<operation id="30" st_id="1" stage="1" lat="1">
<core>RAM</core>
<MemPortIdVec>0 </MemPortIdVec>
<condition id="-1">
<or_exp><and_exp><literal name="trunc_ln30" val="0"/>
</and_exp></or_exp>
</condition>

<Node id="29" bw="0" op_0_bw="8" op_1_bw="7">
<![CDATA[
branch6:0  store i8 0, i8* %level_0_addr, align 1

]]></Node>
<StgValue><ssdm name="store_ln30"/></StgValue>
</operation>

<operation id="31" st_id="1" stage="1" lat="1">
<core>NULL</core>
<MemPortIdVec></MemPortIdVec>
<condition id="-1">
<or_exp><and_exp><literal name="trunc_ln30" val="0"/>
</and_exp></or_exp>
</condition>

<Node id="30" bw="0" op_0_bw="0">
<![CDATA[
branch6:1  br label %1

]]></Node>
<StgValue><ssdm name="br_ln30"/></StgValue>
</operation>

<operation id="32" st_id="1" stage="1" lat="1">
<core>RAM</core>
<MemPortIdVec>0 </MemPortIdVec>
<condition id="-1">
<or_exp><and_exp><literal name="trunc_ln30" val="1"/>
</and_exp></or_exp>
</condition>

<Node id="32" bw="0" op_0_bw="8" op_1_bw="7">
<![CDATA[
branch7:0  store i8 0, i8* %level_1_addr, align 1

]]></Node>
<StgValue><ssdm name="store_ln30"/></StgValue>
</operation>

<operation id="33" st_id="1" stage="1" lat="1">
<core>NULL</core>
<MemPortIdVec></MemPortIdVec>
<condition id="-1">
<or_exp><and_exp><literal name="trunc_ln30" val="1"/>
</and_exp></or_exp>
</condition>

<Node id="33" bw="0" op_0_bw="0">
<![CDATA[
branch7:1  br label %1

]]></Node>
<StgValue><ssdm name="br_ln30"/></StgValue>
</operation>

<operation id="34" st_id="1" stage="1" lat="1">
<core>NULL</core>
<MemPortIdVec></MemPortIdVec>
<condition id="-1">
<or_exp><and_exp></and_exp></or_exp>
</condition>

<Node id="35" bw="64" op_0_bw="32">
<![CDATA[
:0  %q_in_0 = alloca i64

]]></Node>
<StgValue><ssdm name="q_in_0"/></StgValue>
</operation>

<operation id="35" st_id="1" stage="1" lat="1">
<core>RAM_1P_BRAM</core>
<MemPortIdVec>0 </MemPortIdVec>
<condition id="-1">
<or_exp><and_exp></and_exp></or_exp>
</condition>

<Node id="36" bw="0" op_0_bw="64" op_1_bw="4">
<![CDATA[
:1  store i64 1, i64* %level_counts_addr, align 8

]]></Node>
<StgValue><ssdm name="store_ln31"/></StgValue>
</operation>

<operation id="36" st_id="1" stage="1" lat="1">
<core>NULL</core>
<MemPortIdVec></MemPortIdVec>
<condition id="-1">
<or_exp><and_exp></and_exp></or_exp>
</condition>

<Node id="37" bw="8" op_0_bw="64" op_1_bw="64" op_2_bw="64">
<![CDATA[
:2  %queue_addr = getelementptr inbounds [256 x i64]* %queue, i64 0, i64 0

]]></Node>
<StgValue><ssdm name="queue_addr"/></StgValue>
</operation>

<operation id="37" st_id="1" stage="1" lat="1">
<core>RAM</core>
<MemPortIdVec>0 </MemPortIdVec>
<condition id="-1">
<or_exp><and_exp></and_exp></or_exp>
</condition>

<Node id="38" bw="0" op_0_bw="64" op_1_bw="8">
<![CDATA[
:3  store i64 %starting_node_read, i64* %queue_addr, align 16

]]></Node>
<StgValue><ssdm name="store_ln32"/></StgValue>
</operation>

<operation id="38" st_id="1" stage="1" lat="1">
<core>NULL</core>
<MemPortIdVec></MemPortIdVec>
<condition id="-1">
<or_exp><and_exp></and_exp></or_exp>
</condition>

<Node id="39" bw="0" op_0_bw="64" op_1_bw="64">
<![CDATA[
:4  store i64 2, i64* %q_in_0

]]></Node>
<StgValue><ssdm name="store_ln34"/></StgValue>
</operation>

<operation id="39" st_id="1" stage="1" lat="1">
<core>NULL</core>
<MemPortIdVec></MemPortIdVec>
<condition id="-1">
<or_exp><and_exp></and_exp></or_exp>
</condition>

<Node id="40" bw="0" op_0_bw="0">
<![CDATA[
:5  br label %2

]]></Node>
<StgValue><ssdm name="br_ln34"/></StgValue>
</operation>
</state>

<state id="2" st_id="2">

<operation id="40" st_id="2" stage="1" lat="1">
<core>NULL</core>
<MemPortIdVec></MemPortIdVec>
<condition id="-1">
<or_exp><and_exp></and_exp></or_exp>
</condition>

<Node id="42" bw="8" op_0_bw="8" op_1_bw="0" op_2_bw="8" op_3_bw="0">
<![CDATA[
:0  %q_out_0 = phi i8 [ 0, %1 ], [ %q_out, %loop_queue_end ]

]]></Node>
<StgValue><ssdm name="q_out_0"/></StgValue>
</operation>

<operation id="41" st_id="2" stage="1" lat="1">
<core>NULL</core>
<MemPortIdVec></MemPortIdVec>
<condition id="-1">
<or_exp><and_exp></and_exp></or_exp>
</condition>

<Node id="43" bw="9" op_0_bw="9" op_1_bw="0" op_2_bw="9" op_3_bw="0">
<![CDATA[
:1  %dummy_0 = phi i9 [ 0, %1 ], [ %dummy, %loop_queue_end ]

]]></Node>
<StgValue><ssdm name="dummy_0"/></StgValue>
</operation>

<operation id="42" st_id="2" stage="1" lat="1">
<core>NULL</core>
<MemPortIdVec></MemPortIdVec>
<condition id="-1">
<or_exp><and_exp></and_exp></or_exp>
</condition>

<Node id="44" bw="1" op_0_bw="1" op_1_bw="9" op_2_bw="32">
<![CDATA[
:2  %tmp_1 = call i1 @_ssdm_op_BitSelect.i1.i9.i32(i9 %dummy_0, i32 8)

]]></Node>
<StgValue><ssdm name="tmp_1"/></StgValue>
</operation>

<operation id="43" st_id="2" stage="1" lat="1">
<core>NULL</core>
<MemPortIdVec></MemPortIdVec>
<condition id="-1">
<or_exp><and_exp></and_exp></or_exp>
</condition>

<Node id="45" bw="32" op_0_bw="32" op_1_bw="64" op_2_bw="64" op_3_bw="64">
<![CDATA[
:3  %empty = call i32 (...)* @_ssdm_op_SpecLoopTripCount(i64 1, i64 256, i64 128)

]]></Node>
<StgValue><ssdm name="empty"/></StgValue>
</operation>

<operation id="44" st_id="2" stage="1" lat="1">
<core>AddSub</core>
<MemPortIdVec></MemPortIdVec>
<condition id="-1">
<or_exp><and_exp></and_exp></or_exp>
</condition>

<Node id="46" bw="8" op_0_bw="8" op_1_bw="8">
<![CDATA[
:4  %q_out = add i8 %q_out_0, 1

]]></Node>
<StgValue><ssdm name="q_out"/></StgValue>
</operation>

<operation id="45" st_id="2" stage="1" lat="1">
<core>NULL</core>
<MemPortIdVec></MemPortIdVec>
<condition id="-1">
<or_exp><and_exp></and_exp></or_exp>
</condition>

<Node id="47" bw="0" op_0_bw="1" op_1_bw="0" op_2_bw="0">
<![CDATA[
:5  br i1 %tmp_1, label %.loopexit.loopexit, label %loop_queue_begin

]]></Node>
<StgValue><ssdm name="br_ln34"/></StgValue>
</operation>

<operation id="46" st_id="2" stage="1" lat="1">
<core>NULL</core>
<MemPortIdVec></MemPortIdVec>
<condition id="-1">
<or_exp><and_exp><literal name="tmp_1" val="0"/>
</and_exp></or_exp>
</condition>

<Node id="49" bw="64" op_0_bw="64" op_1_bw="0">
<![CDATA[
loop_queue_begin:0  %q_in_0_load = load i64* %q_in_0

]]></Node>
<StgValue><ssdm name="q_in_0_load"/></StgValue>
</operation>

<operation id="47" st_id="2" stage="1" lat="1">
<core>NULL</core>
<MemPortIdVec></MemPortIdVec>
<condition id="-1">
<or_exp><and_exp><literal name="tmp_1" val="0"/>
</and_exp></or_exp>
</condition>

<Node id="50" bw="9" op_0_bw="8">
<![CDATA[
loop_queue_begin:1  %zext_ln34 = zext i8 %q_out_0 to i9

]]></Node>
<StgValue><ssdm name="zext_ln34"/></StgValue>
</operation>

<operation id="48" st_id="2" stage="1" lat="1">
<core>NULL</core>
<MemPortIdVec></MemPortIdVec>
<condition id="-1">
<or_exp><and_exp><literal name="tmp_1" val="0"/>
</and_exp></or_exp>
</condition>

<Node id="51" bw="64" op_0_bw="8">
<![CDATA[
loop_queue_begin:2  %zext_ln34_1 = zext i8 %q_out_0 to i64

]]></Node>
<StgValue><ssdm name="zext_ln34_1"/></StgValue>
</operation>

<operation id="49" st_id="2" stage="1" lat="1">
<core>NULL</core>
<MemPortIdVec></MemPortIdVec>
<condition id="-1">
<or_exp><and_exp><literal name="tmp_1" val="0"/>
</and_exp></or_exp>
</condition>

<Node id="52" bw="0" op_0_bw="0" op_1_bw="0">
<![CDATA[
loop_queue_begin:3  call void (...)* @_ssdm_op_SpecLoopName([11 x i8]* @p_str3) nounwind

]]></Node>
<StgValue><ssdm name="specloopname_ln34"/></StgValue>
</operation>

<operation id="50" st_id="2" stage="1" lat="1">
<core>NULL</core>
<MemPortIdVec></MemPortIdVec>
<condition id="-1">
<or_exp><and_exp><literal name="tmp_1" val="0"/>
</and_exp></or_exp>
</condition>

<Node id="53" bw="32" op_0_bw="32" op_1_bw="0">
<![CDATA[
loop_queue_begin:4  %tmp = call i32 (...)* @_ssdm_op_SpecRegionBegin([11 x i8]* @p_str3)

]]></Node>
<StgValue><ssdm name="tmp"/></StgValue>
</operation>

<operation id="51" st_id="2" stage="1" lat="1">
<core>NULL</core>
<MemPortIdVec></MemPortIdVec>
<condition id="-1">
<or_exp><and_exp><literal name="tmp_1" val="0"/>
</and_exp></or_exp>
</condition>

<Node id="54" bw="0" op_0_bw="0" op_1_bw="32" op_2_bw="32" op_3_bw="32" op_4_bw="32" op_5_bw="0">
<![CDATA[
loop_queue_begin:5  call void (...)* @_ssdm_op_SpecPipeline(i32 -1, i32 1, i32 1, i32 0, [1 x i8]* @p_str1) nounwind

]]></Node>
<StgValue><ssdm name="specpipeline_ln35"/></StgValue>
</operation>

<operation id="52" st_id="2" stage="1" lat="1">
<core>Cmp</core>
<MemPortIdVec></MemPortIdVec>
<condition id="-1">
<or_exp><and_exp><literal name="tmp_1" val="0"/>
</and_exp></or_exp>
</condition>

<Node id="55" bw="1" op_0_bw="64" op_1_bw="64">
<![CDATA[
loop_queue_begin:6  %icmp_ln35 = icmp ugt i64 %q_in_0_load, %zext_ln34_1

]]></Node>
<StgValue><ssdm name="icmp_ln35"/></StgValue>
</operation>

<operation id="53" st_id="2" stage="1" lat="1">
<core>NULL</core>
<MemPortIdVec></MemPortIdVec>
<condition id="-1">
<or_exp><and_exp><literal name="tmp_1" val="0"/>
</and_exp></or_exp>
</condition>

<Node id="56" bw="0" op_0_bw="1" op_1_bw="0" op_2_bw="0">
<![CDATA[
loop_queue_begin:7  br i1 %icmp_ln35, label %3, label %4

]]></Node>
<StgValue><ssdm name="br_ln35"/></StgValue>
</operation>

<operation id="54" st_id="2" stage="1" lat="1">
<core>Cmp</core>
<MemPortIdVec></MemPortIdVec>
<condition id="-1">
<or_exp><and_exp><literal name="tmp_1" val="0"/>
<literal name="icmp_ln35" val="0"/>
</and_exp></or_exp>
</condition>

<Node id="58" bw="1" op_0_bw="64" op_1_bw="64">
<![CDATA[
:0  %icmp_ln35_2 = icmp eq i64 %q_in_0_load, 0

]]></Node>
<StgValue><ssdm name="icmp_ln35_2"/></StgValue>
</operation>

<operation id="55" st_id="2" stage="1" lat="1">
<core>Cmp</core>
<MemPortIdVec></MemPortIdVec>
<condition id="-1">
<or_exp><and_exp><literal name="tmp_1" val="0"/>
<literal name="icmp_ln35" val="0"/>
</and_exp></or_exp>
</condition>

<Node id="59" bw="1" op_0_bw="8" op_1_bw="8">
<![CDATA[
:1  %icmp_ln35_3 = icmp eq i8 %q_out_0, -1

]]></Node>
<StgValue><ssdm name="icmp_ln35_3"/></StgValue>
</operation>

<operation id="56" st_id="2" stage="1" lat="1">
<core>LogicGate</core>
<MemPortIdVec></MemPortIdVec>
<condition id="-1">
<or_exp><and_exp><literal name="tmp_1" val="0"/>
<literal name="icmp_ln35" val="0"/>
</and_exp></or_exp>
</condition>

<Node id="60" bw="1" op_0_bw="1" op_1_bw="1">
<![CDATA[
:2  %and_ln35 = and i1 %icmp_ln35_2, %icmp_ln35_3

]]></Node>
<StgValue><ssdm name="and_ln35"/></StgValue>
</operation>

<operation id="57" st_id="2" stage="1" lat="1">
<core>NULL</core>
<MemPortIdVec></MemPortIdVec>
<condition id="-1">
<or_exp><and_exp><literal name="tmp_1" val="0"/>
<literal name="icmp_ln35" val="0"/>
</and_exp></or_exp>
</condition>

<Node id="61" bw="0" op_0_bw="1" op_1_bw="0" op_2_bw="0">
<![CDATA[
:3  br i1 %and_ln35, label %._crit_edge, label %._crit_edge1

]]></Node>
<StgValue><ssdm name="br_ln35"/></StgValue>
</operation>

<operation id="58" st_id="2" stage="1" lat="1">
<core>AddSub</core>
<MemPortIdVec></MemPortIdVec>
<condition id="-1">
<or_exp><and_exp><literal name="tmp_1" val="0"/>
<literal name="icmp_ln35" val="1"/>
</and_exp></or_exp>
</condition>

<Node id="63" bw="9" op_0_bw="9" op_1_bw="9">
<![CDATA[
:0  %add_ln35 = add i9 %zext_ln34, 1

]]></Node>
<StgValue><ssdm name="add_ln35"/></StgValue>
</operation>

<operation id="59" st_id="2" stage="1" lat="1">
<core>NULL</core>
<MemPortIdVec></MemPortIdVec>
<condition id="-1">
<or_exp><and_exp><literal name="tmp_1" val="0"/>
<literal name="icmp_ln35" val="1"/>
</and_exp></or_exp>
</condition>

<Node id="64" bw="64" op_0_bw="9">
<![CDATA[
:1  %zext_ln35 = zext i9 %add_ln35 to i64

]]></Node>
<StgValue><ssdm name="zext_ln35"/></StgValue>
</operation>

<operation id="60" st_id="2" stage="1" lat="1">
<core>Cmp</core>
<MemPortIdVec></MemPortIdVec>
<condition id="-1">
<or_exp><and_exp><literal name="tmp_1" val="0"/>
<literal name="icmp_ln35" val="1"/>
</and_exp></or_exp>
</condition>

<Node id="65" bw="1" op_0_bw="64" op_1_bw="64">
<![CDATA[
:2  %icmp_ln35_1 = icmp eq i64 %q_in_0_load, %zext_ln35

]]></Node>
<StgValue><ssdm name="icmp_ln35_1"/></StgValue>
</operation>

<operation id="61" st_id="2" stage="1" lat="1">
<core>NULL</core>
<MemPortIdVec></MemPortIdVec>
<condition id="-1">
<or_exp><and_exp><literal name="tmp_1" val="0"/>
<literal name="icmp_ln35" val="1"/>
</and_exp></or_exp>
</condition>

<Node id="66" bw="0" op_0_bw="1" op_1_bw="0" op_2_bw="0">
<![CDATA[
:3  br i1 %icmp_ln35_1, label %._crit_edge, label %._crit_edge1

]]></Node>
<StgValue><ssdm name="br_ln35"/></StgValue>
</operation>

<operation id="62" st_id="2" stage="1" lat="1">
<core>NULL</core>
<MemPortIdVec></MemPortIdVec>
<condition id="-1">
<or_exp><and_exp><literal name="tmp_1" val="0"/>
<literal name="icmp_ln35" val="1"/>
<literal name="icmp_ln35_1" val="0"/>
</and_exp><and_exp><literal name="tmp_1" val="0"/>
<literal name="icmp_ln35" val="0"/>
<literal name="and_ln35" val="0"/>
</and_exp></or_exp>
</condition>

<Node id="68" bw="8" op_0_bw="64" op_1_bw="64" op_2_bw="64">
<![CDATA[
._crit_edge1:0  %queue_addr_1 = getelementptr inbounds [256 x i64]* %queue, i64 0, i64 %zext_ln34_1

]]></Node>
<StgValue><ssdm name="queue_addr_1"/></StgValue>
</operation>

<operation id="63" st_id="2" stage="2" lat="2">
<core>RAM</core>
<MemPortIdVec>0 </MemPortIdVec>
<condition id="-1">
<or_exp><and_exp><literal name="tmp_1" val="0"/>
<literal name="icmp_ln35" val="1"/>
<literal name="icmp_ln35_1" val="0"/>
</and_exp><and_exp><literal name="tmp_1" val="0"/>
<literal name="icmp_ln35" val="0"/>
<literal name="and_ln35" val="0"/>
</and_exp></or_exp>
</condition>

<Node id="69" bw="64" op_0_bw="8">
<![CDATA[
._crit_edge1:1  %n = load i64* %queue_addr_1, align 8

]]></Node>
<StgValue><ssdm name="n"/></StgValue>
</operation>

<operation id="64" st_id="2" stage="1" lat="1">
<core>NULL</core>
<MemPortIdVec></MemPortIdVec>
<condition id="-1">
<or_exp><and_exp><literal name="tmp_1" val="0"/>
<literal name="icmp_ln35" val="1"/>
<literal name="icmp_ln35_1" val="1"/>
</and_exp><and_exp><literal name="tmp_1" val="0"/>
<literal name="icmp_ln35" val="0"/>
<literal name="and_ln35" val="1"/>
</and_exp></or_exp>
</condition>

<Node id="135" bw="0" op_0_bw="0">
<![CDATA[
._crit_edge:0  br label %.loopexit

]]></Node>
<StgValue><ssdm name="br_ln36"/></StgValue>
</operation>

<operation id="65" st_id="2" stage="1" lat="1">
<core>NULL</core>
<MemPortIdVec></MemPortIdVec>
<condition id="-1">
<or_exp><and_exp><literal name="tmp_1" val="1"/>
</and_exp></or_exp>
</condition>

<Node id="137" bw="0" op_0_bw="0">
<![CDATA[
.loopexit.loopexit:0  br label %.loopexit

]]></Node>
<StgValue><ssdm name="br_ln0"/></StgValue>
</operation>

<operation id="66" st_id="2" stage="1" lat="1">
<core>NULL</core>
<MemPortIdVec></MemPortIdVec>
<condition id="-1">
<or_exp><and_exp><literal name="icmp_ln35" val="1"/>
<literal name="icmp_ln35_1" val="1"/>
</and_exp><and_exp><literal name="icmp_ln35" val="0"/>
<literal name="and_ln35" val="1"/>
</and_exp><and_exp><literal name="tmp_1" val="1"/>
</and_exp></or_exp>
</condition>

<Node id="139" bw="0">
<![CDATA[
.loopexit:0  ret void

]]></Node>
<StgValue><ssdm name="ret_ln60"/></StgValue>
</operation>
</state>

<state id="3" st_id="3">

<operation id="67" st_id="3" stage="1" lat="2">
<core>RAM</core>
<MemPortIdVec>0 </MemPortIdVec>
<condition id="-1">
<or_exp><and_exp></and_exp></or_exp>
</condition>

<Node id="69" bw="64" op_0_bw="8">
<![CDATA[
._crit_edge1:1  %n = load i64* %queue_addr_1, align 8

]]></Node>
<StgValue><ssdm name="n"/></StgValue>
</operation>

<operation id="68" st_id="3" stage="1" lat="1">
<core>NULL</core>
<MemPortIdVec></MemPortIdVec>
<condition id="-1">
<or_exp><and_exp></and_exp></or_exp>
</condition>

<Node id="70" bw="8" op_0_bw="64" op_1_bw="64" op_2_bw="64">
<![CDATA[
._crit_edge1:2  %nodes_edge_begin_add = getelementptr [256 x i64]* %nodes_edge_begin, i64 0, i64 %n

]]></Node>
<StgValue><ssdm name="nodes_edge_begin_add"/></StgValue>
</operation>

<operation id="69" st_id="3" stage="2" lat="2">
<core>RAM_1P_BRAM</core>
<MemPortIdVec>0 </MemPortIdVec>
<condition id="-1">
<or_exp><and_exp></and_exp></or_exp>
</condition>

<Node id="71" bw="64" op_0_bw="8">
<![CDATA[
._crit_edge1:3  %tmp_begin = load i64* %nodes_edge_begin_add, align 8

]]></Node>
<StgValue><ssdm name="tmp_begin"/></StgValue>
</operation>

<operation id="70" st_id="3" stage="1" lat="1">
<core>NULL</core>
<MemPortIdVec></MemPortIdVec>
<condition id="-1">
<or_exp><and_exp></and_exp></or_exp>
</condition>

<Node id="72" bw="8" op_0_bw="64" op_1_bw="64" op_2_bw="64">
<![CDATA[
._crit_edge1:4  %nodes_edge_end_addr = getelementptr [256 x i64]* %nodes_edge_end, i64 0, i64 %n

]]></Node>
<StgValue><ssdm name="nodes_edge_end_addr"/></StgValue>
</operation>

<operation id="71" st_id="3" stage="2" lat="2">
<core>RAM_1P_BRAM</core>
<MemPortIdVec>0 </MemPortIdVec>
<condition id="-1">
<or_exp><and_exp></and_exp></or_exp>
</condition>

<Node id="73" bw="64" op_0_bw="8">
<![CDATA[
._crit_edge1:5  %tmp_end = load i64* %nodes_edge_end_addr, align 8

]]></Node>
<StgValue><ssdm name="tmp_end"/></StgValue>
</operation>

<operation id="72" st_id="3" stage="1" lat="1">
<core>NULL</core>
<MemPortIdVec></MemPortIdVec>
<condition id="-1">
<or_exp><and_exp></and_exp></or_exp>
</condition>

<Node id="74" bw="1" op_0_bw="64">
<![CDATA[
._crit_edge1:6  %trunc_ln46 = trunc i64 %n to i1

]]></Node>
<StgValue><ssdm name="trunc_ln46"/></StgValue>
</operation>

<operation id="73" st_id="3" stage="1" lat="1">
<core>NULL</core>
<MemPortIdVec></MemPortIdVec>
<condition id="-1">
<or_exp><and_exp></and_exp></or_exp>
</condition>

<Node id="75" bw="9" op_0_bw="9" op_1_bw="64" op_2_bw="32" op_3_bw="32">
<![CDATA[
._crit_edge1:7  %lshr_ln1 = call i9 @_ssdm_op_PartSelect.i9.i64.i32.i32(i64 %n, i32 1, i32 9)

]]></Node>
<StgValue><ssdm name="lshr_ln1"/></StgValue>
</operation>
</state>

<state id="4" st_id="4">

<operation id="74" st_id="4" stage="1" lat="2">
<core>RAM_1P_BRAM</core>
<MemPortIdVec>0 </MemPortIdVec>
<condition id="-1">
<or_exp><and_exp></and_exp></or_exp>
</condition>

<Node id="71" bw="64" op_0_bw="8">
<![CDATA[
._crit_edge1:3  %tmp_begin = load i64* %nodes_edge_begin_add, align 8

]]></Node>
<StgValue><ssdm name="tmp_begin"/></StgValue>
</operation>

<operation id="75" st_id="4" stage="1" lat="2">
<core>RAM_1P_BRAM</core>
<MemPortIdVec>0 </MemPortIdVec>
<condition id="-1">
<or_exp><and_exp></and_exp></or_exp>
</condition>

<Node id="73" bw="64" op_0_bw="8">
<![CDATA[
._crit_edge1:5  %tmp_end = load i64* %nodes_edge_end_addr, align 8

]]></Node>
<StgValue><ssdm name="tmp_end"/></StgValue>
</operation>

<operation id="76" st_id="4" stage="1" lat="1">
<core>NULL</core>
<MemPortIdVec></MemPortIdVec>
<condition id="-1">
<or_exp><and_exp></and_exp></or_exp>
</condition>

<Node id="76" bw="64" op_0_bw="9">
<![CDATA[
._crit_edge1:8  %zext_ln46 = zext i9 %lshr_ln1 to i64

]]></Node>
<StgValue><ssdm name="zext_ln46"/></StgValue>
</operation>

<operation id="77" st_id="4" stage="1" lat="1">
<core>NULL</core>
<MemPortIdVec></MemPortIdVec>
<condition id="-1">
<or_exp><and_exp><literal name="trunc_ln46" val="0"/>
</and_exp></or_exp>
</condition>

<Node id="77" bw="7" op_0_bw="8" op_1_bw="64" op_2_bw="64">
<![CDATA[
._crit_edge1:9  %level_0_addr_1 = getelementptr [128 x i8]* %level_0, i64 0, i64 %zext_ln46

]]></Node>
<StgValue><ssdm name="level_0_addr_1"/></StgValue>
</operation>

<operation id="78" st_id="4" stage="1" lat="1">
<core>NULL</core>
<MemPortIdVec></MemPortIdVec>
<condition id="-1">
<or_exp><and_exp><literal name="trunc_ln46" val="1"/>
</and_exp></or_exp>
</condition>

<Node id="78" bw="7" op_0_bw="8" op_1_bw="64" op_2_bw="64">
<![CDATA[
._crit_edge1:10  %level_1_addr_1 = getelementptr [128 x i8]* %level_1, i64 0, i64 %zext_ln46

]]></Node>
<StgValue><ssdm name="level_1_addr_1"/></StgValue>
</operation>

<operation id="79" st_id="4" stage="1" lat="1">
<core>NULL</core>
<MemPortIdVec></MemPortIdVec>
<condition id="-1">
<or_exp><and_exp></and_exp></or_exp>
</condition>

<Node id="79" bw="0" op_0_bw="0">
<![CDATA[
._crit_edge1:11  br label %5

]]></Node>
<StgValue><ssdm name="br_ln41"/></StgValue>
</operation>
</state>

<state id="5" st_id="5">

<operation id="80" st_id="5" stage="1" lat="1">
<core>NULL</core>
<MemPortIdVec></MemPortIdVec>
<condition id="-1">
<or_exp><and_exp></and_exp></or_exp>
</condition>

<Node id="81" bw="64" op_0_bw="64" op_1_bw="0" op_2_bw="64" op_3_bw="0">
<![CDATA[
:0  %e_0 = phi i64 [ %tmp_begin, %._crit_edge1 ], [ %e_1, %._crit_edge4 ]

]]></Node>
<StgValue><ssdm name="e_0"/></StgValue>
</operation>

<operation id="81" st_id="5" stage="1" lat="1">
<core>Cmp</core>
<MemPortIdVec></MemPortIdVec>
<condition id="-1">
<or_exp><and_exp></and_exp></or_exp>
</condition>

<Node id="82" bw="1" op_0_bw="64" op_1_bw="64">
<![CDATA[
:1  %icmp_ln41 = icmp ult i64 %e_0, %tmp_end

]]></Node>
<StgValue><ssdm name="icmp_ln41"/></StgValue>
</operation>

<operation id="82" st_id="5" stage="1" lat="1">
<core>NULL</core>
<MemPortIdVec></MemPortIdVec>
<condition id="-1">
<or_exp><and_exp></and_exp></or_exp>
</condition>

<Node id="83" bw="0" op_0_bw="1" op_1_bw="0" op_2_bw="0">
<![CDATA[
:2  br i1 %icmp_ln41, label %_ifconv, label %loop_queue_end

]]></Node>
<StgValue><ssdm name="br_ln41"/></StgValue>
</operation>

<operation id="83" st_id="5" stage="1" lat="1">
<core>NULL</core>
<MemPortIdVec></MemPortIdVec>
<condition id="-1">
<or_exp><and_exp><literal name="icmp_ln41" val="1"/>
</and_exp></or_exp>
</condition>

<Node id="86" bw="12" op_0_bw="64" op_1_bw="64" op_2_bw="64">
<![CDATA[
_ifconv:1  %edges_dst_addr = getelementptr [4096 x i64]* %edges_dst, i64 0, i64 %e_0

]]></Node>
<StgValue><ssdm name="edges_dst_addr"/></StgValue>
</operation>

<operation id="84" st_id="5" stage="2" lat="2">
<core>RAM_1P_BRAM</core>
<MemPortIdVec>0 </MemPortIdVec>
<condition id="-1">
<or_exp><and_exp><literal name="icmp_ln41" val="1"/>
</and_exp></or_exp>
</condition>

<Node id="87" bw="64" op_0_bw="12">
<![CDATA[
_ifconv:2  %tmp_dst = load i64* %edges_dst_addr, align 8

]]></Node>
<StgValue><ssdm name="tmp_dst"/></StgValue>
</operation>

<operation id="85" st_id="5" stage="1" lat="1">
<core>NULL</core>
<MemPortIdVec></MemPortIdVec>
<condition id="-1">
<or_exp><and_exp><literal name="icmp_ln41" val="0"/>
</and_exp></or_exp>
</condition>

<Node id="131" bw="32" op_0_bw="32" op_1_bw="0" op_2_bw="32">
<![CDATA[
loop_queue_end:0  %empty_5 = call i32 (...)* @_ssdm_op_SpecRegionEnd([11 x i8]* @p_str3, i32 %tmp)

]]></Node>
<StgValue><ssdm name="empty_5"/></StgValue>
</operation>

<operation id="86" st_id="5" stage="1" lat="1">
<core>AddSub</core>
<MemPortIdVec></MemPortIdVec>
<condition id="-1">
<or_exp><and_exp><literal name="icmp_ln41" val="0"/>
</and_exp></or_exp>
</condition>

<Node id="132" bw="9" op_0_bw="9" op_1_bw="9">
<![CDATA[
loop_queue_end:1  %dummy = add i9 %dummy_0, 1

]]></Node>
<StgValue><ssdm name="dummy"/></StgValue>
</operation>

<operation id="87" st_id="5" stage="1" lat="1">
<core>NULL</core>
<MemPortIdVec></MemPortIdVec>
<condition id="-1">
<or_exp><and_exp><literal name="icmp_ln41" val="0"/>
</and_exp></or_exp>
</condition>

<Node id="133" bw="0" op_0_bw="0">
<![CDATA[
loop_queue_end:2  br label %2

]]></Node>
<StgValue><ssdm name="br_ln34"/></StgValue>
</operation>
</state>

<state id="6" st_id="6">

<operation id="88" st_id="6" stage="1" lat="2">
<core>RAM_1P_BRAM</core>
<MemPortIdVec>0 </MemPortIdVec>
<condition id="-1">
<or_exp><and_exp></and_exp></or_exp>
</condition>

<Node id="87" bw="64" op_0_bw="12">
<![CDATA[
_ifconv:2  %tmp_dst = load i64* %edges_dst_addr, align 8

]]></Node>
<StgValue><ssdm name="tmp_dst"/></StgValue>
</operation>

<operation id="89" st_id="6" stage="1" lat="1">
<core>NULL</core>
<MemPortIdVec></MemPortIdVec>
<condition id="-1">
<or_exp><and_exp></and_exp></or_exp>
</condition>

<Node id="88" bw="1" op_0_bw="64">
<![CDATA[
_ifconv:3  %trunc_ln43 = trunc i64 %tmp_dst to i1

]]></Node>
<StgValue><ssdm name="trunc_ln43"/></StgValue>
</operation>

<operation id="90" st_id="6" stage="1" lat="1">
<core>NULL</core>
<MemPortIdVec></MemPortIdVec>
<condition id="-1">
<or_exp><and_exp></and_exp></or_exp>
</condition>

<Node id="89" bw="9" op_0_bw="9" op_1_bw="64" op_2_bw="32" op_3_bw="32">
<![CDATA[
_ifconv:4  %lshr_ln2 = call i9 @_ssdm_op_PartSelect.i9.i64.i32.i32(i64 %tmp_dst, i32 1, i32 9)

]]></Node>
<StgValue><ssdm name="lshr_ln2"/></StgValue>
</operation>

<operation id="91" st_id="6" stage="1" lat="1">
<core>NULL</core>
<MemPortIdVec></MemPortIdVec>
<condition id="-1">
<or_exp><and_exp></and_exp></or_exp>
</condition>

<Node id="90" bw="64" op_0_bw="9">
<![CDATA[
_ifconv:5  %zext_ln43 = zext i9 %lshr_ln2 to i64

]]></Node>
<StgValue><ssdm name="zext_ln43"/></StgValue>
</operation>

<operation id="92" st_id="6" stage="1" lat="1">
<core>NULL</core>
<MemPortIdVec></MemPortIdVec>
<condition id="-1">
<or_exp><and_exp></and_exp></or_exp>
</condition>

<Node id="91" bw="7" op_0_bw="8" op_1_bw="64" op_2_bw="64">
<![CDATA[
_ifconv:6  %level_0_addr_2 = getelementptr [128 x i8]* %level_0, i64 0, i64 %zext_ln43

]]></Node>
<StgValue><ssdm name="level_0_addr_2"/></StgValue>
</operation>

<operation id="93" st_id="6" stage="1" lat="1">
<core>NULL</core>
<MemPortIdVec></MemPortIdVec>
<condition id="-1">
<or_exp><and_exp></and_exp></or_exp>
</condition>

<Node id="92" bw="7" op_0_bw="8" op_1_bw="64" op_2_bw="64">
<![CDATA[
_ifconv:7  %level_1_addr_2 = getelementptr [128 x i8]* %level_1, i64 0, i64 %zext_ln43

]]></Node>
<StgValue><ssdm name="level_1_addr_2"/></StgValue>
</operation>

<operation id="94" st_id="6" stage="2" lat="2">
<core>RAM</core>
<MemPortIdVec>0 </MemPortIdVec>
<condition id="-1">
<or_exp><and_exp></and_exp></or_exp>
</condition>

<Node id="93" bw="8" op_0_bw="7">
<![CDATA[
_ifconv:8  %level_1_load = load i8* %level_1_addr_2, align 1

]]></Node>
<StgValue><ssdm name="level_1_load"/></StgValue>
</operation>

<operation id="95" st_id="6" stage="2" lat="2">
<core>RAM</core>
<MemPortIdVec>0 </MemPortIdVec>
<condition id="-1">
<or_exp><and_exp></and_exp></or_exp>
</condition>

<Node id="94" bw="8" op_0_bw="7">
<![CDATA[
_ifconv:9  %level_0_load = load i8* %level_0_addr_2, align 1

]]></Node>
<StgValue><ssdm name="level_0_load"/></StgValue>
</operation>
</state>

<state id="7" st_id="7">

<operation id="96" st_id="7" stage="1" lat="1">
<core>NULL</core>
<MemPortIdVec></MemPortIdVec>
<condition id="-1">
<or_exp><and_exp></and_exp></or_exp>
</condition>

<Node id="85" bw="0" op_0_bw="0" op_1_bw="0">
<![CDATA[
_ifconv:0  call void (...)* @_ssdm_op_SpecLoopName([15 x i8]* @p_str4) nounwind

]]></Node>
<StgValue><ssdm name="specloopname_ln41"/></StgValue>
</operation>

<operation id="97" st_id="7" stage="1" lat="2">
<core>RAM</core>
<MemPortIdVec>0 </MemPortIdVec>
<condition id="-1">
<or_exp><and_exp></and_exp></or_exp>
</condition>

<Node id="93" bw="8" op_0_bw="7">
<![CDATA[
_ifconv:8  %level_1_load = load i8* %level_1_addr_2, align 1

]]></Node>
<StgValue><ssdm name="level_1_load"/></StgValue>
</operation>

<operation id="98" st_id="7" stage="1" lat="2">
<core>RAM</core>
<MemPortIdVec>0 </MemPortIdVec>
<condition id="-1">
<or_exp><and_exp></and_exp></or_exp>
</condition>

<Node id="94" bw="8" op_0_bw="7">
<![CDATA[
_ifconv:9  %level_0_load = load i8* %level_0_addr_2, align 1

]]></Node>
<StgValue><ssdm name="level_0_load"/></StgValue>
</operation>

<operation id="99" st_id="7" stage="1" lat="1">
<core>Sel</core>
<MemPortIdVec></MemPortIdVec>
<condition id="-1">
<or_exp><and_exp></and_exp></or_exp>
</condition>

<Node id="95" bw="8" op_0_bw="1" op_1_bw="8" op_2_bw="8">
<![CDATA[
_ifconv:10  %tmp_level = select i1 %trunc_ln43, i8 %level_1_load, i8 %level_0_load

]]></Node>
<StgValue><ssdm name="tmp_level"/></StgValue>
</operation>

<operation id="100" st_id="7" stage="1" lat="1">
<core>Cmp</core>
<MemPortIdVec></MemPortIdVec>
<condition id="-1">
<or_exp><and_exp></and_exp></or_exp>
</condition>

<Node id="96" bw="1" op_0_bw="8" op_1_bw="8">
<![CDATA[
_ifconv:11  %icmp_ln45 = icmp eq i8 %tmp_level, 127

]]></Node>
<StgValue><ssdm name="icmp_ln45"/></StgValue>
</operation>

<operation id="101" st_id="7" stage="1" lat="1">
<core>NULL</core>
<MemPortIdVec></MemPortIdVec>
<condition id="-1">
<or_exp><and_exp></and_exp></or_exp>
</condition>

<Node id="97" bw="0" op_0_bw="1" op_1_bw="0" op_2_bw="0">
<![CDATA[
_ifconv:12  br i1 %icmp_ln45, label %_ifconv1, label %._crit_edge4

]]></Node>
<StgValue><ssdm name="br_ln45"/></StgValue>
</operation>

<operation id="102" st_id="7" stage="2" lat="2">
<core>RAM</core>
<MemPortIdVec>0 </MemPortIdVec>
<condition id="-1">
<or_exp><and_exp><literal name="icmp_ln45" val="1"/>
<literal name="trunc_ln46" val="1"/>
</and_exp></or_exp>
</condition>

<Node id="99" bw="8" op_0_bw="7">
<![CDATA[
_ifconv1:0  %level_1_load_1 = load i8* %level_1_addr_1, align 1

]]></Node>
<StgValue><ssdm name="level_1_load_1"/></StgValue>
</operation>

<operation id="103" st_id="7" stage="2" lat="2">
<core>RAM</core>
<MemPortIdVec>0 </MemPortIdVec>
<condition id="-1">
<or_exp><and_exp><literal name="icmp_ln45" val="1"/>
<literal name="trunc_ln46" val="0"/>
</and_exp></or_exp>
</condition>

<Node id="100" bw="8" op_0_bw="7">
<![CDATA[
_ifconv1:1  %level_0_load_1 = load i8* %level_0_addr_1, align 1

]]></Node>
<StgValue><ssdm name="level_0_load_1"/></StgValue>
</operation>
</state>

<state id="8" st_id="8">

<operation id="104" st_id="8" stage="1" lat="2">
<core>RAM</core>
<MemPortIdVec>0 </MemPortIdVec>
<condition id="-1">
<or_exp><and_exp><literal name="trunc_ln46" val="1"/>
</and_exp></or_exp>
</condition>

<Node id="99" bw="8" op_0_bw="7">
<![CDATA[
_ifconv1:0  %level_1_load_1 = load i8* %level_1_addr_1, align 1

]]></Node>
<StgValue><ssdm name="level_1_load_1"/></StgValue>
</operation>

<operation id="105" st_id="8" stage="1" lat="2">
<core>RAM</core>
<MemPortIdVec>0 </MemPortIdVec>
<condition id="-1">
<or_exp><and_exp><literal name="trunc_ln46" val="0"/>
</and_exp></or_exp>
</condition>

<Node id="100" bw="8" op_0_bw="7">
<![CDATA[
_ifconv1:1  %level_0_load_1 = load i8* %level_0_addr_1, align 1

]]></Node>
<StgValue><ssdm name="level_0_load_1"/></StgValue>
</operation>

<operation id="106" st_id="8" stage="1" lat="1">
<core>Sel</core>
<MemPortIdVec></MemPortIdVec>
<condition id="-1">
<or_exp><and_exp></and_exp></or_exp>
</condition>

<Node id="101" bw="8" op_0_bw="1" op_1_bw="8" op_2_bw="8">
<![CDATA[
_ifconv1:2  %select_ln46 = select i1 %trunc_ln46, i8 %level_1_load_1, i8 %level_0_load_1

]]></Node>
<StgValue><ssdm name="select_ln46"/></StgValue>
</operation>

<operation id="107" st_id="8" stage="1" lat="1">
<core>AddSub</core>
<MemPortIdVec></MemPortIdVec>
<condition id="-1">
<or_exp><and_exp></and_exp></or_exp>
</condition>

<Node id="102" bw="8" op_0_bw="8" op_1_bw="8">
<![CDATA[
_ifconv1:3  %tmp_level_1 = add i8 %select_ln46, 1

]]></Node>
<StgValue><ssdm name="tmp_level_1"/></StgValue>
</operation>

<operation id="108" st_id="8" stage="1" lat="1">
<core>NULL</core>
<MemPortIdVec></MemPortIdVec>
<condition id="-1">
<or_exp><and_exp></and_exp></or_exp>
</condition>

<Node id="103" bw="0" op_0_bw="1" op_1_bw="0" op_2_bw="0">
<![CDATA[
_ifconv1:4  br i1 %trunc_ln43, label %branch3, label %branch2

]]></Node>
<StgValue><ssdm name="br_ln47"/></StgValue>
</operation>

<operation id="109" st_id="8" stage="1" lat="1">
<core>RAM</core>
<MemPortIdVec>0 </MemPortIdVec>
<condition id="-1">
<or_exp><and_exp><literal name="trunc_ln43" val="0"/>
</and_exp></or_exp>
</condition>

<Node id="105" bw="0" op_0_bw="8" op_1_bw="7" op_2_bw="8" op_3_bw="8">
<![CDATA[
branch2:0  store i8 %tmp_level_1, i8* %level_0_addr_2, align 1

]]></Node>
<StgValue><ssdm name="store_ln47"/></StgValue>
</operation>

<operation id="110" st_id="8" stage="1" lat="1">
<core>NULL</core>
<MemPortIdVec></MemPortIdVec>
<condition id="-1">
<or_exp><and_exp><literal name="trunc_ln43" val="0"/>
</and_exp></or_exp>
</condition>

<Node id="106" bw="0" op_0_bw="0">
<![CDATA[
branch2:1  br label %6

]]></Node>
<StgValue><ssdm name="br_ln47"/></StgValue>
</operation>

<operation id="111" st_id="8" stage="1" lat="1">
<core>RAM</core>
<MemPortIdVec>0 </MemPortIdVec>
<condition id="-1">
<or_exp><and_exp><literal name="trunc_ln43" val="1"/>
</and_exp></or_exp>
</condition>

<Node id="108" bw="0" op_0_bw="8" op_1_bw="7" op_2_bw="8" op_3_bw="8">
<![CDATA[
branch3:0  store i8 %tmp_level_1, i8* %level_1_addr_2, align 1

]]></Node>
<StgValue><ssdm name="store_ln47"/></StgValue>
</operation>

<operation id="112" st_id="8" stage="1" lat="1">
<core>NULL</core>
<MemPortIdVec></MemPortIdVec>
<condition id="-1">
<or_exp><and_exp><literal name="trunc_ln43" val="1"/>
</and_exp></or_exp>
</condition>

<Node id="109" bw="0" op_0_bw="0">
<![CDATA[
branch3:1  br label %6

]]></Node>
<StgValue><ssdm name="br_ln47"/></StgValue>
</operation>

<operation id="113" st_id="8" stage="1" lat="1">
<core>NULL</core>
<MemPortIdVec></MemPortIdVec>
<condition id="-1">
<or_exp><and_exp></and_exp></or_exp>
</condition>

<Node id="111" bw="64" op_0_bw="64" op_1_bw="0">
<![CDATA[
:0  %q_in_0_load_1 = load i64* %q_in_0

]]></Node>
<StgValue><ssdm name="q_in_0_load_1"/></StgValue>
</operation>

<operation id="114" st_id="8" stage="1" lat="1">
<core>NULL</core>
<MemPortIdVec></MemPortIdVec>
<condition id="-1">
<or_exp><and_exp></and_exp></or_exp>
</condition>

<Node id="112" bw="64" op_0_bw="8">
<![CDATA[
:1  %sext_ln48 = sext i8 %tmp_level_1 to i64

]]></Node>
<StgValue><ssdm name="sext_ln48"/></StgValue>
</operation>

<operation id="115" st_id="8" stage="1" lat="1">
<core>NULL</core>
<MemPortIdVec></MemPortIdVec>
<condition id="-1">
<or_exp><and_exp></and_exp></or_exp>
</condition>

<Node id="113" bw="4" op_0_bw="64" op_1_bw="64" op_2_bw="64">
<![CDATA[
:2  %level_counts_addr_1 = getelementptr [10 x i64]* %level_counts, i64 0, i64 %sext_ln48

]]></Node>
<StgValue><ssdm name="level_counts_addr_1"/></StgValue>
</operation>

<operation id="116" st_id="8" stage="2" lat="2">
<core>RAM_1P_BRAM</core>
<MemPortIdVec>0 </MemPortIdVec>
<condition id="-1">
<or_exp><and_exp></and_exp></or_exp>
</condition>

<Node id="114" bw="64" op_0_bw="4">
<![CDATA[
:3  %level_counts_load = load i64* %level_counts_addr_1, align 8

]]></Node>
<StgValue><ssdm name="level_counts_load"/></StgValue>
</operation>

<operation id="117" st_id="8" stage="1" lat="1">
<core>Cmp</core>
<MemPortIdVec></MemPortIdVec>
<condition id="-1">
<or_exp><and_exp></and_exp></or_exp>
</condition>

<Node id="117" bw="1" op_0_bw="64" op_1_bw="64">
<![CDATA[
:6  %icmp_ln49 = icmp eq i64 %q_in_0_load_1, 0

]]></Node>
<StgValue><ssdm name="icmp_ln49"/></StgValue>
</operation>

<operation id="118" st_id="8" stage="1" lat="1">
<core>AddSub</core>
<MemPortIdVec></MemPortIdVec>
<condition id="-1">
<or_exp><and_exp></and_exp></or_exp>
</condition>

<Node id="118" bw="64" op_0_bw="64" op_1_bw="64">
<![CDATA[
:7  %add_ln49 = add i64 -1, %q_in_0_load_1

]]></Node>
<StgValue><ssdm name="add_ln49"/></StgValue>
</operation>

<operation id="119" st_id="8" stage="1" lat="1">
<core>Sel</core>
<MemPortIdVec></MemPortIdVec>
<condition id="-1">
<or_exp><and_exp></and_exp></or_exp>
</condition>

<Node id="119" bw="64" op_0_bw="1" op_1_bw="64" op_2_bw="64">
<![CDATA[
:8  %select_ln49 = select i1 %icmp_ln49, i64 255, i64 %add_ln49

]]></Node>
<StgValue><ssdm name="select_ln49"/></StgValue>
</operation>

<operation id="120" st_id="8" stage="1" lat="1">
<core>NULL</core>
<MemPortIdVec></MemPortIdVec>
<condition id="-1">
<or_exp><and_exp></and_exp></or_exp>
</condition>

<Node id="120" bw="8" op_0_bw="64" op_1_bw="64" op_2_bw="64">
<![CDATA[
:9  %queue_addr_2 = getelementptr inbounds [256 x i64]* %queue, i64 0, i64 %select_ln49

]]></Node>
<StgValue><ssdm name="queue_addr_2"/></StgValue>
</operation>

<operation id="121" st_id="8" stage="1" lat="1">
<core>RAM</core>
<MemPortIdVec>0 </MemPortIdVec>
<condition id="-1">
<or_exp><and_exp></and_exp></or_exp>
</condition>

<Node id="121" bw="0" op_0_bw="64" op_1_bw="8">
<![CDATA[
:10  store i64 %tmp_dst, i64* %queue_addr_2, align 8

]]></Node>
<StgValue><ssdm name="store_ln49"/></StgValue>
</operation>

<operation id="122" st_id="8" stage="1" lat="1">
<core>NULL</core>
<MemPortIdVec></MemPortIdVec>
<condition id="-1">
<or_exp><and_exp></and_exp></or_exp>
</condition>

<Node id="122" bw="8" op_0_bw="64">
<![CDATA[
:11  %trunc_ln49 = trunc i64 %q_in_0_load_1 to i8

]]></Node>
<StgValue><ssdm name="trunc_ln49"/></StgValue>
</operation>

<operation id="123" st_id="8" stage="1" lat="1">
<core>AddSub</core>
<MemPortIdVec></MemPortIdVec>
<condition id="-1">
<or_exp><and_exp></and_exp></or_exp>
</condition>

<Node id="123" bw="8" op_0_bw="8" op_1_bw="8">
<![CDATA[
:12  %q_in = add i8 1, %trunc_ln49

]]></Node>
<StgValue><ssdm name="q_in"/></StgValue>
</operation>

<operation id="124" st_id="8" stage="1" lat="1">
<core>NULL</core>
<MemPortIdVec></MemPortIdVec>
<condition id="-1">
<or_exp><and_exp></and_exp></or_exp>
</condition>

<Node id="124" bw="64" op_0_bw="8">
<![CDATA[
:13  %zext_ln49 = zext i8 %q_in to i64

]]></Node>
<StgValue><ssdm name="zext_ln49"/></StgValue>
</operation>

<operation id="125" st_id="8" stage="1" lat="1">
<core>NULL</core>
<MemPortIdVec></MemPortIdVec>
<condition id="-1">
<or_exp><and_exp></and_exp></or_exp>
</condition>

<Node id="125" bw="0" op_0_bw="64" op_1_bw="64" op_2_bw="64" op_3_bw="0" op_4_bw="64">
<![CDATA[
:14  store i64 %zext_ln49, i64* %q_in_0

]]></Node>
<StgValue><ssdm name="store_ln50"/></StgValue>
</operation>
</state>

<state id="9" st_id="9">

<operation id="126" st_id="9" stage="1" lat="2">
<core>RAM_1P_BRAM</core>
<MemPortIdVec>0 </MemPortIdVec>
<condition id="-1">
<or_exp><and_exp><literal name="icmp_ln45" val="1"/>
</and_exp></or_exp>
</condition>

<Node id="114" bw="64" op_0_bw="4">
<![CDATA[
:3  %level_counts_load = load i64* %level_counts_addr_1, align 8

]]></Node>
<StgValue><ssdm name="level_counts_load"/></StgValue>
</operation>

<operation id="127" st_id="9" stage="1" lat="1">
<core>AddSub</core>
<MemPortIdVec></MemPortIdVec>
<condition id="-1">
<or_exp><and_exp><literal name="icmp_ln45" val="1"/>
</and_exp></or_exp>
</condition>

<Node id="115" bw="64" op_0_bw="64" op_1_bw="64">
<![CDATA[
:4  %add_ln48 = add i64 1, %level_counts_load

]]></Node>
<StgValue><ssdm name="add_ln48"/></StgValue>
</operation>

<operation id="128" st_id="9" stage="1" lat="1">
<core>RAM_1P_BRAM</core>
<MemPortIdVec>0 </MemPortIdVec>
<condition id="-1">
<or_exp><and_exp><literal name="icmp_ln45" val="1"/>
</and_exp></or_exp>
</condition>

<Node id="116" bw="0" op_0_bw="64" op_1_bw="4" op_2_bw="64">
<![CDATA[
:5  store i64 %add_ln48, i64* %level_counts_addr_1, align 8

]]></Node>
<StgValue><ssdm name="store_ln48"/></StgValue>
</operation>

<operation id="129" st_id="9" stage="1" lat="1">
<core>NULL</core>
<MemPortIdVec></MemPortIdVec>
<condition id="-1">
<or_exp><and_exp><literal name="icmp_ln45" val="1"/>
</and_exp></or_exp>
</condition>

<Node id="126" bw="0" op_0_bw="0">
<![CDATA[
:15  br label %._crit_edge4

]]></Node>
<StgValue><ssdm name="br_ln50"/></StgValue>
</operation>

<operation id="130" st_id="9" stage="1" lat="1">
<core>AddSub</core>
<MemPortIdVec></MemPortIdVec>
<condition id="-1">
<or_exp><and_exp></and_exp></or_exp>
</condition>

<Node id="128" bw="64" op_0_bw="64" op_1_bw="64">
<![CDATA[
._crit_edge4:0  %e_1 = add i64 %e_0, 1

]]></Node>
<StgValue><ssdm name="e_1"/></StgValue>
</operation>

<operation id="131" st_id="9" stage="1" lat="1">
<core>NULL</core>
<MemPortIdVec></MemPortIdVec>
<condition id="-1">
<or_exp><and_exp></and_exp></or_exp>
</condition>

<Node id="129" bw="0" op_0_bw="0">
<![CDATA[
._crit_edge4:1  br label %5

]]></Node>
<StgValue><ssdm name="br_ln41"/></StgValue>
</operation>
</state>
</state_list>


<ports>
<port id="149" name="nodes_edge_begin" dir="0" iftype="1">
<core>RAM_1P_BRAM</core><StgValue><ssdm name="nodes_edge_begin"/><MemPortTyVec>1 </MemPortTyVec>
</StgValue>
</port>
<port id="150" name="nodes_edge_end" dir="0" iftype="1">
<core>RAM_1P_BRAM</core><StgValue><ssdm name="nodes_edge_end"/><MemPortTyVec>1 </MemPortTyVec>
</StgValue>
</port>
<port id="151" name="edges_dst" dir="0" iftype="1">
<core>RAM_1P_BRAM</core><StgValue><ssdm name="edges_dst"/><MemPortTyVec>1 </MemPortTyVec>
</StgValue>
</port>
<port id="152" name="starting_node" dir="0" iftype="0">
<core>NULL</core><StgValue><ssdm name="starting_node"/></StgValue>
</port>
<port id="153" name="level_0" dir="2" iftype="1">
<core>RAM</core><StgValue><ssdm name="level_0"/><MemPortTyVec>2 3 </MemPortTyVec>
</StgValue>
</port>
<port id="154" name="level_1" dir="2" iftype="1">
<core>RAM</core><StgValue><ssdm name="level_1"/><MemPortTyVec>2 3 </MemPortTyVec>
</StgValue>
</port>
<port id="155" name="level_counts" dir="2" iftype="1">
<core>RAM_1P_BRAM</core><StgValue><ssdm name="level_counts"/><MemPortTyVec>2 </MemPortTyVec>
</StgValue>
</port>
</ports>


<dataflows>
<dataflow id="157" from="_ssdm_op_SpecBitsMap" to="specbitsmap_ln0" fromId="156" toId="10">
</dataflow>
<dataflow id="158" from="level_1" to="specbitsmap_ln0" fromId="154" toId="10">
</dataflow>
<dataflow id="159" from="_ssdm_op_SpecBitsMap" to="specbitsmap_ln0" fromId="156" toId="11">
</dataflow>
<dataflow id="160" from="level_0" to="specbitsmap_ln0" fromId="153" toId="11">
</dataflow>
<dataflow id="161" from="_ssdm_op_SpecBitsMap" to="specbitsmap_ln0" fromId="156" toId="12">
</dataflow>
<dataflow id="162" from="nodes_edge_begin" to="specbitsmap_ln0" fromId="149" toId="12">
</dataflow>
<dataflow id="163" from="_ssdm_op_SpecBitsMap" to="specbitsmap_ln0" fromId="156" toId="13">
</dataflow>
<dataflow id="164" from="nodes_edge_end" to="specbitsmap_ln0" fromId="150" toId="13">
</dataflow>
<dataflow id="165" from="_ssdm_op_SpecBitsMap" to="specbitsmap_ln0" fromId="156" toId="14">
</dataflow>
<dataflow id="166" from="edges_dst" to="specbitsmap_ln0" fromId="151" toId="14">
</dataflow>
<dataflow id="167" from="_ssdm_op_SpecBitsMap" to="specbitsmap_ln0" fromId="156" toId="15">
</dataflow>
<dataflow id="168" from="starting_node" to="specbitsmap_ln0" fromId="152" toId="15">
</dataflow>
<dataflow id="169" from="_ssdm_op_SpecBitsMap" to="specbitsmap_ln0" fromId="156" toId="16">
</dataflow>
<dataflow id="170" from="level_counts" to="specbitsmap_ln0" fromId="155" toId="16">
</dataflow>
<dataflow id="172" from="_ssdm_op_Read.ap_auto.i64" to="starting_node_read" fromId="171" toId="17">
</dataflow>
<dataflow id="173" from="starting_node" to="starting_node_read" fromId="152" toId="17">
</dataflow>
<dataflow id="174" from="level_counts" to="level_counts_addr" fromId="155" toId="18">
</dataflow>
<dataflow id="176" from="StgValue_175" to="level_counts_addr" fromId="175" toId="18">
</dataflow>
<dataflow id="177" from="StgValue_175" to="level_counts_addr" fromId="175" toId="18">
</dataflow>
<dataflow id="179" from="_ssdm_op_SpecTopModule" to="spectopmodule_ln0" fromId="178" toId="19">
</dataflow>
<dataflow id="181" from="bfs_str" to="spectopmodule_ln0" fromId="180" toId="19">
</dataflow>
<dataflow id="183" from="StgValue_182" to="queue" fromId="182" toId="20">
</dataflow>
<dataflow id="185" from="_ssdm_op_SpecMemCore" to="specmemcore_ln17" fromId="184" toId="21">
</dataflow>
<dataflow id="186" from="edges_dst" to="specmemcore_ln17" fromId="151" toId="21">
</dataflow>
<dataflow id="188" from="p_str1" to="specmemcore_ln17" fromId="187" toId="21">
</dataflow>
<dataflow id="190" from="p_str2" to="specmemcore_ln17" fromId="189" toId="21">
</dataflow>
<dataflow id="191" from="p_str1" to="specmemcore_ln17" fromId="187" toId="21">
</dataflow>
<dataflow id="193" from="StgValue_192" to="specmemcore_ln17" fromId="192" toId="21">
</dataflow>
<dataflow id="194" from="p_str1" to="specmemcore_ln17" fromId="187" toId="21">
</dataflow>
<dataflow id="195" from="p_str1" to="specmemcore_ln17" fromId="187" toId="21">
</dataflow>
<dataflow id="196" from="p_str1" to="specmemcore_ln17" fromId="187" toId="21">
</dataflow>
<dataflow id="197" from="p_str1" to="specmemcore_ln17" fromId="187" toId="21">
</dataflow>
<dataflow id="198" from="p_str1" to="specmemcore_ln17" fromId="187" toId="21">
</dataflow>
<dataflow id="199" from="_ssdm_op_SpecMemCore" to="specmemcore_ln17" fromId="184" toId="22">
</dataflow>
<dataflow id="200" from="level_counts" to="specmemcore_ln17" fromId="155" toId="22">
</dataflow>
<dataflow id="201" from="p_str1" to="specmemcore_ln17" fromId="187" toId="22">
</dataflow>
<dataflow id="202" from="p_str2" to="specmemcore_ln17" fromId="189" toId="22">
</dataflow>
<dataflow id="203" from="p_str1" to="specmemcore_ln17" fromId="187" toId="22">
</dataflow>
<dataflow id="204" from="StgValue_192" to="specmemcore_ln17" fromId="192" toId="22">
</dataflow>
<dataflow id="205" from="p_str1" to="specmemcore_ln17" fromId="187" toId="22">
</dataflow>
<dataflow id="206" from="p_str1" to="specmemcore_ln17" fromId="187" toId="22">
</dataflow>
<dataflow id="207" from="p_str1" to="specmemcore_ln17" fromId="187" toId="22">
</dataflow>
<dataflow id="208" from="p_str1" to="specmemcore_ln17" fromId="187" toId="22">
</dataflow>
<dataflow id="209" from="p_str1" to="specmemcore_ln17" fromId="187" toId="22">
</dataflow>
<dataflow id="210" from="_ssdm_op_SpecMemCore" to="specmemcore_ln17" fromId="184" toId="23">
</dataflow>
<dataflow id="211" from="nodes_edge_begin" to="specmemcore_ln17" fromId="149" toId="23">
</dataflow>
<dataflow id="212" from="nodes_edge_end" to="specmemcore_ln17" fromId="150" toId="23">
</dataflow>
<dataflow id="213" from="p_str1" to="specmemcore_ln17" fromId="187" toId="23">
</dataflow>
<dataflow id="214" from="p_str2" to="specmemcore_ln17" fromId="189" toId="23">
</dataflow>
<dataflow id="215" from="p_str1" to="specmemcore_ln17" fromId="187" toId="23">
</dataflow>
<dataflow id="216" from="StgValue_192" to="specmemcore_ln17" fromId="192" toId="23">
</dataflow>
<dataflow id="217" from="p_str1" to="specmemcore_ln17" fromId="187" toId="23">
</dataflow>
<dataflow id="218" from="p_str1" to="specmemcore_ln17" fromId="187" toId="23">
</dataflow>
<dataflow id="219" from="p_str1" to="specmemcore_ln17" fromId="187" toId="23">
</dataflow>
<dataflow id="220" from="p_str1" to="specmemcore_ln17" fromId="187" toId="23">
</dataflow>
<dataflow id="221" from="p_str1" to="specmemcore_ln17" fromId="187" toId="23">
</dataflow>
<dataflow id="222" from="starting_node_read" to="trunc_ln30" fromId="17" toId="24">
</dataflow>
<dataflow id="224" from="_ssdm_op_PartSelect.i9.i64.i32.i32" to="lshr_ln" fromId="223" toId="25">
</dataflow>
<dataflow id="225" from="starting_node_read" to="lshr_ln" fromId="17" toId="25">
</dataflow>
<dataflow id="227" from="StgValue_226" to="lshr_ln" fromId="226" toId="25">
</dataflow>
<dataflow id="229" from="StgValue_228" to="lshr_ln" fromId="228" toId="25">
</dataflow>
<dataflow id="230" from="lshr_ln" to="zext_ln30" fromId="25" toId="26">
</dataflow>
<dataflow id="231" from="level_0" to="level_0_addr" fromId="153" toId="27">
</dataflow>
<dataflow id="232" from="StgValue_175" to="level_0_addr" fromId="175" toId="27">
</dataflow>
<dataflow id="233" from="zext_ln30" to="level_0_addr" fromId="26" toId="27">
</dataflow>
<dataflow id="234" from="level_1" to="level_1_addr" fromId="154" toId="28">
</dataflow>
<dataflow id="235" from="StgValue_175" to="level_1_addr" fromId="175" toId="28">
</dataflow>
<dataflow id="236" from="zext_ln30" to="level_1_addr" fromId="26" toId="28">
</dataflow>
<dataflow id="237" from="trunc_ln30" to="br_ln30" fromId="24" toId="29">
</dataflow>
<dataflow id="239" from="StgValue_238" to="store_ln30" fromId="238" toId="30">
</dataflow>
<dataflow id="240" from="level_0_addr" to="store_ln30" fromId="27" toId="30">
</dataflow>
<dataflow id="241" from="StgValue_238" to="store_ln30" fromId="238" toId="32">
</dataflow>
<dataflow id="242" from="level_1_addr" to="store_ln30" fromId="28" toId="32">
</dataflow>
<dataflow id="243" from="StgValue_226" to="q_in_0" fromId="226" toId="34">
</dataflow>
<dataflow id="244" from="StgValue_182" to="store_ln31" fromId="182" toId="35">
</dataflow>
<dataflow id="245" from="level_counts_addr" to="store_ln31" fromId="18" toId="35">
</dataflow>
<dataflow id="246" from="queue" to="queue_addr" fromId="20" toId="36">
</dataflow>
<dataflow id="247" from="StgValue_175" to="queue_addr" fromId="175" toId="36">
</dataflow>
<dataflow id="248" from="StgValue_175" to="queue_addr" fromId="175" toId="36">
</dataflow>
<dataflow id="249" from="starting_node_read" to="store_ln32" fromId="17" toId="37">
</dataflow>
<dataflow id="250" from="queue_addr" to="store_ln32" fromId="36" toId="37">
</dataflow>
<dataflow id="252" from="StgValue_251" to="store_ln34" fromId="251" toId="38">
</dataflow>
<dataflow id="253" from="q_in_0" to="store_ln34" fromId="34" toId="38">
</dataflow>
<dataflow id="254" from="StgValue_238" to="q_out_0" fromId="238" toId="40">
<condition id="-1">
<or_exp><and_exp></and_exp></or_exp>
</condition>
</dataflow>
<dataflow id="255" from="br_ln34" to="q_out_0" fromId="39" toId="40">
</dataflow>
<dataflow id="256" from="q_out" to="q_out_0" fromId="44" toId="40">
<BackEdge/>
<condition id="-1">
<or_exp><and_exp><literal name="icmp_ln41" val="0"/>
</and_exp></or_exp>
</condition>
</dataflow>
<dataflow id="257" from="br_ln34" to="q_out_0" fromId="87" toId="40">
<BackEdge/>
</dataflow>
<dataflow id="259" from="StgValue_258" to="dummy_0" fromId="258" toId="41">
<condition id="-1">
<or_exp><and_exp></and_exp></or_exp>
</condition>
</dataflow>
<dataflow id="260" from="br_ln34" to="dummy_0" fromId="39" toId="41">
</dataflow>
<dataflow id="261" from="dummy" to="dummy_0" fromId="86" toId="41">
<BackEdge/>
<condition id="-1">
<or_exp><and_exp><literal name="icmp_ln41" val="0"/>
</and_exp></or_exp>
</condition>
</dataflow>
<dataflow id="262" from="br_ln34" to="dummy_0" fromId="87" toId="41">
<BackEdge/>
</dataflow>
<dataflow id="264" from="_ssdm_op_BitSelect.i1.i9.i32" to="tmp_1" fromId="263" toId="42">
</dataflow>
<dataflow id="265" from="dummy_0" to="tmp_1" fromId="41" toId="42">
</dataflow>
<dataflow id="267" from="StgValue_266" to="tmp_1" fromId="266" toId="42">
</dataflow>
<dataflow id="269" from="_ssdm_op_SpecLoopTripCount" to="empty" fromId="268" toId="43">
</dataflow>
<dataflow id="270" from="StgValue_182" to="empty" fromId="182" toId="43">
</dataflow>
<dataflow id="272" from="StgValue_271" to="empty" fromId="271" toId="43">
</dataflow>
<dataflow id="274" from="StgValue_273" to="empty" fromId="273" toId="43">
</dataflow>
<dataflow id="275" from="q_out_0" to="q_out" fromId="40" toId="44">
</dataflow>
<dataflow id="277" from="StgValue_276" to="q_out" fromId="276" toId="44">
</dataflow>
<dataflow id="278" from="tmp_1" to="br_ln34" fromId="42" toId="45">
</dataflow>
<dataflow id="279" from="q_in_0" to="q_in_0_load" fromId="34" toId="46">
</dataflow>
<dataflow id="280" from="q_out_0" to="zext_ln34" fromId="40" toId="47">
</dataflow>
<dataflow id="281" from="q_out_0" to="zext_ln34_1" fromId="40" toId="48">
</dataflow>
<dataflow id="283" from="_ssdm_op_SpecLoopName" to="specloopname_ln34" fromId="282" toId="49">
</dataflow>
<dataflow id="285" from="p_str3" to="specloopname_ln34" fromId="284" toId="49">
</dataflow>
<dataflow id="287" from="_ssdm_op_SpecRegionBegin" to="tmp" fromId="286" toId="50">
</dataflow>
<dataflow id="288" from="p_str3" to="tmp" fromId="284" toId="50">
</dataflow>
<dataflow id="290" from="_ssdm_op_SpecPipeline" to="specpipeline_ln35" fromId="289" toId="51">
</dataflow>
<dataflow id="291" from="StgValue_192" to="specpipeline_ln35" fromId="192" toId="51">
</dataflow>
<dataflow id="292" from="StgValue_226" to="specpipeline_ln35" fromId="226" toId="51">
</dataflow>
<dataflow id="293" from="StgValue_226" to="specpipeline_ln35" fromId="226" toId="51">
</dataflow>
<dataflow id="295" from="StgValue_294" to="specpipeline_ln35" fromId="294" toId="51">
</dataflow>
<dataflow id="296" from="p_str1" to="specpipeline_ln35" fromId="187" toId="51">
</dataflow>
<dataflow id="297" from="q_in_0_load" to="icmp_ln35" fromId="46" toId="52">
</dataflow>
<dataflow id="298" from="zext_ln34_1" to="icmp_ln35" fromId="48" toId="52">
</dataflow>
<dataflow id="299" from="icmp_ln35" to="br_ln35" fromId="52" toId="53">
</dataflow>
<dataflow id="300" from="q_in_0_load" to="icmp_ln35_2" fromId="46" toId="54">
</dataflow>
<dataflow id="301" from="StgValue_175" to="icmp_ln35_2" fromId="175" toId="54">
</dataflow>
<dataflow id="302" from="q_out_0" to="icmp_ln35_3" fromId="40" toId="55">
</dataflow>
<dataflow id="304" from="StgValue_303" to="icmp_ln35_3" fromId="303" toId="55">
</dataflow>
<dataflow id="305" from="icmp_ln35_2" to="and_ln35" fromId="54" toId="56">
</dataflow>
<dataflow id="306" from="icmp_ln35_3" to="and_ln35" fromId="55" toId="56">
</dataflow>
<dataflow id="307" from="and_ln35" to="br_ln35" fromId="56" toId="57">
</dataflow>
<dataflow id="308" from="zext_ln34" to="add_ln35" fromId="47" toId="58">
</dataflow>
<dataflow id="310" from="StgValue_309" to="add_ln35" fromId="309" toId="58">
</dataflow>
<dataflow id="311" from="add_ln35" to="zext_ln35" fromId="58" toId="59">
</dataflow>
<dataflow id="312" from="q_in_0_load" to="icmp_ln35_1" fromId="46" toId="60">
</dataflow>
<dataflow id="313" from="zext_ln35" to="icmp_ln35_1" fromId="59" toId="60">
</dataflow>
<dataflow id="314" from="icmp_ln35_1" to="br_ln35" fromId="60" toId="61">
</dataflow>
<dataflow id="315" from="queue" to="queue_addr_1" fromId="20" toId="62">
</dataflow>
<dataflow id="316" from="StgValue_175" to="queue_addr_1" fromId="175" toId="62">
</dataflow>
<dataflow id="317" from="zext_ln34_1" to="queue_addr_1" fromId="48" toId="62">
</dataflow>
<dataflow id="318" from="queue_addr_1" to="n" fromId="62" toId="63">
</dataflow>
<dataflow id="319" from="queue_addr_1" to="n" fromId="62" toId="67">
</dataflow>
<dataflow id="320" from="nodes_edge_begin" to="nodes_edge_begin_add" fromId="149" toId="68">
</dataflow>
<dataflow id="321" from="StgValue_175" to="nodes_edge_begin_add" fromId="175" toId="68">
</dataflow>
<dataflow id="322" from="n" to="nodes_edge_begin_add" fromId="67" toId="68">
</dataflow>
<dataflow id="323" from="nodes_edge_begin_add" to="tmp_begin" fromId="68" toId="69">
</dataflow>
<dataflow id="324" from="nodes_edge_end" to="nodes_edge_end_addr" fromId="150" toId="70">
</dataflow>
<dataflow id="325" from="StgValue_175" to="nodes_edge_end_addr" fromId="175" toId="70">
</dataflow>
<dataflow id="326" from="n" to="nodes_edge_end_addr" fromId="67" toId="70">
</dataflow>
<dataflow id="327" from="nodes_edge_end_addr" to="tmp_end" fromId="70" toId="71">
</dataflow>
<dataflow id="328" from="n" to="trunc_ln46" fromId="67" toId="72">
</dataflow>
<dataflow id="329" from="_ssdm_op_PartSelect.i9.i64.i32.i32" to="lshr_ln1" fromId="223" toId="73">
</dataflow>
<dataflow id="330" from="n" to="lshr_ln1" fromId="67" toId="73">
</dataflow>
<dataflow id="331" from="StgValue_226" to="lshr_ln1" fromId="226" toId="73">
</dataflow>
<dataflow id="332" from="StgValue_228" to="lshr_ln1" fromId="228" toId="73">
</dataflow>
<dataflow id="333" from="nodes_edge_begin_add" to="tmp_begin" fromId="68" toId="74">
</dataflow>
<dataflow id="334" from="nodes_edge_end_addr" to="tmp_end" fromId="70" toId="75">
</dataflow>
<dataflow id="335" from="lshr_ln1" to="zext_ln46" fromId="73" toId="76">
</dataflow>
<dataflow id="336" from="level_0" to="level_0_addr_1" fromId="153" toId="77">
</dataflow>
<dataflow id="337" from="StgValue_175" to="level_0_addr_1" fromId="175" toId="77">
</dataflow>
<dataflow id="338" from="zext_ln46" to="level_0_addr_1" fromId="76" toId="77">
</dataflow>
<dataflow id="339" from="level_1" to="level_1_addr_1" fromId="154" toId="78">
</dataflow>
<dataflow id="340" from="StgValue_175" to="level_1_addr_1" fromId="175" toId="78">
</dataflow>
<dataflow id="341" from="zext_ln46" to="level_1_addr_1" fromId="76" toId="78">
</dataflow>
<dataflow id="342" from="tmp_begin" to="e_0" fromId="74" toId="80">
<condition id="-1">
<or_exp><and_exp></and_exp></or_exp>
</condition>
</dataflow>
<dataflow id="343" from="br_ln41" to="e_0" fromId="79" toId="80">
</dataflow>
<dataflow id="344" from="e_1" to="e_0" fromId="130" toId="80">
<BackEdge/>
<condition id="-1">
<or_exp><and_exp></and_exp></or_exp>
</condition>
</dataflow>
<dataflow id="345" from="br_ln41" to="e_0" fromId="131" toId="80">
<BackEdge/>
</dataflow>
<dataflow id="346" from="e_0" to="icmp_ln41" fromId="80" toId="81">
</dataflow>
<dataflow id="347" from="tmp_end" to="icmp_ln41" fromId="75" toId="81">
</dataflow>
<dataflow id="348" from="icmp_ln41" to="br_ln41" fromId="81" toId="82">
</dataflow>
<dataflow id="349" from="edges_dst" to="edges_dst_addr" fromId="151" toId="83">
</dataflow>
<dataflow id="350" from="StgValue_175" to="edges_dst_addr" fromId="175" toId="83">
</dataflow>
<dataflow id="351" from="e_0" to="edges_dst_addr" fromId="80" toId="83">
</dataflow>
<dataflow id="352" from="edges_dst_addr" to="tmp_dst" fromId="83" toId="84">
</dataflow>
<dataflow id="354" from="_ssdm_op_SpecRegionEnd" to="empty_5" fromId="353" toId="85">
</dataflow>
<dataflow id="355" from="p_str3" to="empty_5" fromId="284" toId="85">
</dataflow>
<dataflow id="356" from="tmp" to="empty_5" fromId="50" toId="85">
</dataflow>
<dataflow id="357" from="dummy_0" to="dummy" fromId="41" toId="86">
</dataflow>
<dataflow id="358" from="StgValue_309" to="dummy" fromId="309" toId="86">
</dataflow>
<dataflow id="359" from="edges_dst_addr" to="tmp_dst" fromId="83" toId="88">
</dataflow>
<dataflow id="360" from="tmp_dst" to="trunc_ln43" fromId="88" toId="89">
</dataflow>
<dataflow id="361" from="_ssdm_op_PartSelect.i9.i64.i32.i32" to="lshr_ln2" fromId="223" toId="90">
</dataflow>
<dataflow id="362" from="tmp_dst" to="lshr_ln2" fromId="88" toId="90">
</dataflow>
<dataflow id="363" from="StgValue_226" to="lshr_ln2" fromId="226" toId="90">
</dataflow>
<dataflow id="364" from="StgValue_228" to="lshr_ln2" fromId="228" toId="90">
</dataflow>
<dataflow id="365" from="lshr_ln2" to="zext_ln43" fromId="90" toId="91">
</dataflow>
<dataflow id="366" from="level_0" to="level_0_addr_2" fromId="153" toId="92">
</dataflow>
<dataflow id="367" from="StgValue_175" to="level_0_addr_2" fromId="175" toId="92">
</dataflow>
<dataflow id="368" from="zext_ln43" to="level_0_addr_2" fromId="91" toId="92">
</dataflow>
<dataflow id="369" from="level_1" to="level_1_addr_2" fromId="154" toId="93">
</dataflow>
<dataflow id="370" from="StgValue_175" to="level_1_addr_2" fromId="175" toId="93">
</dataflow>
<dataflow id="371" from="zext_ln43" to="level_1_addr_2" fromId="91" toId="93">
</dataflow>
<dataflow id="372" from="level_1_addr_2" to="level_1_load" fromId="93" toId="94">
</dataflow>
<dataflow id="373" from="level_0_addr_2" to="level_0_load" fromId="92" toId="95">
</dataflow>
<dataflow id="374" from="_ssdm_op_SpecLoopName" to="specloopname_ln41" fromId="282" toId="96">
</dataflow>
<dataflow id="376" from="p_str4" to="specloopname_ln41" fromId="375" toId="96">
</dataflow>
<dataflow id="377" from="level_1_addr_2" to="level_1_load" fromId="93" toId="97">
</dataflow>
<dataflow id="378" from="level_0_addr_2" to="level_0_load" fromId="92" toId="98">
</dataflow>
<dataflow id="379" from="trunc_ln43" to="tmp_level" fromId="89" toId="99">
</dataflow>
<dataflow id="380" from="level_1_load" to="tmp_level" fromId="97" toId="99">
</dataflow>
<dataflow id="381" from="level_0_load" to="tmp_level" fromId="98" toId="99">
</dataflow>
<dataflow id="382" from="tmp_level" to="icmp_ln45" fromId="99" toId="100">
</dataflow>
<dataflow id="384" from="StgValue_383" to="icmp_ln45" fromId="383" toId="100">
</dataflow>
<dataflow id="385" from="icmp_ln45" to="br_ln45" fromId="100" toId="101">
</dataflow>
<dataflow id="386" from="level_1_addr_1" to="level_1_load_1" fromId="78" toId="102">
</dataflow>
<dataflow id="387" from="level_0_addr_1" to="level_0_load_1" fromId="77" toId="103">
</dataflow>
<dataflow id="388" from="level_1_addr_1" to="level_1_load_1" fromId="78" toId="104">
</dataflow>
<dataflow id="389" from="level_0_addr_1" to="level_0_load_1" fromId="77" toId="105">
</dataflow>
<dataflow id="390" from="trunc_ln46" to="select_ln46" fromId="72" toId="106">
</dataflow>
<dataflow id="391" from="level_1_load_1" to="select_ln46" fromId="104" toId="106">
</dataflow>
<dataflow id="392" from="level_0_load_1" to="select_ln46" fromId="105" toId="106">
</dataflow>
<dataflow id="393" from="select_ln46" to="tmp_level_1" fromId="106" toId="107">
</dataflow>
<dataflow id="394" from="StgValue_276" to="tmp_level_1" fromId="276" toId="107">
</dataflow>
<dataflow id="395" from="trunc_ln43" to="br_ln47" fromId="89" toId="108">
</dataflow>
<dataflow id="396" from="tmp_level_1" to="store_ln47" fromId="107" toId="109">
</dataflow>
<dataflow id="397" from="level_0_addr_2" to="store_ln47" fromId="92" toId="109">
</dataflow>
<dataflow id="398" from="tmp_level_1" to="store_ln47" fromId="107" toId="111">
</dataflow>
<dataflow id="399" from="level_1_addr_2" to="store_ln47" fromId="93" toId="111">
</dataflow>
<dataflow id="400" from="q_in_0" to="q_in_0_load_1" fromId="34" toId="113">
</dataflow>
<dataflow id="401" from="tmp_level_1" to="sext_ln48" fromId="107" toId="114">
</dataflow>
<dataflow id="402" from="level_counts" to="level_counts_addr_1" fromId="155" toId="115">
</dataflow>
<dataflow id="403" from="StgValue_175" to="level_counts_addr_1" fromId="175" toId="115">
</dataflow>
<dataflow id="404" from="sext_ln48" to="level_counts_addr_1" fromId="114" toId="115">
</dataflow>
<dataflow id="405" from="level_counts_addr_1" to="level_counts_load" fromId="115" toId="116">
</dataflow>
<dataflow id="406" from="q_in_0_load_1" to="icmp_ln49" fromId="113" toId="117">
</dataflow>
<dataflow id="407" from="StgValue_175" to="icmp_ln49" fromId="175" toId="117">
</dataflow>
<dataflow id="409" from="StgValue_408" to="add_ln49" fromId="408" toId="118">
</dataflow>
<dataflow id="410" from="q_in_0_load_1" to="add_ln49" fromId="113" toId="118">
</dataflow>
<dataflow id="411" from="icmp_ln49" to="select_ln49" fromId="117" toId="119">
</dataflow>
<dataflow id="413" from="StgValue_412" to="select_ln49" fromId="412" toId="119">
</dataflow>
<dataflow id="414" from="add_ln49" to="select_ln49" fromId="118" toId="119">
</dataflow>
<dataflow id="415" from="queue" to="queue_addr_2" fromId="20" toId="120">
</dataflow>
<dataflow id="416" from="StgValue_175" to="queue_addr_2" fromId="175" toId="120">
</dataflow>
<dataflow id="417" from="select_ln49" to="queue_addr_2" fromId="119" toId="120">
</dataflow>
<dataflow id="418" from="tmp_dst" to="store_ln49" fromId="88" toId="121">
</dataflow>
<dataflow id="419" from="queue_addr_2" to="store_ln49" fromId="120" toId="121">
</dataflow>
<dataflow id="420" from="q_in_0_load_1" to="trunc_ln49" fromId="113" toId="122">
</dataflow>
<dataflow id="421" from="StgValue_276" to="q_in" fromId="276" toId="123">
</dataflow>
<dataflow id="422" from="trunc_ln49" to="q_in" fromId="122" toId="123">
</dataflow>
<dataflow id="423" from="q_in" to="zext_ln49" fromId="123" toId="124">
</dataflow>
<dataflow id="424" from="zext_ln49" to="store_ln50" fromId="124" toId="125">
</dataflow>
<dataflow id="425" from="q_in_0" to="store_ln50" fromId="34" toId="125">
</dataflow>
<dataflow id="426" from="level_counts_addr_1" to="level_counts_load" fromId="115" toId="126">
</dataflow>
<dataflow id="427" from="StgValue_182" to="add_ln48" fromId="182" toId="127">
</dataflow>
<dataflow id="428" from="level_counts_load" to="add_ln48" fromId="126" toId="127">
</dataflow>
<dataflow id="429" from="add_ln48" to="store_ln48" fromId="127" toId="128">
</dataflow>
<dataflow id="430" from="level_counts_addr_1" to="store_ln48" fromId="115" toId="128">
</dataflow>
<dataflow id="431" from="e_0" to="e_1" fromId="80" toId="130">
</dataflow>
<dataflow id="432" from="StgValue_182" to="e_1" fromId="182" toId="130">
</dataflow>
<dataflow id="433" from="trunc_ln30" to="StgValue_1" fromId="24" toId="1">
</dataflow>
<dataflow id="434" from="tmp_1" to="StgValue_2" fromId="42" toId="2">
</dataflow>
<dataflow id="435" from="icmp_ln35" to="StgValue_2" fromId="52" toId="2">
</dataflow>
<dataflow id="436" from="and_ln35" to="StgValue_2" fromId="56" toId="2">
</dataflow>
<dataflow id="437" from="icmp_ln35_1" to="StgValue_2" fromId="60" toId="2">
</dataflow>
<dataflow id="438" from="trunc_ln46" to="StgValue_4" fromId="72" toId="4">
</dataflow>
<dataflow id="439" from="icmp_ln41" to="StgValue_5" fromId="81" toId="5">
</dataflow>
<dataflow id="440" from="icmp_ln45" to="StgValue_7" fromId="100" toId="7">
</dataflow>
<dataflow id="441" from="trunc_ln46" to="StgValue_7" fromId="72" toId="7">
</dataflow>
<dataflow id="442" from="trunc_ln46" to="StgValue_8" fromId="72" toId="8">
</dataflow>
<dataflow id="443" from="trunc_ln43" to="StgValue_8" fromId="89" toId="8">
</dataflow>
<dataflow id="444" from="icmp_ln45" to="StgValue_9" fromId="100" toId="9">
</dataflow>
</dataflows>


</stg>
