<stg><name>bfs</name>


<trans_list>

<trans id="141" from="1" to="2">
<condition id="-1">
<or_exp><and_exp></and_exp></or_exp>
</condition>
</trans>

<trans id="142" from="2" to="3">
<condition id="-1">
<or_exp><and_exp><literal name="tmp_1" val="0"/>
<literal name="icmp_ln35" val="1"/>
<literal name="icmp_ln35_1" val="0"/>
</and_exp><and_exp><literal name="tmp_1" val="0"/>
<literal name="icmp_ln35" val="0"/>
<literal name="and_ln35" val="0"/>
</and_exp></or_exp>
</condition>
</trans>

<trans id="145" from="3" to="4">
<condition id="-1">
<or_exp><and_exp></and_exp></or_exp>
</condition>
</trans>

<trans id="146" from="4" to="5">
<condition id="-1">
<or_exp><and_exp></and_exp></or_exp>
</condition>
</trans>

<trans id="147" from="5" to="6">
<condition id="-1">
<or_exp><and_exp><literal name="icmp_ln41" val="1"/>
</and_exp></or_exp>
</condition>
</trans>

<trans id="157" from="5" to="2">
<condition id="-1">
<or_exp><and_exp><literal name="icmp_ln41" val="0"/>
</and_exp></or_exp>
</condition>
</trans>

<trans id="149" from="6" to="7">
<condition id="-1">
<or_exp><and_exp></and_exp></or_exp>
</condition>
</trans>

<trans id="150" from="7" to="8">
<condition id="-1">
<or_exp><and_exp><literal name="icmp_ln45" val="1"/>
</and_exp></or_exp>
</condition>
</trans>

<trans id="151" from="7" to="9">
<condition id="-1">
<or_exp><and_exp><literal name="icmp_ln45" val="0"/>
</and_exp></or_exp>
</condition>
</trans>

<trans id="153" from="8" to="9">
<condition id="-1">
<or_exp><and_exp></and_exp></or_exp>
</condition>
</trans>

<trans id="156" from="9" to="5">
<condition id="-1">
<or_exp><and_exp></and_exp></or_exp>
</condition>
</trans>
</trans_list>



<state_list>

<state id="1" st_id="1">

<operation id="10" st_id="1" stage="1" lat="1">
<core>NULL</core>
<MemPortIdVec></MemPortIdVec>
<condition id="-1">
<or_exp><and_exp></and_exp></or_exp>
</condition>

<Node id="10" bw="0" op_0_bw="0" op_1_bw="64">
<![CDATA[
:0  call void (...)* @_ssdm_op_SpecBitsMap([128 x i64]* %nodes_1_edge_end), !map !7

]]></Node>
<StgValue><ssdm name="specbitsmap_ln0"/></StgValue>
</operation>

<operation id="11" st_id="1" stage="1" lat="1">
<core>NULL</core>
<MemPortIdVec></MemPortIdVec>
<condition id="-1">
<or_exp><and_exp></and_exp></or_exp>
</condition>

<Node id="11" bw="0" op_0_bw="0" op_1_bw="64">
<![CDATA[
:1  call void (...)* @_ssdm_op_SpecBitsMap([128 x i64]* %nodes_0_edge_end), !map !13

]]></Node>
<StgValue><ssdm name="specbitsmap_ln0"/></StgValue>
</operation>

<operation id="12" st_id="1" stage="1" lat="1">
<core>NULL</core>
<MemPortIdVec></MemPortIdVec>
<condition id="-1">
<or_exp><and_exp></and_exp></or_exp>
</condition>

<Node id="12" bw="0" op_0_bw="0" op_1_bw="64">
<![CDATA[
:2  call void (...)* @_ssdm_op_SpecBitsMap([128 x i64]* %nodes_1_edge_begin), !map !19

]]></Node>
<StgValue><ssdm name="specbitsmap_ln0"/></StgValue>
</operation>

<operation id="13" st_id="1" stage="1" lat="1">
<core>NULL</core>
<MemPortIdVec></MemPortIdVec>
<condition id="-1">
<or_exp><and_exp></and_exp></or_exp>
</condition>

<Node id="13" bw="0" op_0_bw="0" op_1_bw="64">
<![CDATA[
:3  call void (...)* @_ssdm_op_SpecBitsMap([128 x i64]* %nodes_0_edge_begin), !map !23

]]></Node>
<StgValue><ssdm name="specbitsmap_ln0"/></StgValue>
</operation>

<operation id="14" st_id="1" stage="1" lat="1">
<core>NULL</core>
<MemPortIdVec></MemPortIdVec>
<condition id="-1">
<or_exp><and_exp></and_exp></or_exp>
</condition>

<Node id="14" bw="0" op_0_bw="0" op_1_bw="8">
<![CDATA[
:4  call void (...)* @_ssdm_op_SpecBitsMap([128 x i8]* %level_1), !map !27

]]></Node>
<StgValue><ssdm name="specbitsmap_ln0"/></StgValue>
</operation>

<operation id="15" st_id="1" stage="1" lat="1">
<core>NULL</core>
<MemPortIdVec></MemPortIdVec>
<condition id="-1">
<or_exp><and_exp></and_exp></or_exp>
</condition>

<Node id="15" bw="0" op_0_bw="0" op_1_bw="8">
<![CDATA[
:5  call void (...)* @_ssdm_op_SpecBitsMap([128 x i8]* %level_0), !map !31

]]></Node>
<StgValue><ssdm name="specbitsmap_ln0"/></StgValue>
</operation>

<operation id="16" st_id="1" stage="1" lat="1">
<core>NULL</core>
<MemPortIdVec></MemPortIdVec>
<condition id="-1">
<or_exp><and_exp></and_exp></or_exp>
</condition>

<Node id="16" bw="0" op_0_bw="0" op_1_bw="64">
<![CDATA[
:6  call void (...)* @_ssdm_op_SpecBitsMap([4096 x i64]* %edges_dst), !map !35

]]></Node>
<StgValue><ssdm name="specbitsmap_ln0"/></StgValue>
</operation>

<operation id="17" st_id="1" stage="1" lat="1">
<core>NULL</core>
<MemPortIdVec></MemPortIdVec>
<condition id="-1">
<or_exp><and_exp></and_exp></or_exp>
</condition>

<Node id="17" bw="0" op_0_bw="0" op_1_bw="64">
<![CDATA[
:7  call void (...)* @_ssdm_op_SpecBitsMap(i64 %starting_node), !map !41

]]></Node>
<StgValue><ssdm name="specbitsmap_ln0"/></StgValue>
</operation>

<operation id="18" st_id="1" stage="1" lat="1">
<core>NULL</core>
<MemPortIdVec></MemPortIdVec>
<condition id="-1">
<or_exp><and_exp></and_exp></or_exp>
</condition>

<Node id="18" bw="0" op_0_bw="0" op_1_bw="64">
<![CDATA[
:8  call void (...)* @_ssdm_op_SpecBitsMap([10 x i64]* %level_counts), !map !47

]]></Node>
<StgValue><ssdm name="specbitsmap_ln0"/></StgValue>
</operation>

<operation id="19" st_id="1" stage="1" lat="1">
<core>NULL</core>
<MemPortIdVec></MemPortIdVec>
<condition id="-1">
<or_exp><and_exp></and_exp></or_exp>
</condition>

<Node id="19" bw="64" op_0_bw="64" op_1_bw="64">
<![CDATA[
:9  %starting_node_read = call i64 @_ssdm_op_Read.ap_auto.i64(i64 %starting_node)

]]></Node>
<StgValue><ssdm name="starting_node_read"/></StgValue>
</operation>

<operation id="20" st_id="1" stage="1" lat="1">
<core>NULL</core>
<MemPortIdVec></MemPortIdVec>
<condition id="-1">
<or_exp><and_exp></and_exp></or_exp>
</condition>

<Node id="20" bw="4" op_0_bw="64" op_1_bw="64" op_2_bw="64">
<![CDATA[
:10  %level_counts_addr = getelementptr [10 x i64]* %level_counts, i64 0, i64 0

]]></Node>
<StgValue><ssdm name="level_counts_addr"/></StgValue>
</operation>

<operation id="21" st_id="1" stage="1" lat="1">
<core>NULL</core>
<MemPortIdVec></MemPortIdVec>
<condition id="-1">
<or_exp><and_exp></and_exp></or_exp>
</condition>

<Node id="21" bw="0" op_0_bw="0" op_1_bw="0">
<![CDATA[
:11  call void (...)* @_ssdm_op_SpecTopModule([4 x i8]* @bfs_str) nounwind

]]></Node>
<StgValue><ssdm name="spectopmodule_ln0"/></StgValue>
</operation>

<operation id="22" st_id="1" stage="1" lat="1">
<core>RAM</core>
<MemPortIdVec></MemPortIdVec>
<condition id="-1">
<or_exp><and_exp></and_exp></or_exp>
</condition>

<Node id="22" bw="64" op_0_bw="64">
<![CDATA[
:12  %queue = alloca [256 x i64], align 16

]]></Node>
<StgValue><ssdm name="queue"/><MemPortTyVec>2 3 </MemPortTyVec>
</StgValue>
</operation>

<operation id="23" st_id="1" stage="1" lat="1">
<core>NULL</core>
<MemPortIdVec></MemPortIdVec>
<condition id="-1">
<or_exp><and_exp></and_exp></or_exp>
</condition>

<Node id="23" bw="0" op_0_bw="0" op_1_bw="64" op_2_bw="0" op_3_bw="0" op_4_bw="0" op_5_bw="32" op_6_bw="0" op_7_bw="0" op_8_bw="0" op_9_bw="0" op_10_bw="0">
<![CDATA[
:13  call void (...)* @_ssdm_op_SpecMemCore([4096 x i64]* %edges_dst, [1 x i8]* @p_str1, [12 x i8]* @p_str2, [1 x i8]* @p_str1, i32 -1, [1 x i8]* @p_str1, [1 x i8]* @p_str1, [1 x i8]* @p_str1, [1 x i8]* @p_str1, [1 x i8]* @p_str1)

]]></Node>
<StgValue><ssdm name="specmemcore_ln17"/></StgValue>
</operation>

<operation id="24" st_id="1" stage="1" lat="1">
<core>NULL</core>
<MemPortIdVec></MemPortIdVec>
<condition id="-1">
<or_exp><and_exp></and_exp></or_exp>
</condition>

<Node id="24" bw="0" op_0_bw="0" op_1_bw="64" op_2_bw="0" op_3_bw="0" op_4_bw="0" op_5_bw="32" op_6_bw="0" op_7_bw="0" op_8_bw="0" op_9_bw="0" op_10_bw="0">
<![CDATA[
:14  call void (...)* @_ssdm_op_SpecMemCore([10 x i64]* %level_counts, [1 x i8]* @p_str1, [12 x i8]* @p_str2, [1 x i8]* @p_str1, i32 -1, [1 x i8]* @p_str1, [1 x i8]* @p_str1, [1 x i8]* @p_str1, [1 x i8]* @p_str1, [1 x i8]* @p_str1)

]]></Node>
<StgValue><ssdm name="specmemcore_ln17"/></StgValue>
</operation>

<operation id="25" st_id="1" stage="1" lat="1">
<core>NULL</core>
<MemPortIdVec></MemPortIdVec>
<condition id="-1">
<or_exp><and_exp></and_exp></or_exp>
</condition>

<Node id="25" bw="1" op_0_bw="64">
<![CDATA[
:15  %trunc_ln30 = trunc i64 %starting_node_read to i1

]]></Node>
<StgValue><ssdm name="trunc_ln30"/></StgValue>
</operation>

<operation id="26" st_id="1" stage="1" lat="1">
<core>NULL</core>
<MemPortIdVec></MemPortIdVec>
<condition id="-1">
<or_exp><and_exp></and_exp></or_exp>
</condition>

<Node id="26" bw="9" op_0_bw="9" op_1_bw="64" op_2_bw="32" op_3_bw="32">
<![CDATA[
:16  %lshr_ln = call i9 @_ssdm_op_PartSelect.i9.i64.i32.i32(i64 %starting_node_read, i32 1, i32 9)

]]></Node>
<StgValue><ssdm name="lshr_ln"/></StgValue>
</operation>

<operation id="27" st_id="1" stage="1" lat="1">
<core>NULL</core>
<MemPortIdVec></MemPortIdVec>
<condition id="-1">
<or_exp><and_exp></and_exp></or_exp>
</condition>

<Node id="27" bw="64" op_0_bw="9">
<![CDATA[
:17  %zext_ln30 = zext i9 %lshr_ln to i64

]]></Node>
<StgValue><ssdm name="zext_ln30"/></StgValue>
</operation>

<operation id="28" st_id="1" stage="1" lat="1">
<core>NULL</core>
<MemPortIdVec></MemPortIdVec>
<condition id="-1">
<or_exp><and_exp></and_exp></or_exp>
</condition>

<Node id="28" bw="7" op_0_bw="8" op_1_bw="64" op_2_bw="64">
<![CDATA[
:18  %level_0_addr = getelementptr [128 x i8]* %level_0, i64 0, i64 %zext_ln30

]]></Node>
<StgValue><ssdm name="level_0_addr"/></StgValue>
</operation>

<operation id="29" st_id="1" stage="1" lat="1">
<core>NULL</core>
<MemPortIdVec></MemPortIdVec>
<condition id="-1">
<or_exp><and_exp></and_exp></or_exp>
</condition>

<Node id="29" bw="7" op_0_bw="8" op_1_bw="64" op_2_bw="64">
<![CDATA[
:19  %level_1_addr = getelementptr [128 x i8]* %level_1, i64 0, i64 %zext_ln30

]]></Node>
<StgValue><ssdm name="level_1_addr"/></StgValue>
</operation>

<operation id="30" st_id="1" stage="1" lat="1">
<core>NULL</core>
<MemPortIdVec></MemPortIdVec>
<condition id="-1">
<or_exp><and_exp></and_exp></or_exp>
</condition>

<Node id="30" bw="0" op_0_bw="1" op_1_bw="0" op_2_bw="0">
<![CDATA[
:20  br i1 %trunc_ln30, label %branch7, label %branch6

]]></Node>
<StgValue><ssdm name="br_ln30"/></StgValue>
</operation>

<operation id="31" st_id="1" stage="1" lat="1">
<core>RAM</core>
<MemPortIdVec>0 </MemPortIdVec>
<condition id="-1">
<or_exp><and_exp><literal name="trunc_ln30" val="0"/>
</and_exp></or_exp>
</condition>

<Node id="32" bw="0" op_0_bw="8" op_1_bw="7">
<![CDATA[
branch6:0  store i8 0, i8* %level_0_addr, align 1

]]></Node>
<StgValue><ssdm name="store_ln30"/></StgValue>
</operation>

<operation id="32" st_id="1" stage="1" lat="1">
<core>NULL</core>
<MemPortIdVec></MemPortIdVec>
<condition id="-1">
<or_exp><and_exp><literal name="trunc_ln30" val="0"/>
</and_exp></or_exp>
</condition>

<Node id="33" bw="0" op_0_bw="0">
<![CDATA[
branch6:1  br label %1

]]></Node>
<StgValue><ssdm name="br_ln30"/></StgValue>
</operation>

<operation id="33" st_id="1" stage="1" lat="1">
<core>RAM</core>
<MemPortIdVec>0 </MemPortIdVec>
<condition id="-1">
<or_exp><and_exp><literal name="trunc_ln30" val="1"/>
</and_exp></or_exp>
</condition>

<Node id="35" bw="0" op_0_bw="8" op_1_bw="7">
<![CDATA[
branch7:0  store i8 0, i8* %level_1_addr, align 1

]]></Node>
<StgValue><ssdm name="store_ln30"/></StgValue>
</operation>

<operation id="34" st_id="1" stage="1" lat="1">
<core>NULL</core>
<MemPortIdVec></MemPortIdVec>
<condition id="-1">
<or_exp><and_exp><literal name="trunc_ln30" val="1"/>
</and_exp></or_exp>
</condition>

<Node id="36" bw="0" op_0_bw="0">
<![CDATA[
branch7:1  br label %1

]]></Node>
<StgValue><ssdm name="br_ln30"/></StgValue>
</operation>

<operation id="35" st_id="1" stage="1" lat="1">
<core>NULL</core>
<MemPortIdVec></MemPortIdVec>
<condition id="-1">
<or_exp><and_exp></and_exp></or_exp>
</condition>

<Node id="38" bw="64" op_0_bw="32">
<![CDATA[
:0  %q_in_0 = alloca i64

]]></Node>
<StgValue><ssdm name="q_in_0"/></StgValue>
</operation>

<operation id="36" st_id="1" stage="1" lat="1">
<core>RAM_1P_BRAM</core>
<MemPortIdVec>0 </MemPortIdVec>
<condition id="-1">
<or_exp><and_exp></and_exp></or_exp>
</condition>

<Node id="39" bw="0" op_0_bw="64" op_1_bw="4">
<![CDATA[
:1  store i64 1, i64* %level_counts_addr, align 8

]]></Node>
<StgValue><ssdm name="store_ln31"/></StgValue>
</operation>

<operation id="37" st_id="1" stage="1" lat="1">
<core>NULL</core>
<MemPortIdVec></MemPortIdVec>
<condition id="-1">
<or_exp><and_exp></and_exp></or_exp>
</condition>

<Node id="40" bw="8" op_0_bw="64" op_1_bw="64" op_2_bw="64">
<![CDATA[
:2  %queue_addr = getelementptr inbounds [256 x i64]* %queue, i64 0, i64 0

]]></Node>
<StgValue><ssdm name="queue_addr"/></StgValue>
</operation>

<operation id="38" st_id="1" stage="1" lat="1">
<core>RAM</core>
<MemPortIdVec>0 </MemPortIdVec>
<condition id="-1">
<or_exp><and_exp></and_exp></or_exp>
</condition>

<Node id="41" bw="0" op_0_bw="64" op_1_bw="8">
<![CDATA[
:3  store i64 %starting_node_read, i64* %queue_addr, align 16

]]></Node>
<StgValue><ssdm name="store_ln32"/></StgValue>
</operation>

<operation id="39" st_id="1" stage="1" lat="1">
<core>NULL</core>
<MemPortIdVec></MemPortIdVec>
<condition id="-1">
<or_exp><and_exp></and_exp></or_exp>
</condition>

<Node id="42" bw="0" op_0_bw="64" op_1_bw="64">
<![CDATA[
:4  store i64 2, i64* %q_in_0

]]></Node>
<StgValue><ssdm name="store_ln34"/></StgValue>
</operation>

<operation id="40" st_id="1" stage="1" lat="1">
<core>NULL</core>
<MemPortIdVec></MemPortIdVec>
<condition id="-1">
<or_exp><and_exp></and_exp></or_exp>
</condition>

<Node id="43" bw="0" op_0_bw="0">
<![CDATA[
:5  br label %2

]]></Node>
<StgValue><ssdm name="br_ln34"/></StgValue>
</operation>
</state>

<state id="2" st_id="2">

<operation id="41" st_id="2" stage="1" lat="1">
<core>NULL</core>
<MemPortIdVec></MemPortIdVec>
<condition id="-1">
<or_exp><and_exp></and_exp></or_exp>
</condition>

<Node id="45" bw="8" op_0_bw="8" op_1_bw="0" op_2_bw="8" op_3_bw="0">
<![CDATA[
:0  %q_out_0 = phi i8 [ 0, %1 ], [ %q_out, %loop_queue_end ]

]]></Node>
<StgValue><ssdm name="q_out_0"/></StgValue>
</operation>

<operation id="42" st_id="2" stage="1" lat="1">
<core>NULL</core>
<MemPortIdVec></MemPortIdVec>
<condition id="-1">
<or_exp><and_exp></and_exp></or_exp>
</condition>

<Node id="46" bw="9" op_0_bw="9" op_1_bw="0" op_2_bw="9" op_3_bw="0">
<![CDATA[
:1  %dummy_0 = phi i9 [ 0, %1 ], [ %dummy, %loop_queue_end ]

]]></Node>
<StgValue><ssdm name="dummy_0"/></StgValue>
</operation>

<operation id="43" st_id="2" stage="1" lat="1">
<core>NULL</core>
<MemPortIdVec></MemPortIdVec>
<condition id="-1">
<or_exp><and_exp></and_exp></or_exp>
</condition>

<Node id="47" bw="1" op_0_bw="1" op_1_bw="9" op_2_bw="32">
<![CDATA[
:2  %tmp_1 = call i1 @_ssdm_op_BitSelect.i1.i9.i32(i9 %dummy_0, i32 8)

]]></Node>
<StgValue><ssdm name="tmp_1"/></StgValue>
</operation>

<operation id="44" st_id="2" stage="1" lat="1">
<core>NULL</core>
<MemPortIdVec></MemPortIdVec>
<condition id="-1">
<or_exp><and_exp></and_exp></or_exp>
</condition>

<Node id="48" bw="32" op_0_bw="32" op_1_bw="64" op_2_bw="64" op_3_bw="64">
<![CDATA[
:3  %empty = call i32 (...)* @_ssdm_op_SpecLoopTripCount(i64 1, i64 256, i64 128)

]]></Node>
<StgValue><ssdm name="empty"/></StgValue>
</operation>

<operation id="45" st_id="2" stage="1" lat="1">
<core>AddSub</core>
<MemPortIdVec></MemPortIdVec>
<condition id="-1">
<or_exp><and_exp></and_exp></or_exp>
</condition>

<Node id="49" bw="8" op_0_bw="8" op_1_bw="8">
<![CDATA[
:4  %q_out = add i8 %q_out_0, 1

]]></Node>
<StgValue><ssdm name="q_out"/></StgValue>
</operation>

<operation id="46" st_id="2" stage="1" lat="1">
<core>NULL</core>
<MemPortIdVec></MemPortIdVec>
<condition id="-1">
<or_exp><and_exp></and_exp></or_exp>
</condition>

<Node id="50" bw="0" op_0_bw="1" op_1_bw="0" op_2_bw="0">
<![CDATA[
:5  br i1 %tmp_1, label %.loopexit.loopexit, label %loop_queue_begin

]]></Node>
<StgValue><ssdm name="br_ln34"/></StgValue>
</operation>

<operation id="47" st_id="2" stage="1" lat="1">
<core>NULL</core>
<MemPortIdVec></MemPortIdVec>
<condition id="-1">
<or_exp><and_exp><literal name="tmp_1" val="0"/>
</and_exp></or_exp>
</condition>

<Node id="52" bw="64" op_0_bw="64" op_1_bw="0">
<![CDATA[
loop_queue_begin:0  %q_in_0_load = load i64* %q_in_0

]]></Node>
<StgValue><ssdm name="q_in_0_load"/></StgValue>
</operation>

<operation id="48" st_id="2" stage="1" lat="1">
<core>NULL</core>
<MemPortIdVec></MemPortIdVec>
<condition id="-1">
<or_exp><and_exp><literal name="tmp_1" val="0"/>
</and_exp></or_exp>
</condition>

<Node id="53" bw="9" op_0_bw="8">
<![CDATA[
loop_queue_begin:1  %zext_ln34 = zext i8 %q_out_0 to i9

]]></Node>
<StgValue><ssdm name="zext_ln34"/></StgValue>
</operation>

<operation id="49" st_id="2" stage="1" lat="1">
<core>NULL</core>
<MemPortIdVec></MemPortIdVec>
<condition id="-1">
<or_exp><and_exp><literal name="tmp_1" val="0"/>
</and_exp></or_exp>
</condition>

<Node id="54" bw="64" op_0_bw="8">
<![CDATA[
loop_queue_begin:2  %zext_ln34_1 = zext i8 %q_out_0 to i64

]]></Node>
<StgValue><ssdm name="zext_ln34_1"/></StgValue>
</operation>

<operation id="50" st_id="2" stage="1" lat="1">
<core>NULL</core>
<MemPortIdVec></MemPortIdVec>
<condition id="-1">
<or_exp><and_exp><literal name="tmp_1" val="0"/>
</and_exp></or_exp>
</condition>

<Node id="55" bw="0" op_0_bw="0" op_1_bw="0">
<![CDATA[
loop_queue_begin:3  call void (...)* @_ssdm_op_SpecLoopName([11 x i8]* @p_str3) nounwind

]]></Node>
<StgValue><ssdm name="specloopname_ln34"/></StgValue>
</operation>

<operation id="51" st_id="2" stage="1" lat="1">
<core>NULL</core>
<MemPortIdVec></MemPortIdVec>
<condition id="-1">
<or_exp><and_exp><literal name="tmp_1" val="0"/>
</and_exp></or_exp>
</condition>

<Node id="56" bw="32" op_0_bw="32" op_1_bw="0">
<![CDATA[
loop_queue_begin:4  %tmp = call i32 (...)* @_ssdm_op_SpecRegionBegin([11 x i8]* @p_str3)

]]></Node>
<StgValue><ssdm name="tmp"/></StgValue>
</operation>

<operation id="52" st_id="2" stage="1" lat="1">
<core>NULL</core>
<MemPortIdVec></MemPortIdVec>
<condition id="-1">
<or_exp><and_exp><literal name="tmp_1" val="0"/>
</and_exp></or_exp>
</condition>

<Node id="57" bw="0" op_0_bw="0" op_1_bw="32" op_2_bw="32" op_3_bw="32" op_4_bw="32" op_5_bw="0">
<![CDATA[
loop_queue_begin:5  call void (...)* @_ssdm_op_SpecPipeline(i32 -1, i32 1, i32 1, i32 0, [1 x i8]* @p_str1) nounwind

]]></Node>
<StgValue><ssdm name="specpipeline_ln35"/></StgValue>
</operation>

<operation id="53" st_id="2" stage="1" lat="1">
<core>Cmp</core>
<MemPortIdVec></MemPortIdVec>
<condition id="-1">
<or_exp><and_exp><literal name="tmp_1" val="0"/>
</and_exp></or_exp>
</condition>

<Node id="58" bw="1" op_0_bw="64" op_1_bw="64">
<![CDATA[
loop_queue_begin:6  %icmp_ln35 = icmp ugt i64 %q_in_0_load, %zext_ln34_1

]]></Node>
<StgValue><ssdm name="icmp_ln35"/></StgValue>
</operation>

<operation id="54" st_id="2" stage="1" lat="1">
<core>NULL</core>
<MemPortIdVec></MemPortIdVec>
<condition id="-1">
<or_exp><and_exp><literal name="tmp_1" val="0"/>
</and_exp></or_exp>
</condition>

<Node id="59" bw="0" op_0_bw="1" op_1_bw="0" op_2_bw="0">
<![CDATA[
loop_queue_begin:7  br i1 %icmp_ln35, label %3, label %4

]]></Node>
<StgValue><ssdm name="br_ln35"/></StgValue>
</operation>

<operation id="55" st_id="2" stage="1" lat="1">
<core>Cmp</core>
<MemPortIdVec></MemPortIdVec>
<condition id="-1">
<or_exp><and_exp><literal name="tmp_1" val="0"/>
<literal name="icmp_ln35" val="0"/>
</and_exp></or_exp>
</condition>

<Node id="61" bw="1" op_0_bw="64" op_1_bw="64">
<![CDATA[
:0  %icmp_ln35_2 = icmp eq i64 %q_in_0_load, 0

]]></Node>
<StgValue><ssdm name="icmp_ln35_2"/></StgValue>
</operation>

<operation id="56" st_id="2" stage="1" lat="1">
<core>Cmp</core>
<MemPortIdVec></MemPortIdVec>
<condition id="-1">
<or_exp><and_exp><literal name="tmp_1" val="0"/>
<literal name="icmp_ln35" val="0"/>
</and_exp></or_exp>
</condition>

<Node id="62" bw="1" op_0_bw="8" op_1_bw="8">
<![CDATA[
:1  %icmp_ln35_3 = icmp eq i8 %q_out_0, -1

]]></Node>
<StgValue><ssdm name="icmp_ln35_3"/></StgValue>
</operation>

<operation id="57" st_id="2" stage="1" lat="1">
<core>LogicGate</core>
<MemPortIdVec></MemPortIdVec>
<condition id="-1">
<or_exp><and_exp><literal name="tmp_1" val="0"/>
<literal name="icmp_ln35" val="0"/>
</and_exp></or_exp>
</condition>

<Node id="63" bw="1" op_0_bw="1" op_1_bw="1">
<![CDATA[
:2  %and_ln35 = and i1 %icmp_ln35_2, %icmp_ln35_3

]]></Node>
<StgValue><ssdm name="and_ln35"/></StgValue>
</operation>

<operation id="58" st_id="2" stage="1" lat="1">
<core>NULL</core>
<MemPortIdVec></MemPortIdVec>
<condition id="-1">
<or_exp><and_exp><literal name="tmp_1" val="0"/>
<literal name="icmp_ln35" val="0"/>
</and_exp></or_exp>
</condition>

<Node id="64" bw="0" op_0_bw="1" op_1_bw="0" op_2_bw="0">
<![CDATA[
:3  br i1 %and_ln35, label %._crit_edge, label %._crit_edge1_ifconv

]]></Node>
<StgValue><ssdm name="br_ln35"/></StgValue>
</operation>

<operation id="59" st_id="2" stage="1" lat="1">
<core>AddSub</core>
<MemPortIdVec></MemPortIdVec>
<condition id="-1">
<or_exp><and_exp><literal name="tmp_1" val="0"/>
<literal name="icmp_ln35" val="1"/>
</and_exp></or_exp>
</condition>

<Node id="66" bw="9" op_0_bw="9" op_1_bw="9">
<![CDATA[
:0  %add_ln35 = add i9 %zext_ln34, 1

]]></Node>
<StgValue><ssdm name="add_ln35"/></StgValue>
</operation>

<operation id="60" st_id="2" stage="1" lat="1">
<core>NULL</core>
<MemPortIdVec></MemPortIdVec>
<condition id="-1">
<or_exp><and_exp><literal name="tmp_1" val="0"/>
<literal name="icmp_ln35" val="1"/>
</and_exp></or_exp>
</condition>

<Node id="67" bw="64" op_0_bw="9">
<![CDATA[
:1  %zext_ln35 = zext i9 %add_ln35 to i64

]]></Node>
<StgValue><ssdm name="zext_ln35"/></StgValue>
</operation>

<operation id="61" st_id="2" stage="1" lat="1">
<core>Cmp</core>
<MemPortIdVec></MemPortIdVec>
<condition id="-1">
<or_exp><and_exp><literal name="tmp_1" val="0"/>
<literal name="icmp_ln35" val="1"/>
</and_exp></or_exp>
</condition>

<Node id="68" bw="1" op_0_bw="64" op_1_bw="64">
<![CDATA[
:2  %icmp_ln35_1 = icmp eq i64 %q_in_0_load, %zext_ln35

]]></Node>
<StgValue><ssdm name="icmp_ln35_1"/></StgValue>
</operation>

<operation id="62" st_id="2" stage="1" lat="1">
<core>NULL</core>
<MemPortIdVec></MemPortIdVec>
<condition id="-1">
<or_exp><and_exp><literal name="tmp_1" val="0"/>
<literal name="icmp_ln35" val="1"/>
</and_exp></or_exp>
</condition>

<Node id="69" bw="0" op_0_bw="1" op_1_bw="0" op_2_bw="0">
<![CDATA[
:3  br i1 %icmp_ln35_1, label %._crit_edge, label %._crit_edge1_ifconv

]]></Node>
<StgValue><ssdm name="br_ln35"/></StgValue>
</operation>

<operation id="63" st_id="2" stage="1" lat="1">
<core>NULL</core>
<MemPortIdVec></MemPortIdVec>
<condition id="-1">
<or_exp><and_exp><literal name="tmp_1" val="0"/>
<literal name="icmp_ln35" val="1"/>
<literal name="icmp_ln35_1" val="0"/>
</and_exp><and_exp><literal name="tmp_1" val="0"/>
<literal name="icmp_ln35" val="0"/>
<literal name="and_ln35" val="0"/>
</and_exp></or_exp>
</condition>

<Node id="71" bw="8" op_0_bw="64" op_1_bw="64" op_2_bw="64">
<![CDATA[
._crit_edge1_ifconv:0  %queue_addr_1 = getelementptr inbounds [256 x i64]* %queue, i64 0, i64 %zext_ln34_1

]]></Node>
<StgValue><ssdm name="queue_addr_1"/></StgValue>
</operation>

<operation id="64" st_id="2" stage="2" lat="2">
<core>RAM</core>
<MemPortIdVec>0 </MemPortIdVec>
<condition id="-1">
<or_exp><and_exp><literal name="tmp_1" val="0"/>
<literal name="icmp_ln35" val="1"/>
<literal name="icmp_ln35_1" val="0"/>
</and_exp><and_exp><literal name="tmp_1" val="0"/>
<literal name="icmp_ln35" val="0"/>
<literal name="and_ln35" val="0"/>
</and_exp></or_exp>
</condition>

<Node id="72" bw="64" op_0_bw="8">
<![CDATA[
._crit_edge1_ifconv:1  %n = load i64* %queue_addr_1, align 8

]]></Node>
<StgValue><ssdm name="n"/></StgValue>
</operation>

<operation id="65" st_id="2" stage="1" lat="1">
<core>NULL</core>
<MemPortIdVec></MemPortIdVec>
<condition id="-1">
<or_exp><and_exp><literal name="tmp_1" val="0"/>
<literal name="icmp_ln35" val="1"/>
<literal name="icmp_ln35_1" val="1"/>
</and_exp><and_exp><literal name="tmp_1" val="0"/>
<literal name="icmp_ln35" val="0"/>
<literal name="and_ln35" val="1"/>
</and_exp></or_exp>
</condition>

<Node id="144" bw="0" op_0_bw="0">
<![CDATA[
._crit_edge:0  br label %.loopexit

]]></Node>
<StgValue><ssdm name="br_ln36"/></StgValue>
</operation>

<operation id="66" st_id="2" stage="1" lat="1">
<core>NULL</core>
<MemPortIdVec></MemPortIdVec>
<condition id="-1">
<or_exp><and_exp><literal name="tmp_1" val="1"/>
</and_exp></or_exp>
</condition>

<Node id="146" bw="0" op_0_bw="0">
<![CDATA[
.loopexit.loopexit:0  br label %.loopexit

]]></Node>
<StgValue><ssdm name="br_ln0"/></StgValue>
</operation>

<operation id="67" st_id="2" stage="1" lat="1">
<core>NULL</core>
<MemPortIdVec></MemPortIdVec>
<condition id="-1">
<or_exp><and_exp><literal name="icmp_ln35" val="1"/>
<literal name="icmp_ln35_1" val="1"/>
</and_exp><and_exp><literal name="icmp_ln35" val="0"/>
<literal name="and_ln35" val="1"/>
</and_exp><and_exp><literal name="tmp_1" val="1"/>
</and_exp></or_exp>
</condition>

<Node id="148" bw="0">
<![CDATA[
.loopexit:0  ret void

]]></Node>
<StgValue><ssdm name="ret_ln60"/></StgValue>
</operation>
</state>

<state id="3" st_id="3">

<operation id="68" st_id="3" stage="1" lat="2">
<core>RAM</core>
<MemPortIdVec>0 </MemPortIdVec>
<condition id="-1">
<or_exp><and_exp></and_exp></or_exp>
</condition>

<Node id="72" bw="64" op_0_bw="8">
<![CDATA[
._crit_edge1_ifconv:1  %n = load i64* %queue_addr_1, align 8

]]></Node>
<StgValue><ssdm name="n"/></StgValue>
</operation>

<operation id="69" st_id="3" stage="1" lat="1">
<core>NULL</core>
<MemPortIdVec></MemPortIdVec>
<condition id="-1">
<or_exp><and_exp></and_exp></or_exp>
</condition>

<Node id="73" bw="1" op_0_bw="64">
<![CDATA[
._crit_edge1_ifconv:2  %trunc_ln39 = trunc i64 %n to i1

]]></Node>
<StgValue><ssdm name="trunc_ln39"/></StgValue>
</operation>

<operation id="70" st_id="3" stage="1" lat="1">
<core>NULL</core>
<MemPortIdVec></MemPortIdVec>
<condition id="-1">
<or_exp><and_exp></and_exp></or_exp>
</condition>

<Node id="74" bw="9" op_0_bw="9" op_1_bw="64" op_2_bw="32" op_3_bw="32">
<![CDATA[
._crit_edge1_ifconv:3  %lshr_ln1 = call i9 @_ssdm_op_PartSelect.i9.i64.i32.i32(i64 %n, i32 1, i32 9)

]]></Node>
<StgValue><ssdm name="lshr_ln1"/></StgValue>
</operation>

<operation id="71" st_id="3" stage="1" lat="1">
<core>NULL</core>
<MemPortIdVec></MemPortIdVec>
<condition id="-1">
<or_exp><and_exp></and_exp></or_exp>
</condition>

<Node id="75" bw="64" op_0_bw="9">
<![CDATA[
._crit_edge1_ifconv:4  %zext_ln39 = zext i9 %lshr_ln1 to i64

]]></Node>
<StgValue><ssdm name="zext_ln39"/></StgValue>
</operation>

<operation id="72" st_id="3" stage="1" lat="1">
<core>NULL</core>
<MemPortIdVec></MemPortIdVec>
<condition id="-1">
<or_exp><and_exp></and_exp></or_exp>
</condition>

<Node id="76" bw="7" op_0_bw="64" op_1_bw="64" op_2_bw="64">
<![CDATA[
._crit_edge1_ifconv:5  %nodes_0_edge_begin_s = getelementptr [128 x i64]* %nodes_0_edge_begin, i64 0, i64 %zext_ln39

]]></Node>
<StgValue><ssdm name="nodes_0_edge_begin_s"/></StgValue>
</operation>

<operation id="73" st_id="3" stage="1" lat="1">
<core>NULL</core>
<MemPortIdVec></MemPortIdVec>
<condition id="-1">
<or_exp><and_exp></and_exp></or_exp>
</condition>

<Node id="77" bw="7" op_0_bw="64" op_1_bw="64" op_2_bw="64">
<![CDATA[
._crit_edge1_ifconv:6  %nodes_1_edge_begin_s = getelementptr [128 x i64]* %nodes_1_edge_begin, i64 0, i64 %zext_ln39

]]></Node>
<StgValue><ssdm name="nodes_1_edge_begin_s"/></StgValue>
</operation>

<operation id="74" st_id="3" stage="2" lat="2">
<core>RAM</core>
<MemPortIdVec>0 </MemPortIdVec>
<condition id="-1">
<or_exp><and_exp></and_exp></or_exp>
</condition>

<Node id="78" bw="64" op_0_bw="7">
<![CDATA[
._crit_edge1_ifconv:7  %nodes_1_edge_begin_1 = load i64* %nodes_1_edge_begin_s, align 8

]]></Node>
<StgValue><ssdm name="nodes_1_edge_begin_1"/></StgValue>
</operation>

<operation id="75" st_id="3" stage="2" lat="2">
<core>RAM</core>
<MemPortIdVec>0 </MemPortIdVec>
<condition id="-1">
<or_exp><and_exp></and_exp></or_exp>
</condition>

<Node id="79" bw="64" op_0_bw="7">
<![CDATA[
._crit_edge1_ifconv:8  %nodes_0_edge_begin_1 = load i64* %nodes_0_edge_begin_s, align 8

]]></Node>
<StgValue><ssdm name="nodes_0_edge_begin_1"/></StgValue>
</operation>

<operation id="76" st_id="3" stage="1" lat="1">
<core>NULL</core>
<MemPortIdVec></MemPortIdVec>
<condition id="-1">
<or_exp><and_exp></and_exp></or_exp>
</condition>

<Node id="81" bw="7" op_0_bw="64" op_1_bw="64" op_2_bw="64">
<![CDATA[
._crit_edge1_ifconv:10  %nodes_0_edge_end_ad = getelementptr [128 x i64]* %nodes_0_edge_end, i64 0, i64 %zext_ln39

]]></Node>
<StgValue><ssdm name="nodes_0_edge_end_ad"/></StgValue>
</operation>

<operation id="77" st_id="3" stage="1" lat="1">
<core>NULL</core>
<MemPortIdVec></MemPortIdVec>
<condition id="-1">
<or_exp><and_exp></and_exp></or_exp>
</condition>

<Node id="82" bw="7" op_0_bw="64" op_1_bw="64" op_2_bw="64">
<![CDATA[
._crit_edge1_ifconv:11  %nodes_1_edge_end_ad = getelementptr [128 x i64]* %nodes_1_edge_end, i64 0, i64 %zext_ln39

]]></Node>
<StgValue><ssdm name="nodes_1_edge_end_ad"/></StgValue>
</operation>

<operation id="78" st_id="3" stage="2" lat="2">
<core>RAM</core>
<MemPortIdVec>0 </MemPortIdVec>
<condition id="-1">
<or_exp><and_exp></and_exp></or_exp>
</condition>

<Node id="83" bw="64" op_0_bw="7">
<![CDATA[
._crit_edge1_ifconv:12  %nodes_1_edge_end_lo = load i64* %nodes_1_edge_end_ad, align 8

]]></Node>
<StgValue><ssdm name="nodes_1_edge_end_lo"/></StgValue>
</operation>

<operation id="79" st_id="3" stage="2" lat="2">
<core>RAM</core>
<MemPortIdVec>0 </MemPortIdVec>
<condition id="-1">
<or_exp><and_exp></and_exp></or_exp>
</condition>

<Node id="84" bw="64" op_0_bw="7">
<![CDATA[
._crit_edge1_ifconv:13  %nodes_0_edge_end_lo = load i64* %nodes_0_edge_end_ad, align 8

]]></Node>
<StgValue><ssdm name="nodes_0_edge_end_lo"/></StgValue>
</operation>

<operation id="80" st_id="3" stage="1" lat="1">
<core>NULL</core>
<MemPortIdVec></MemPortIdVec>
<condition id="-1">
<or_exp><and_exp></and_exp></or_exp>
</condition>

<Node id="86" bw="7" op_0_bw="8" op_1_bw="64" op_2_bw="64">
<![CDATA[
._crit_edge1_ifconv:15  %level_0_addr_1 = getelementptr [128 x i8]* %level_0, i64 0, i64 %zext_ln39

]]></Node>
<StgValue><ssdm name="level_0_addr_1"/></StgValue>
</operation>

<operation id="81" st_id="3" stage="1" lat="1">
<core>NULL</core>
<MemPortIdVec></MemPortIdVec>
<condition id="-1">
<or_exp><and_exp></and_exp></or_exp>
</condition>

<Node id="87" bw="7" op_0_bw="8" op_1_bw="64" op_2_bw="64">
<![CDATA[
._crit_edge1_ifconv:16  %level_1_addr_1 = getelementptr [128 x i8]* %level_1, i64 0, i64 %zext_ln39

]]></Node>
<StgValue><ssdm name="level_1_addr_1"/></StgValue>
</operation>
</state>

<state id="4" st_id="4">

<operation id="82" st_id="4" stage="1" lat="2">
<core>RAM</core>
<MemPortIdVec>0 </MemPortIdVec>
<condition id="-1">
<or_exp><and_exp></and_exp></or_exp>
</condition>

<Node id="78" bw="64" op_0_bw="7">
<![CDATA[
._crit_edge1_ifconv:7  %nodes_1_edge_begin_1 = load i64* %nodes_1_edge_begin_s, align 8

]]></Node>
<StgValue><ssdm name="nodes_1_edge_begin_1"/></StgValue>
</operation>

<operation id="83" st_id="4" stage="1" lat="2">
<core>RAM</core>
<MemPortIdVec>0 </MemPortIdVec>
<condition id="-1">
<or_exp><and_exp></and_exp></or_exp>
</condition>

<Node id="79" bw="64" op_0_bw="7">
<![CDATA[
._crit_edge1_ifconv:8  %nodes_0_edge_begin_1 = load i64* %nodes_0_edge_begin_s, align 8

]]></Node>
<StgValue><ssdm name="nodes_0_edge_begin_1"/></StgValue>
</operation>

<operation id="84" st_id="4" stage="1" lat="1">
<core>Sel</core>
<MemPortIdVec></MemPortIdVec>
<condition id="-1">
<or_exp><and_exp></and_exp></or_exp>
</condition>

<Node id="80" bw="64" op_0_bw="1" op_1_bw="64" op_2_bw="64">
<![CDATA[
._crit_edge1_ifconv:9  %tmp_begin = select i1 %trunc_ln39, i64 %nodes_1_edge_begin_1, i64 %nodes_0_edge_begin_1

]]></Node>
<StgValue><ssdm name="tmp_begin"/></StgValue>
</operation>

<operation id="85" st_id="4" stage="1" lat="2">
<core>RAM</core>
<MemPortIdVec>0 </MemPortIdVec>
<condition id="-1">
<or_exp><and_exp></and_exp></or_exp>
</condition>

<Node id="83" bw="64" op_0_bw="7">
<![CDATA[
._crit_edge1_ifconv:12  %nodes_1_edge_end_lo = load i64* %nodes_1_edge_end_ad, align 8

]]></Node>
<StgValue><ssdm name="nodes_1_edge_end_lo"/></StgValue>
</operation>

<operation id="86" st_id="4" stage="1" lat="2">
<core>RAM</core>
<MemPortIdVec>0 </MemPortIdVec>
<condition id="-1">
<or_exp><and_exp></and_exp></or_exp>
</condition>

<Node id="84" bw="64" op_0_bw="7">
<![CDATA[
._crit_edge1_ifconv:13  %nodes_0_edge_end_lo = load i64* %nodes_0_edge_end_ad, align 8

]]></Node>
<StgValue><ssdm name="nodes_0_edge_end_lo"/></StgValue>
</operation>

<operation id="87" st_id="4" stage="1" lat="1">
<core>Sel</core>
<MemPortIdVec></MemPortIdVec>
<condition id="-1">
<or_exp><and_exp></and_exp></or_exp>
</condition>

<Node id="85" bw="64" op_0_bw="1" op_1_bw="64" op_2_bw="64">
<![CDATA[
._crit_edge1_ifconv:14  %tmp_end = select i1 %trunc_ln39, i64 %nodes_1_edge_end_lo, i64 %nodes_0_edge_end_lo

]]></Node>
<StgValue><ssdm name="tmp_end"/></StgValue>
</operation>

<operation id="88" st_id="4" stage="1" lat="1">
<core>NULL</core>
<MemPortIdVec></MemPortIdVec>
<condition id="-1">
<or_exp><and_exp></and_exp></or_exp>
</condition>

<Node id="88" bw="0" op_0_bw="0">
<![CDATA[
._crit_edge1_ifconv:17  br label %5

]]></Node>
<StgValue><ssdm name="br_ln41"/></StgValue>
</operation>
</state>

<state id="5" st_id="5">

<operation id="89" st_id="5" stage="1" lat="1">
<core>NULL</core>
<MemPortIdVec></MemPortIdVec>
<condition id="-1">
<or_exp><and_exp></and_exp></or_exp>
</condition>

<Node id="90" bw="64" op_0_bw="64" op_1_bw="0" op_2_bw="64" op_3_bw="0">
<![CDATA[
:0  %e_0 = phi i64 [ %tmp_begin, %._crit_edge1_ifconv ], [ %e_1, %._crit_edge4 ]

]]></Node>
<StgValue><ssdm name="e_0"/></StgValue>
</operation>

<operation id="90" st_id="5" stage="1" lat="1">
<core>Cmp</core>
<MemPortIdVec></MemPortIdVec>
<condition id="-1">
<or_exp><and_exp></and_exp></or_exp>
</condition>

<Node id="91" bw="1" op_0_bw="64" op_1_bw="64">
<![CDATA[
:1  %icmp_ln41 = icmp ult i64 %e_0, %tmp_end

]]></Node>
<StgValue><ssdm name="icmp_ln41"/></StgValue>
</operation>

<operation id="91" st_id="5" stage="1" lat="1">
<core>NULL</core>
<MemPortIdVec></MemPortIdVec>
<condition id="-1">
<or_exp><and_exp></and_exp></or_exp>
</condition>

<Node id="92" bw="0" op_0_bw="1" op_1_bw="0" op_2_bw="0">
<![CDATA[
:2  br i1 %icmp_ln41, label %_ifconv, label %loop_queue_end

]]></Node>
<StgValue><ssdm name="br_ln41"/></StgValue>
</operation>

<operation id="92" st_id="5" stage="1" lat="1">
<core>NULL</core>
<MemPortIdVec></MemPortIdVec>
<condition id="-1">
<or_exp><and_exp><literal name="icmp_ln41" val="1"/>
</and_exp></or_exp>
</condition>

<Node id="95" bw="12" op_0_bw="64" op_1_bw="64" op_2_bw="64">
<![CDATA[
_ifconv:1  %edges_dst_addr = getelementptr [4096 x i64]* %edges_dst, i64 0, i64 %e_0

]]></Node>
<StgValue><ssdm name="edges_dst_addr"/></StgValue>
</operation>

<operation id="93" st_id="5" stage="2" lat="2">
<core>RAM_1P_BRAM</core>
<MemPortIdVec>0 </MemPortIdVec>
<condition id="-1">
<or_exp><and_exp><literal name="icmp_ln41" val="1"/>
</and_exp></or_exp>
</condition>

<Node id="96" bw="64" op_0_bw="12">
<![CDATA[
_ifconv:2  %tmp_dst = load i64* %edges_dst_addr, align 8

]]></Node>
<StgValue><ssdm name="tmp_dst"/></StgValue>
</operation>

<operation id="94" st_id="5" stage="1" lat="1">
<core>NULL</core>
<MemPortIdVec></MemPortIdVec>
<condition id="-1">
<or_exp><and_exp><literal name="icmp_ln41" val="0"/>
</and_exp></or_exp>
</condition>

<Node id="140" bw="32" op_0_bw="32" op_1_bw="0" op_2_bw="32">
<![CDATA[
loop_queue_end:0  %empty_5 = call i32 (...)* @_ssdm_op_SpecRegionEnd([11 x i8]* @p_str3, i32 %tmp)

]]></Node>
<StgValue><ssdm name="empty_5"/></StgValue>
</operation>

<operation id="95" st_id="5" stage="1" lat="1">
<core>AddSub</core>
<MemPortIdVec></MemPortIdVec>
<condition id="-1">
<or_exp><and_exp><literal name="icmp_ln41" val="0"/>
</and_exp></or_exp>
</condition>

<Node id="141" bw="9" op_0_bw="9" op_1_bw="9">
<![CDATA[
loop_queue_end:1  %dummy = add i9 %dummy_0, 1

]]></Node>
<StgValue><ssdm name="dummy"/></StgValue>
</operation>

<operation id="96" st_id="5" stage="1" lat="1">
<core>NULL</core>
<MemPortIdVec></MemPortIdVec>
<condition id="-1">
<or_exp><and_exp><literal name="icmp_ln41" val="0"/>
</and_exp></or_exp>
</condition>

<Node id="142" bw="0" op_0_bw="0">
<![CDATA[
loop_queue_end:2  br label %2

]]></Node>
<StgValue><ssdm name="br_ln34"/></StgValue>
</operation>
</state>

<state id="6" st_id="6">

<operation id="97" st_id="6" stage="1" lat="2">
<core>RAM_1P_BRAM</core>
<MemPortIdVec>0 </MemPortIdVec>
<condition id="-1">
<or_exp><and_exp></and_exp></or_exp>
</condition>

<Node id="96" bw="64" op_0_bw="12">
<![CDATA[
_ifconv:2  %tmp_dst = load i64* %edges_dst_addr, align 8

]]></Node>
<StgValue><ssdm name="tmp_dst"/></StgValue>
</operation>

<operation id="98" st_id="6" stage="1" lat="1">
<core>NULL</core>
<MemPortIdVec></MemPortIdVec>
<condition id="-1">
<or_exp><and_exp></and_exp></or_exp>
</condition>

<Node id="97" bw="1" op_0_bw="64">
<![CDATA[
_ifconv:3  %trunc_ln43 = trunc i64 %tmp_dst to i1

]]></Node>
<StgValue><ssdm name="trunc_ln43"/></StgValue>
</operation>

<operation id="99" st_id="6" stage="1" lat="1">
<core>NULL</core>
<MemPortIdVec></MemPortIdVec>
<condition id="-1">
<or_exp><and_exp></and_exp></or_exp>
</condition>

<Node id="98" bw="9" op_0_bw="9" op_1_bw="64" op_2_bw="32" op_3_bw="32">
<![CDATA[
_ifconv:4  %lshr_ln2 = call i9 @_ssdm_op_PartSelect.i9.i64.i32.i32(i64 %tmp_dst, i32 1, i32 9)

]]></Node>
<StgValue><ssdm name="lshr_ln2"/></StgValue>
</operation>

<operation id="100" st_id="6" stage="1" lat="1">
<core>NULL</core>
<MemPortIdVec></MemPortIdVec>
<condition id="-1">
<or_exp><and_exp></and_exp></or_exp>
</condition>

<Node id="99" bw="64" op_0_bw="9">
<![CDATA[
_ifconv:5  %zext_ln43 = zext i9 %lshr_ln2 to i64

]]></Node>
<StgValue><ssdm name="zext_ln43"/></StgValue>
</operation>

<operation id="101" st_id="6" stage="1" lat="1">
<core>NULL</core>
<MemPortIdVec></MemPortIdVec>
<condition id="-1">
<or_exp><and_exp></and_exp></or_exp>
</condition>

<Node id="100" bw="7" op_0_bw="8" op_1_bw="64" op_2_bw="64">
<![CDATA[
_ifconv:6  %level_0_addr_2 = getelementptr [128 x i8]* %level_0, i64 0, i64 %zext_ln43

]]></Node>
<StgValue><ssdm name="level_0_addr_2"/></StgValue>
</operation>

<operation id="102" st_id="6" stage="1" lat="1">
<core>NULL</core>
<MemPortIdVec></MemPortIdVec>
<condition id="-1">
<or_exp><and_exp></and_exp></or_exp>
</condition>

<Node id="101" bw="7" op_0_bw="8" op_1_bw="64" op_2_bw="64">
<![CDATA[
_ifconv:7  %level_1_addr_2 = getelementptr [128 x i8]* %level_1, i64 0, i64 %zext_ln43

]]></Node>
<StgValue><ssdm name="level_1_addr_2"/></StgValue>
</operation>

<operation id="103" st_id="6" stage="2" lat="2">
<core>RAM</core>
<MemPortIdVec>0 </MemPortIdVec>
<condition id="-1">
<or_exp><and_exp></and_exp></or_exp>
</condition>

<Node id="102" bw="8" op_0_bw="7">
<![CDATA[
_ifconv:8  %level_1_load = load i8* %level_1_addr_2, align 1

]]></Node>
<StgValue><ssdm name="level_1_load"/></StgValue>
</operation>

<operation id="104" st_id="6" stage="2" lat="2">
<core>RAM</core>
<MemPortIdVec>0 </MemPortIdVec>
<condition id="-1">
<or_exp><and_exp></and_exp></or_exp>
</condition>

<Node id="103" bw="8" op_0_bw="7">
<![CDATA[
_ifconv:9  %level_0_load = load i8* %level_0_addr_2, align 1

]]></Node>
<StgValue><ssdm name="level_0_load"/></StgValue>
</operation>
</state>

<state id="7" st_id="7">

<operation id="105" st_id="7" stage="1" lat="1">
<core>NULL</core>
<MemPortIdVec></MemPortIdVec>
<condition id="-1">
<or_exp><and_exp></and_exp></or_exp>
</condition>

<Node id="94" bw="0" op_0_bw="0" op_1_bw="0">
<![CDATA[
_ifconv:0  call void (...)* @_ssdm_op_SpecLoopName([15 x i8]* @p_str4) nounwind

]]></Node>
<StgValue><ssdm name="specloopname_ln41"/></StgValue>
</operation>

<operation id="106" st_id="7" stage="1" lat="2">
<core>RAM</core>
<MemPortIdVec>0 </MemPortIdVec>
<condition id="-1">
<or_exp><and_exp></and_exp></or_exp>
</condition>

<Node id="102" bw="8" op_0_bw="7">
<![CDATA[
_ifconv:8  %level_1_load = load i8* %level_1_addr_2, align 1

]]></Node>
<StgValue><ssdm name="level_1_load"/></StgValue>
</operation>

<operation id="107" st_id="7" stage="1" lat="2">
<core>RAM</core>
<MemPortIdVec>0 </MemPortIdVec>
<condition id="-1">
<or_exp><and_exp></and_exp></or_exp>
</condition>

<Node id="103" bw="8" op_0_bw="7">
<![CDATA[
_ifconv:9  %level_0_load = load i8* %level_0_addr_2, align 1

]]></Node>
<StgValue><ssdm name="level_0_load"/></StgValue>
</operation>

<operation id="108" st_id="7" stage="1" lat="1">
<core>Sel</core>
<MemPortIdVec></MemPortIdVec>
<condition id="-1">
<or_exp><and_exp></and_exp></or_exp>
</condition>

<Node id="104" bw="8" op_0_bw="1" op_1_bw="8" op_2_bw="8">
<![CDATA[
_ifconv:10  %tmp_level = select i1 %trunc_ln43, i8 %level_1_load, i8 %level_0_load

]]></Node>
<StgValue><ssdm name="tmp_level"/></StgValue>
</operation>

<operation id="109" st_id="7" stage="1" lat="1">
<core>Cmp</core>
<MemPortIdVec></MemPortIdVec>
<condition id="-1">
<or_exp><and_exp></and_exp></or_exp>
</condition>

<Node id="105" bw="1" op_0_bw="8" op_1_bw="8">
<![CDATA[
_ifconv:11  %icmp_ln45 = icmp eq i8 %tmp_level, 127

]]></Node>
<StgValue><ssdm name="icmp_ln45"/></StgValue>
</operation>

<operation id="110" st_id="7" stage="1" lat="1">
<core>NULL</core>
<MemPortIdVec></MemPortIdVec>
<condition id="-1">
<or_exp><and_exp></and_exp></or_exp>
</condition>

<Node id="106" bw="0" op_0_bw="1" op_1_bw="0" op_2_bw="0">
<![CDATA[
_ifconv:12  br i1 %icmp_ln45, label %_ifconv1, label %._crit_edge4

]]></Node>
<StgValue><ssdm name="br_ln45"/></StgValue>
</operation>

<operation id="111" st_id="7" stage="2" lat="2">
<core>RAM</core>
<MemPortIdVec>0 </MemPortIdVec>
<condition id="-1">
<or_exp><and_exp><literal name="icmp_ln45" val="1"/>
<literal name="trunc_ln39" val="1"/>
</and_exp></or_exp>
</condition>

<Node id="108" bw="8" op_0_bw="7">
<![CDATA[
_ifconv1:0  %level_1_load_1 = load i8* %level_1_addr_1, align 1

]]></Node>
<StgValue><ssdm name="level_1_load_1"/></StgValue>
</operation>

<operation id="112" st_id="7" stage="2" lat="2">
<core>RAM</core>
<MemPortIdVec>0 </MemPortIdVec>
<condition id="-1">
<or_exp><and_exp><literal name="icmp_ln45" val="1"/>
<literal name="trunc_ln39" val="0"/>
</and_exp></or_exp>
</condition>

<Node id="109" bw="8" op_0_bw="7">
<![CDATA[
_ifconv1:1  %level_0_load_1 = load i8* %level_0_addr_1, align 1

]]></Node>
<StgValue><ssdm name="level_0_load_1"/></StgValue>
</operation>
</state>

<state id="8" st_id="8">

<operation id="113" st_id="8" stage="1" lat="2">
<core>RAM</core>
<MemPortIdVec>0 </MemPortIdVec>
<condition id="-1">
<or_exp><and_exp><literal name="trunc_ln39" val="1"/>
</and_exp></or_exp>
</condition>

<Node id="108" bw="8" op_0_bw="7">
<![CDATA[
_ifconv1:0  %level_1_load_1 = load i8* %level_1_addr_1, align 1

]]></Node>
<StgValue><ssdm name="level_1_load_1"/></StgValue>
</operation>

<operation id="114" st_id="8" stage="1" lat="2">
<core>RAM</core>
<MemPortIdVec>0 </MemPortIdVec>
<condition id="-1">
<or_exp><and_exp><literal name="trunc_ln39" val="0"/>
</and_exp></or_exp>
</condition>

<Node id="109" bw="8" op_0_bw="7">
<![CDATA[
_ifconv1:1  %level_0_load_1 = load i8* %level_0_addr_1, align 1

]]></Node>
<StgValue><ssdm name="level_0_load_1"/></StgValue>
</operation>

<operation id="115" st_id="8" stage="1" lat="1">
<core>Sel</core>
<MemPortIdVec></MemPortIdVec>
<condition id="-1">
<or_exp><and_exp></and_exp></or_exp>
</condition>

<Node id="110" bw="8" op_0_bw="1" op_1_bw="8" op_2_bw="8">
<![CDATA[
_ifconv1:2  %select_ln39 = select i1 %trunc_ln39, i8 %level_1_load_1, i8 %level_0_load_1

]]></Node>
<StgValue><ssdm name="select_ln39"/></StgValue>
</operation>

<operation id="116" st_id="8" stage="1" lat="1">
<core>AddSub</core>
<MemPortIdVec></MemPortIdVec>
<condition id="-1">
<or_exp><and_exp></and_exp></or_exp>
</condition>

<Node id="111" bw="8" op_0_bw="8" op_1_bw="8">
<![CDATA[
_ifconv1:3  %tmp_level_1 = add i8 %select_ln39, 1

]]></Node>
<StgValue><ssdm name="tmp_level_1"/></StgValue>
</operation>

<operation id="117" st_id="8" stage="1" lat="1">
<core>NULL</core>
<MemPortIdVec></MemPortIdVec>
<condition id="-1">
<or_exp><and_exp></and_exp></or_exp>
</condition>

<Node id="112" bw="0" op_0_bw="1" op_1_bw="0" op_2_bw="0">
<![CDATA[
_ifconv1:4  br i1 %trunc_ln43, label %branch3, label %branch2

]]></Node>
<StgValue><ssdm name="br_ln47"/></StgValue>
</operation>

<operation id="118" st_id="8" stage="1" lat="1">
<core>RAM</core>
<MemPortIdVec>0 </MemPortIdVec>
<condition id="-1">
<or_exp><and_exp><literal name="trunc_ln43" val="0"/>
</and_exp></or_exp>
</condition>

<Node id="114" bw="0" op_0_bw="8" op_1_bw="7" op_2_bw="8" op_3_bw="8">
<![CDATA[
branch2:0  store i8 %tmp_level_1, i8* %level_0_addr_2, align 1

]]></Node>
<StgValue><ssdm name="store_ln47"/></StgValue>
</operation>

<operation id="119" st_id="8" stage="1" lat="1">
<core>NULL</core>
<MemPortIdVec></MemPortIdVec>
<condition id="-1">
<or_exp><and_exp><literal name="trunc_ln43" val="0"/>
</and_exp></or_exp>
</condition>

<Node id="115" bw="0" op_0_bw="0">
<![CDATA[
branch2:1  br label %6

]]></Node>
<StgValue><ssdm name="br_ln47"/></StgValue>
</operation>

<operation id="120" st_id="8" stage="1" lat="1">
<core>RAM</core>
<MemPortIdVec>0 </MemPortIdVec>
<condition id="-1">
<or_exp><and_exp><literal name="trunc_ln43" val="1"/>
</and_exp></or_exp>
</condition>

<Node id="117" bw="0" op_0_bw="8" op_1_bw="7" op_2_bw="8" op_3_bw="8">
<![CDATA[
branch3:0  store i8 %tmp_level_1, i8* %level_1_addr_2, align 1

]]></Node>
<StgValue><ssdm name="store_ln47"/></StgValue>
</operation>

<operation id="121" st_id="8" stage="1" lat="1">
<core>NULL</core>
<MemPortIdVec></MemPortIdVec>
<condition id="-1">
<or_exp><and_exp><literal name="trunc_ln43" val="1"/>
</and_exp></or_exp>
</condition>

<Node id="118" bw="0" op_0_bw="0">
<![CDATA[
branch3:1  br label %6

]]></Node>
<StgValue><ssdm name="br_ln47"/></StgValue>
</operation>

<operation id="122" st_id="8" stage="1" lat="1">
<core>NULL</core>
<MemPortIdVec></MemPortIdVec>
<condition id="-1">
<or_exp><and_exp></and_exp></or_exp>
</condition>

<Node id="120" bw="64" op_0_bw="64" op_1_bw="0">
<![CDATA[
:0  %q_in_0_load_1 = load i64* %q_in_0

]]></Node>
<StgValue><ssdm name="q_in_0_load_1"/></StgValue>
</operation>

<operation id="123" st_id="8" stage="1" lat="1">
<core>NULL</core>
<MemPortIdVec></MemPortIdVec>
<condition id="-1">
<or_exp><and_exp></and_exp></or_exp>
</condition>

<Node id="121" bw="64" op_0_bw="8">
<![CDATA[
:1  %sext_ln48 = sext i8 %tmp_level_1 to i64

]]></Node>
<StgValue><ssdm name="sext_ln48"/></StgValue>
</operation>

<operation id="124" st_id="8" stage="1" lat="1">
<core>NULL</core>
<MemPortIdVec></MemPortIdVec>
<condition id="-1">
<or_exp><and_exp></and_exp></or_exp>
</condition>

<Node id="122" bw="4" op_0_bw="64" op_1_bw="64" op_2_bw="64">
<![CDATA[
:2  %level_counts_addr_1 = getelementptr [10 x i64]* %level_counts, i64 0, i64 %sext_ln48

]]></Node>
<StgValue><ssdm name="level_counts_addr_1"/></StgValue>
</operation>

<operation id="125" st_id="8" stage="2" lat="2">
<core>RAM_1P_BRAM</core>
<MemPortIdVec>0 </MemPortIdVec>
<condition id="-1">
<or_exp><and_exp></and_exp></or_exp>
</condition>

<Node id="123" bw="64" op_0_bw="4">
<![CDATA[
:3  %level_counts_load = load i64* %level_counts_addr_1, align 8

]]></Node>
<StgValue><ssdm name="level_counts_load"/></StgValue>
</operation>

<operation id="126" st_id="8" stage="1" lat="1">
<core>Cmp</core>
<MemPortIdVec></MemPortIdVec>
<condition id="-1">
<or_exp><and_exp></and_exp></or_exp>
</condition>

<Node id="126" bw="1" op_0_bw="64" op_1_bw="64">
<![CDATA[
:6  %icmp_ln49 = icmp eq i64 %q_in_0_load_1, 0

]]></Node>
<StgValue><ssdm name="icmp_ln49"/></StgValue>
</operation>

<operation id="127" st_id="8" stage="1" lat="1">
<core>AddSub</core>
<MemPortIdVec></MemPortIdVec>
<condition id="-1">
<or_exp><and_exp></and_exp></or_exp>
</condition>

<Node id="127" bw="64" op_0_bw="64" op_1_bw="64">
<![CDATA[
:7  %add_ln49 = add i64 -1, %q_in_0_load_1

]]></Node>
<StgValue><ssdm name="add_ln49"/></StgValue>
</operation>

<operation id="128" st_id="8" stage="1" lat="1">
<core>Sel</core>
<MemPortIdVec></MemPortIdVec>
<condition id="-1">
<or_exp><and_exp></and_exp></or_exp>
</condition>

<Node id="128" bw="64" op_0_bw="1" op_1_bw="64" op_2_bw="64">
<![CDATA[
:8  %select_ln49 = select i1 %icmp_ln49, i64 255, i64 %add_ln49

]]></Node>
<StgValue><ssdm name="select_ln49"/></StgValue>
</operation>

<operation id="129" st_id="8" stage="1" lat="1">
<core>NULL</core>
<MemPortIdVec></MemPortIdVec>
<condition id="-1">
<or_exp><and_exp></and_exp></or_exp>
</condition>

<Node id="129" bw="8" op_0_bw="64" op_1_bw="64" op_2_bw="64">
<![CDATA[
:9  %queue_addr_2 = getelementptr inbounds [256 x i64]* %queue, i64 0, i64 %select_ln49

]]></Node>
<StgValue><ssdm name="queue_addr_2"/></StgValue>
</operation>

<operation id="130" st_id="8" stage="1" lat="1">
<core>RAM</core>
<MemPortIdVec>0 </MemPortIdVec>
<condition id="-1">
<or_exp><and_exp></and_exp></or_exp>
</condition>

<Node id="130" bw="0" op_0_bw="64" op_1_bw="8">
<![CDATA[
:10  store i64 %tmp_dst, i64* %queue_addr_2, align 8

]]></Node>
<StgValue><ssdm name="store_ln49"/></StgValue>
</operation>

<operation id="131" st_id="8" stage="1" lat="1">
<core>NULL</core>
<MemPortIdVec></MemPortIdVec>
<condition id="-1">
<or_exp><and_exp></and_exp></or_exp>
</condition>

<Node id="131" bw="8" op_0_bw="64">
<![CDATA[
:11  %trunc_ln49 = trunc i64 %q_in_0_load_1 to i8

]]></Node>
<StgValue><ssdm name="trunc_ln49"/></StgValue>
</operation>

<operation id="132" st_id="8" stage="1" lat="1">
<core>AddSub</core>
<MemPortIdVec></MemPortIdVec>
<condition id="-1">
<or_exp><and_exp></and_exp></or_exp>
</condition>

<Node id="132" bw="8" op_0_bw="8" op_1_bw="8">
<![CDATA[
:12  %q_in = add i8 1, %trunc_ln49

]]></Node>
<StgValue><ssdm name="q_in"/></StgValue>
</operation>

<operation id="133" st_id="8" stage="1" lat="1">
<core>NULL</core>
<MemPortIdVec></MemPortIdVec>
<condition id="-1">
<or_exp><and_exp></and_exp></or_exp>
</condition>

<Node id="133" bw="64" op_0_bw="8">
<![CDATA[
:13  %zext_ln49 = zext i8 %q_in to i64

]]></Node>
<StgValue><ssdm name="zext_ln49"/></StgValue>
</operation>

<operation id="134" st_id="8" stage="1" lat="1">
<core>NULL</core>
<MemPortIdVec></MemPortIdVec>
<condition id="-1">
<or_exp><and_exp></and_exp></or_exp>
</condition>

<Node id="134" bw="0" op_0_bw="64" op_1_bw="64" op_2_bw="64" op_3_bw="0" op_4_bw="64">
<![CDATA[
:14  store i64 %zext_ln49, i64* %q_in_0

]]></Node>
<StgValue><ssdm name="store_ln50"/></StgValue>
</operation>
</state>

<state id="9" st_id="9">

<operation id="135" st_id="9" stage="1" lat="2">
<core>RAM_1P_BRAM</core>
<MemPortIdVec>0 </MemPortIdVec>
<condition id="-1">
<or_exp><and_exp><literal name="icmp_ln45" val="1"/>
</and_exp></or_exp>
</condition>

<Node id="123" bw="64" op_0_bw="4">
<![CDATA[
:3  %level_counts_load = load i64* %level_counts_addr_1, align 8

]]></Node>
<StgValue><ssdm name="level_counts_load"/></StgValue>
</operation>

<operation id="136" st_id="9" stage="1" lat="1">
<core>AddSub</core>
<MemPortIdVec></MemPortIdVec>
<condition id="-1">
<or_exp><and_exp><literal name="icmp_ln45" val="1"/>
</and_exp></or_exp>
</condition>

<Node id="124" bw="64" op_0_bw="64" op_1_bw="64">
<![CDATA[
:4  %add_ln48 = add i64 1, %level_counts_load

]]></Node>
<StgValue><ssdm name="add_ln48"/></StgValue>
</operation>

<operation id="137" st_id="9" stage="1" lat="1">
<core>RAM_1P_BRAM</core>
<MemPortIdVec>0 </MemPortIdVec>
<condition id="-1">
<or_exp><and_exp><literal name="icmp_ln45" val="1"/>
</and_exp></or_exp>
</condition>

<Node id="125" bw="0" op_0_bw="64" op_1_bw="4" op_2_bw="64">
<![CDATA[
:5  store i64 %add_ln48, i64* %level_counts_addr_1, align 8

]]></Node>
<StgValue><ssdm name="store_ln48"/></StgValue>
</operation>

<operation id="138" st_id="9" stage="1" lat="1">
<core>NULL</core>
<MemPortIdVec></MemPortIdVec>
<condition id="-1">
<or_exp><and_exp><literal name="icmp_ln45" val="1"/>
</and_exp></or_exp>
</condition>

<Node id="135" bw="0" op_0_bw="0">
<![CDATA[
:15  br label %._crit_edge4

]]></Node>
<StgValue><ssdm name="br_ln50"/></StgValue>
</operation>

<operation id="139" st_id="9" stage="1" lat="1">
<core>AddSub</core>
<MemPortIdVec></MemPortIdVec>
<condition id="-1">
<or_exp><and_exp></and_exp></or_exp>
</condition>

<Node id="137" bw="64" op_0_bw="64" op_1_bw="64">
<![CDATA[
._crit_edge4:0  %e_1 = add i64 %e_0, 1

]]></Node>
<StgValue><ssdm name="e_1"/></StgValue>
</operation>

<operation id="140" st_id="9" stage="1" lat="1">
<core>NULL</core>
<MemPortIdVec></MemPortIdVec>
<condition id="-1">
<or_exp><and_exp></and_exp></or_exp>
</condition>

<Node id="138" bw="0" op_0_bw="0">
<![CDATA[
._crit_edge4:1  br label %5

]]></Node>
<StgValue><ssdm name="br_ln41"/></StgValue>
</operation>
</state>
</state_list>


<ports>
<port id="158" name="nodes_0_edge_begin" dir="0" iftype="1">
<core>RAM</core><StgValue><ssdm name="nodes_0_edge_begin"/><MemPortTyVec>1 3 </MemPortTyVec>
</StgValue>
</port>
<port id="159" name="nodes_1_edge_begin" dir="0" iftype="1">
<core>RAM</core><StgValue><ssdm name="nodes_1_edge_begin"/><MemPortTyVec>1 3 </MemPortTyVec>
</StgValue>
</port>
<port id="160" name="nodes_0_edge_end" dir="0" iftype="1">
<core>RAM</core><StgValue><ssdm name="nodes_0_edge_end"/><MemPortTyVec>1 3 </MemPortTyVec>
</StgValue>
</port>
<port id="161" name="nodes_1_edge_end" dir="0" iftype="1">
<core>RAM</core><StgValue><ssdm name="nodes_1_edge_end"/><MemPortTyVec>1 3 </MemPortTyVec>
</StgValue>
</port>
<port id="162" name="edges_dst" dir="0" iftype="1">
<core>RAM_1P_BRAM</core><StgValue><ssdm name="edges_dst"/><MemPortTyVec>1 </MemPortTyVec>
</StgValue>
</port>
<port id="163" name="starting_node" dir="0" iftype="0">
<core>NULL</core><StgValue><ssdm name="starting_node"/></StgValue>
</port>
<port id="164" name="level_0" dir="2" iftype="1">
<core>RAM</core><StgValue><ssdm name="level_0"/><MemPortTyVec>2 3 </MemPortTyVec>
</StgValue>
</port>
<port id="165" name="level_1" dir="2" iftype="1">
<core>RAM</core><StgValue><ssdm name="level_1"/><MemPortTyVec>2 3 </MemPortTyVec>
</StgValue>
</port>
<port id="166" name="level_counts" dir="2" iftype="1">
<core>RAM_1P_BRAM</core><StgValue><ssdm name="level_counts"/><MemPortTyVec>2 </MemPortTyVec>
</StgValue>
</port>
</ports>


<dataflows>
<dataflow id="168" from="_ssdm_op_SpecBitsMap" to="specbitsmap_ln0" fromId="167" toId="10">
</dataflow>
<dataflow id="169" from="nodes_1_edge_end" to="specbitsmap_ln0" fromId="161" toId="10">
</dataflow>
<dataflow id="170" from="_ssdm_op_SpecBitsMap" to="specbitsmap_ln0" fromId="167" toId="11">
</dataflow>
<dataflow id="171" from="nodes_0_edge_end" to="specbitsmap_ln0" fromId="160" toId="11">
</dataflow>
<dataflow id="172" from="_ssdm_op_SpecBitsMap" to="specbitsmap_ln0" fromId="167" toId="12">
</dataflow>
<dataflow id="173" from="nodes_1_edge_begin" to="specbitsmap_ln0" fromId="159" toId="12">
</dataflow>
<dataflow id="174" from="_ssdm_op_SpecBitsMap" to="specbitsmap_ln0" fromId="167" toId="13">
</dataflow>
<dataflow id="175" from="nodes_0_edge_begin" to="specbitsmap_ln0" fromId="158" toId="13">
</dataflow>
<dataflow id="176" from="_ssdm_op_SpecBitsMap" to="specbitsmap_ln0" fromId="167" toId="14">
</dataflow>
<dataflow id="177" from="level_1" to="specbitsmap_ln0" fromId="165" toId="14">
</dataflow>
<dataflow id="178" from="_ssdm_op_SpecBitsMap" to="specbitsmap_ln0" fromId="167" toId="15">
</dataflow>
<dataflow id="179" from="level_0" to="specbitsmap_ln0" fromId="164" toId="15">
</dataflow>
<dataflow id="180" from="_ssdm_op_SpecBitsMap" to="specbitsmap_ln0" fromId="167" toId="16">
</dataflow>
<dataflow id="181" from="edges_dst" to="specbitsmap_ln0" fromId="162" toId="16">
</dataflow>
<dataflow id="182" from="_ssdm_op_SpecBitsMap" to="specbitsmap_ln0" fromId="167" toId="17">
</dataflow>
<dataflow id="183" from="starting_node" to="specbitsmap_ln0" fromId="163" toId="17">
</dataflow>
<dataflow id="184" from="_ssdm_op_SpecBitsMap" to="specbitsmap_ln0" fromId="167" toId="18">
</dataflow>
<dataflow id="185" from="level_counts" to="specbitsmap_ln0" fromId="166" toId="18">
</dataflow>
<dataflow id="187" from="_ssdm_op_Read.ap_auto.i64" to="starting_node_read" fromId="186" toId="19">
</dataflow>
<dataflow id="188" from="starting_node" to="starting_node_read" fromId="163" toId="19">
</dataflow>
<dataflow id="189" from="level_counts" to="level_counts_addr" fromId="166" toId="20">
</dataflow>
<dataflow id="191" from="StgValue_190" to="level_counts_addr" fromId="190" toId="20">
</dataflow>
<dataflow id="192" from="StgValue_190" to="level_counts_addr" fromId="190" toId="20">
</dataflow>
<dataflow id="194" from="_ssdm_op_SpecTopModule" to="spectopmodule_ln0" fromId="193" toId="21">
</dataflow>
<dataflow id="196" from="bfs_str" to="spectopmodule_ln0" fromId="195" toId="21">
</dataflow>
<dataflow id="198" from="StgValue_197" to="queue" fromId="197" toId="22">
</dataflow>
<dataflow id="200" from="_ssdm_op_SpecMemCore" to="specmemcore_ln17" fromId="199" toId="23">
</dataflow>
<dataflow id="201" from="edges_dst" to="specmemcore_ln17" fromId="162" toId="23">
</dataflow>
<dataflow id="203" from="p_str1" to="specmemcore_ln17" fromId="202" toId="23">
</dataflow>
<dataflow id="205" from="p_str2" to="specmemcore_ln17" fromId="204" toId="23">
</dataflow>
<dataflow id="206" from="p_str1" to="specmemcore_ln17" fromId="202" toId="23">
</dataflow>
<dataflow id="208" from="StgValue_207" to="specmemcore_ln17" fromId="207" toId="23">
</dataflow>
<dataflow id="209" from="p_str1" to="specmemcore_ln17" fromId="202" toId="23">
</dataflow>
<dataflow id="210" from="p_str1" to="specmemcore_ln17" fromId="202" toId="23">
</dataflow>
<dataflow id="211" from="p_str1" to="specmemcore_ln17" fromId="202" toId="23">
</dataflow>
<dataflow id="212" from="p_str1" to="specmemcore_ln17" fromId="202" toId="23">
</dataflow>
<dataflow id="213" from="p_str1" to="specmemcore_ln17" fromId="202" toId="23">
</dataflow>
<dataflow id="214" from="_ssdm_op_SpecMemCore" to="specmemcore_ln17" fromId="199" toId="24">
</dataflow>
<dataflow id="215" from="level_counts" to="specmemcore_ln17" fromId="166" toId="24">
</dataflow>
<dataflow id="216" from="p_str1" to="specmemcore_ln17" fromId="202" toId="24">
</dataflow>
<dataflow id="217" from="p_str2" to="specmemcore_ln17" fromId="204" toId="24">
</dataflow>
<dataflow id="218" from="p_str1" to="specmemcore_ln17" fromId="202" toId="24">
</dataflow>
<dataflow id="219" from="StgValue_207" to="specmemcore_ln17" fromId="207" toId="24">
</dataflow>
<dataflow id="220" from="p_str1" to="specmemcore_ln17" fromId="202" toId="24">
</dataflow>
<dataflow id="221" from="p_str1" to="specmemcore_ln17" fromId="202" toId="24">
</dataflow>
<dataflow id="222" from="p_str1" to="specmemcore_ln17" fromId="202" toId="24">
</dataflow>
<dataflow id="223" from="p_str1" to="specmemcore_ln17" fromId="202" toId="24">
</dataflow>
<dataflow id="224" from="p_str1" to="specmemcore_ln17" fromId="202" toId="24">
</dataflow>
<dataflow id="225" from="starting_node_read" to="trunc_ln30" fromId="19" toId="25">
</dataflow>
<dataflow id="227" from="_ssdm_op_PartSelect.i9.i64.i32.i32" to="lshr_ln" fromId="226" toId="26">
</dataflow>
<dataflow id="228" from="starting_node_read" to="lshr_ln" fromId="19" toId="26">
</dataflow>
<dataflow id="230" from="StgValue_229" to="lshr_ln" fromId="229" toId="26">
</dataflow>
<dataflow id="232" from="StgValue_231" to="lshr_ln" fromId="231" toId="26">
</dataflow>
<dataflow id="233" from="lshr_ln" to="zext_ln30" fromId="26" toId="27">
</dataflow>
<dataflow id="234" from="level_0" to="level_0_addr" fromId="164" toId="28">
</dataflow>
<dataflow id="235" from="StgValue_190" to="level_0_addr" fromId="190" toId="28">
</dataflow>
<dataflow id="236" from="zext_ln30" to="level_0_addr" fromId="27" toId="28">
</dataflow>
<dataflow id="237" from="level_1" to="level_1_addr" fromId="165" toId="29">
</dataflow>
<dataflow id="238" from="StgValue_190" to="level_1_addr" fromId="190" toId="29">
</dataflow>
<dataflow id="239" from="zext_ln30" to="level_1_addr" fromId="27" toId="29">
</dataflow>
<dataflow id="240" from="trunc_ln30" to="br_ln30" fromId="25" toId="30">
</dataflow>
<dataflow id="242" from="StgValue_241" to="store_ln30" fromId="241" toId="31">
</dataflow>
<dataflow id="243" from="level_0_addr" to="store_ln30" fromId="28" toId="31">
</dataflow>
<dataflow id="244" from="StgValue_241" to="store_ln30" fromId="241" toId="33">
</dataflow>
<dataflow id="245" from="level_1_addr" to="store_ln30" fromId="29" toId="33">
</dataflow>
<dataflow id="246" from="StgValue_229" to="q_in_0" fromId="229" toId="35">
</dataflow>
<dataflow id="247" from="StgValue_197" to="store_ln31" fromId="197" toId="36">
</dataflow>
<dataflow id="248" from="level_counts_addr" to="store_ln31" fromId="20" toId="36">
</dataflow>
<dataflow id="249" from="queue" to="queue_addr" fromId="22" toId="37">
</dataflow>
<dataflow id="250" from="StgValue_190" to="queue_addr" fromId="190" toId="37">
</dataflow>
<dataflow id="251" from="StgValue_190" to="queue_addr" fromId="190" toId="37">
</dataflow>
<dataflow id="252" from="starting_node_read" to="store_ln32" fromId="19" toId="38">
</dataflow>
<dataflow id="253" from="queue_addr" to="store_ln32" fromId="37" toId="38">
</dataflow>
<dataflow id="255" from="StgValue_254" to="store_ln34" fromId="254" toId="39">
</dataflow>
<dataflow id="256" from="q_in_0" to="store_ln34" fromId="35" toId="39">
</dataflow>
<dataflow id="257" from="StgValue_241" to="q_out_0" fromId="241" toId="41">
<condition id="-1">
<or_exp><and_exp></and_exp></or_exp>
</condition>
</dataflow>
<dataflow id="258" from="br_ln34" to="q_out_0" fromId="40" toId="41">
</dataflow>
<dataflow id="259" from="q_out" to="q_out_0" fromId="45" toId="41">
<BackEdge/>
<condition id="-1">
<or_exp><and_exp><literal name="icmp_ln41" val="0"/>
</and_exp></or_exp>
</condition>
</dataflow>
<dataflow id="260" from="br_ln34" to="q_out_0" fromId="96" toId="41">
<BackEdge/>
</dataflow>
<dataflow id="262" from="StgValue_261" to="dummy_0" fromId="261" toId="42">
<condition id="-1">
<or_exp><and_exp></and_exp></or_exp>
</condition>
</dataflow>
<dataflow id="263" from="br_ln34" to="dummy_0" fromId="40" toId="42">
</dataflow>
<dataflow id="264" from="dummy" to="dummy_0" fromId="95" toId="42">
<BackEdge/>
<condition id="-1">
<or_exp><and_exp><literal name="icmp_ln41" val="0"/>
</and_exp></or_exp>
</condition>
</dataflow>
<dataflow id="265" from="br_ln34" to="dummy_0" fromId="96" toId="42">
<BackEdge/>
</dataflow>
<dataflow id="267" from="_ssdm_op_BitSelect.i1.i9.i32" to="tmp_1" fromId="266" toId="43">
</dataflow>
<dataflow id="268" from="dummy_0" to="tmp_1" fromId="42" toId="43">
</dataflow>
<dataflow id="270" from="StgValue_269" to="tmp_1" fromId="269" toId="43">
</dataflow>
<dataflow id="272" from="_ssdm_op_SpecLoopTripCount" to="empty" fromId="271" toId="44">
</dataflow>
<dataflow id="273" from="StgValue_197" to="empty" fromId="197" toId="44">
</dataflow>
<dataflow id="275" from="StgValue_274" to="empty" fromId="274" toId="44">
</dataflow>
<dataflow id="277" from="StgValue_276" to="empty" fromId="276" toId="44">
</dataflow>
<dataflow id="278" from="q_out_0" to="q_out" fromId="41" toId="45">
</dataflow>
<dataflow id="280" from="StgValue_279" to="q_out" fromId="279" toId="45">
</dataflow>
<dataflow id="281" from="tmp_1" to="br_ln34" fromId="43" toId="46">
</dataflow>
<dataflow id="282" from="q_in_0" to="q_in_0_load" fromId="35" toId="47">
</dataflow>
<dataflow id="283" from="q_out_0" to="zext_ln34" fromId="41" toId="48">
</dataflow>
<dataflow id="284" from="q_out_0" to="zext_ln34_1" fromId="41" toId="49">
</dataflow>
<dataflow id="286" from="_ssdm_op_SpecLoopName" to="specloopname_ln34" fromId="285" toId="50">
</dataflow>
<dataflow id="288" from="p_str3" to="specloopname_ln34" fromId="287" toId="50">
</dataflow>
<dataflow id="290" from="_ssdm_op_SpecRegionBegin" to="tmp" fromId="289" toId="51">
</dataflow>
<dataflow id="291" from="p_str3" to="tmp" fromId="287" toId="51">
</dataflow>
<dataflow id="293" from="_ssdm_op_SpecPipeline" to="specpipeline_ln35" fromId="292" toId="52">
</dataflow>
<dataflow id="294" from="StgValue_207" to="specpipeline_ln35" fromId="207" toId="52">
</dataflow>
<dataflow id="295" from="StgValue_229" to="specpipeline_ln35" fromId="229" toId="52">
</dataflow>
<dataflow id="296" from="StgValue_229" to="specpipeline_ln35" fromId="229" toId="52">
</dataflow>
<dataflow id="298" from="StgValue_297" to="specpipeline_ln35" fromId="297" toId="52">
</dataflow>
<dataflow id="299" from="p_str1" to="specpipeline_ln35" fromId="202" toId="52">
</dataflow>
<dataflow id="300" from="q_in_0_load" to="icmp_ln35" fromId="47" toId="53">
</dataflow>
<dataflow id="301" from="zext_ln34_1" to="icmp_ln35" fromId="49" toId="53">
</dataflow>
<dataflow id="302" from="icmp_ln35" to="br_ln35" fromId="53" toId="54">
</dataflow>
<dataflow id="303" from="q_in_0_load" to="icmp_ln35_2" fromId="47" toId="55">
</dataflow>
<dataflow id="304" from="StgValue_190" to="icmp_ln35_2" fromId="190" toId="55">
</dataflow>
<dataflow id="305" from="q_out_0" to="icmp_ln35_3" fromId="41" toId="56">
</dataflow>
<dataflow id="307" from="StgValue_306" to="icmp_ln35_3" fromId="306" toId="56">
</dataflow>
<dataflow id="308" from="icmp_ln35_2" to="and_ln35" fromId="55" toId="57">
</dataflow>
<dataflow id="309" from="icmp_ln35_3" to="and_ln35" fromId="56" toId="57">
</dataflow>
<dataflow id="310" from="and_ln35" to="br_ln35" fromId="57" toId="58">
</dataflow>
<dataflow id="311" from="zext_ln34" to="add_ln35" fromId="48" toId="59">
</dataflow>
<dataflow id="313" from="StgValue_312" to="add_ln35" fromId="312" toId="59">
</dataflow>
<dataflow id="314" from="add_ln35" to="zext_ln35" fromId="59" toId="60">
</dataflow>
<dataflow id="315" from="q_in_0_load" to="icmp_ln35_1" fromId="47" toId="61">
</dataflow>
<dataflow id="316" from="zext_ln35" to="icmp_ln35_1" fromId="60" toId="61">
</dataflow>
<dataflow id="317" from="icmp_ln35_1" to="br_ln35" fromId="61" toId="62">
</dataflow>
<dataflow id="318" from="queue" to="queue_addr_1" fromId="22" toId="63">
</dataflow>
<dataflow id="319" from="StgValue_190" to="queue_addr_1" fromId="190" toId="63">
</dataflow>
<dataflow id="320" from="zext_ln34_1" to="queue_addr_1" fromId="49" toId="63">
</dataflow>
<dataflow id="321" from="queue_addr_1" to="n" fromId="63" toId="64">
</dataflow>
<dataflow id="322" from="queue_addr_1" to="n" fromId="63" toId="68">
</dataflow>
<dataflow id="323" from="n" to="trunc_ln39" fromId="68" toId="69">
</dataflow>
<dataflow id="324" from="_ssdm_op_PartSelect.i9.i64.i32.i32" to="lshr_ln1" fromId="226" toId="70">
</dataflow>
<dataflow id="325" from="n" to="lshr_ln1" fromId="68" toId="70">
</dataflow>
<dataflow id="326" from="StgValue_229" to="lshr_ln1" fromId="229" toId="70">
</dataflow>
<dataflow id="327" from="StgValue_231" to="lshr_ln1" fromId="231" toId="70">
</dataflow>
<dataflow id="328" from="lshr_ln1" to="zext_ln39" fromId="70" toId="71">
</dataflow>
<dataflow id="329" from="nodes_0_edge_begin" to="nodes_0_edge_begin_s" fromId="158" toId="72">
</dataflow>
<dataflow id="330" from="StgValue_190" to="nodes_0_edge_begin_s" fromId="190" toId="72">
</dataflow>
<dataflow id="331" from="zext_ln39" to="nodes_0_edge_begin_s" fromId="71" toId="72">
</dataflow>
<dataflow id="332" from="nodes_1_edge_begin" to="nodes_1_edge_begin_s" fromId="159" toId="73">
</dataflow>
<dataflow id="333" from="StgValue_190" to="nodes_1_edge_begin_s" fromId="190" toId="73">
</dataflow>
<dataflow id="334" from="zext_ln39" to="nodes_1_edge_begin_s" fromId="71" toId="73">
</dataflow>
<dataflow id="335" from="nodes_1_edge_begin_s" to="nodes_1_edge_begin_1" fromId="73" toId="74">
</dataflow>
<dataflow id="336" from="nodes_0_edge_begin_s" to="nodes_0_edge_begin_1" fromId="72" toId="75">
</dataflow>
<dataflow id="337" from="nodes_0_edge_end" to="nodes_0_edge_end_ad" fromId="160" toId="76">
</dataflow>
<dataflow id="338" from="StgValue_190" to="nodes_0_edge_end_ad" fromId="190" toId="76">
</dataflow>
<dataflow id="339" from="zext_ln39" to="nodes_0_edge_end_ad" fromId="71" toId="76">
</dataflow>
<dataflow id="340" from="nodes_1_edge_end" to="nodes_1_edge_end_ad" fromId="161" toId="77">
</dataflow>
<dataflow id="341" from="StgValue_190" to="nodes_1_edge_end_ad" fromId="190" toId="77">
</dataflow>
<dataflow id="342" from="zext_ln39" to="nodes_1_edge_end_ad" fromId="71" toId="77">
</dataflow>
<dataflow id="343" from="nodes_1_edge_end_ad" to="nodes_1_edge_end_lo" fromId="77" toId="78">
</dataflow>
<dataflow id="344" from="nodes_0_edge_end_ad" to="nodes_0_edge_end_lo" fromId="76" toId="79">
</dataflow>
<dataflow id="345" from="level_0" to="level_0_addr_1" fromId="164" toId="80">
</dataflow>
<dataflow id="346" from="StgValue_190" to="level_0_addr_1" fromId="190" toId="80">
</dataflow>
<dataflow id="347" from="zext_ln39" to="level_0_addr_1" fromId="71" toId="80">
</dataflow>
<dataflow id="348" from="level_1" to="level_1_addr_1" fromId="165" toId="81">
</dataflow>
<dataflow id="349" from="StgValue_190" to="level_1_addr_1" fromId="190" toId="81">
</dataflow>
<dataflow id="350" from="zext_ln39" to="level_1_addr_1" fromId="71" toId="81">
</dataflow>
<dataflow id="351" from="nodes_1_edge_begin_s" to="nodes_1_edge_begin_1" fromId="73" toId="82">
</dataflow>
<dataflow id="352" from="nodes_0_edge_begin_s" to="nodes_0_edge_begin_1" fromId="72" toId="83">
</dataflow>
<dataflow id="353" from="trunc_ln39" to="tmp_begin" fromId="69" toId="84">
</dataflow>
<dataflow id="354" from="nodes_1_edge_begin_1" to="tmp_begin" fromId="82" toId="84">
</dataflow>
<dataflow id="355" from="nodes_0_edge_begin_1" to="tmp_begin" fromId="83" toId="84">
</dataflow>
<dataflow id="356" from="nodes_1_edge_end_ad" to="nodes_1_edge_end_lo" fromId="77" toId="85">
</dataflow>
<dataflow id="357" from="nodes_0_edge_end_ad" to="nodes_0_edge_end_lo" fromId="76" toId="86">
</dataflow>
<dataflow id="358" from="trunc_ln39" to="tmp_end" fromId="69" toId="87">
</dataflow>
<dataflow id="359" from="nodes_1_edge_end_lo" to="tmp_end" fromId="85" toId="87">
</dataflow>
<dataflow id="360" from="nodes_0_edge_end_lo" to="tmp_end" fromId="86" toId="87">
</dataflow>
<dataflow id="361" from="tmp_begin" to="e_0" fromId="84" toId="89">
<condition id="-1">
<or_exp><and_exp></and_exp></or_exp>
</condition>
</dataflow>
<dataflow id="362" from="br_ln41" to="e_0" fromId="88" toId="89">
</dataflow>
<dataflow id="363" from="e_1" to="e_0" fromId="139" toId="89">
<BackEdge/>
<condition id="-1">
<or_exp><and_exp></and_exp></or_exp>
</condition>
</dataflow>
<dataflow id="364" from="br_ln41" to="e_0" fromId="140" toId="89">
<BackEdge/>
</dataflow>
<dataflow id="365" from="e_0" to="icmp_ln41" fromId="89" toId="90">
</dataflow>
<dataflow id="366" from="tmp_end" to="icmp_ln41" fromId="87" toId="90">
</dataflow>
<dataflow id="367" from="icmp_ln41" to="br_ln41" fromId="90" toId="91">
</dataflow>
<dataflow id="368" from="edges_dst" to="edges_dst_addr" fromId="162" toId="92">
</dataflow>
<dataflow id="369" from="StgValue_190" to="edges_dst_addr" fromId="190" toId="92">
</dataflow>
<dataflow id="370" from="e_0" to="edges_dst_addr" fromId="89" toId="92">
</dataflow>
<dataflow id="371" from="edges_dst_addr" to="tmp_dst" fromId="92" toId="93">
</dataflow>
<dataflow id="373" from="_ssdm_op_SpecRegionEnd" to="empty_5" fromId="372" toId="94">
</dataflow>
<dataflow id="374" from="p_str3" to="empty_5" fromId="287" toId="94">
</dataflow>
<dataflow id="375" from="tmp" to="empty_5" fromId="51" toId="94">
</dataflow>
<dataflow id="376" from="dummy_0" to="dummy" fromId="42" toId="95">
</dataflow>
<dataflow id="377" from="StgValue_312" to="dummy" fromId="312" toId="95">
</dataflow>
<dataflow id="378" from="edges_dst_addr" to="tmp_dst" fromId="92" toId="97">
</dataflow>
<dataflow id="379" from="tmp_dst" to="trunc_ln43" fromId="97" toId="98">
</dataflow>
<dataflow id="380" from="_ssdm_op_PartSelect.i9.i64.i32.i32" to="lshr_ln2" fromId="226" toId="99">
</dataflow>
<dataflow id="381" from="tmp_dst" to="lshr_ln2" fromId="97" toId="99">
</dataflow>
<dataflow id="382" from="StgValue_229" to="lshr_ln2" fromId="229" toId="99">
</dataflow>
<dataflow id="383" from="StgValue_231" to="lshr_ln2" fromId="231" toId="99">
</dataflow>
<dataflow id="384" from="lshr_ln2" to="zext_ln43" fromId="99" toId="100">
</dataflow>
<dataflow id="385" from="level_0" to="level_0_addr_2" fromId="164" toId="101">
</dataflow>
<dataflow id="386" from="StgValue_190" to="level_0_addr_2" fromId="190" toId="101">
</dataflow>
<dataflow id="387" from="zext_ln43" to="level_0_addr_2" fromId="100" toId="101">
</dataflow>
<dataflow id="388" from="level_1" to="level_1_addr_2" fromId="165" toId="102">
</dataflow>
<dataflow id="389" from="StgValue_190" to="level_1_addr_2" fromId="190" toId="102">
</dataflow>
<dataflow id="390" from="zext_ln43" to="level_1_addr_2" fromId="100" toId="102">
</dataflow>
<dataflow id="391" from="level_1_addr_2" to="level_1_load" fromId="102" toId="103">
</dataflow>
<dataflow id="392" from="level_0_addr_2" to="level_0_load" fromId="101" toId="104">
</dataflow>
<dataflow id="393" from="_ssdm_op_SpecLoopName" to="specloopname_ln41" fromId="285" toId="105">
</dataflow>
<dataflow id="395" from="p_str4" to="specloopname_ln41" fromId="394" toId="105">
</dataflow>
<dataflow id="396" from="level_1_addr_2" to="level_1_load" fromId="102" toId="106">
</dataflow>
<dataflow id="397" from="level_0_addr_2" to="level_0_load" fromId="101" toId="107">
</dataflow>
<dataflow id="398" from="trunc_ln43" to="tmp_level" fromId="98" toId="108">
</dataflow>
<dataflow id="399" from="level_1_load" to="tmp_level" fromId="106" toId="108">
</dataflow>
<dataflow id="400" from="level_0_load" to="tmp_level" fromId="107" toId="108">
</dataflow>
<dataflow id="401" from="tmp_level" to="icmp_ln45" fromId="108" toId="109">
</dataflow>
<dataflow id="403" from="StgValue_402" to="icmp_ln45" fromId="402" toId="109">
</dataflow>
<dataflow id="404" from="icmp_ln45" to="br_ln45" fromId="109" toId="110">
</dataflow>
<dataflow id="405" from="level_1_addr_1" to="level_1_load_1" fromId="81" toId="111">
</dataflow>
<dataflow id="406" from="level_0_addr_1" to="level_0_load_1" fromId="80" toId="112">
</dataflow>
<dataflow id="407" from="level_1_addr_1" to="level_1_load_1" fromId="81" toId="113">
</dataflow>
<dataflow id="408" from="level_0_addr_1" to="level_0_load_1" fromId="80" toId="114">
</dataflow>
<dataflow id="409" from="trunc_ln39" to="select_ln39" fromId="69" toId="115">
</dataflow>
<dataflow id="410" from="level_1_load_1" to="select_ln39" fromId="113" toId="115">
</dataflow>
<dataflow id="411" from="level_0_load_1" to="select_ln39" fromId="114" toId="115">
</dataflow>
<dataflow id="412" from="select_ln39" to="tmp_level_1" fromId="115" toId="116">
</dataflow>
<dataflow id="413" from="StgValue_279" to="tmp_level_1" fromId="279" toId="116">
</dataflow>
<dataflow id="414" from="trunc_ln43" to="br_ln47" fromId="98" toId="117">
</dataflow>
<dataflow id="415" from="tmp_level_1" to="store_ln47" fromId="116" toId="118">
</dataflow>
<dataflow id="416" from="level_0_addr_2" to="store_ln47" fromId="101" toId="118">
</dataflow>
<dataflow id="417" from="tmp_level_1" to="store_ln47" fromId="116" toId="120">
</dataflow>
<dataflow id="418" from="level_1_addr_2" to="store_ln47" fromId="102" toId="120">
</dataflow>
<dataflow id="419" from="q_in_0" to="q_in_0_load_1" fromId="35" toId="122">
</dataflow>
<dataflow id="420" from="tmp_level_1" to="sext_ln48" fromId="116" toId="123">
</dataflow>
<dataflow id="421" from="level_counts" to="level_counts_addr_1" fromId="166" toId="124">
</dataflow>
<dataflow id="422" from="StgValue_190" to="level_counts_addr_1" fromId="190" toId="124">
</dataflow>
<dataflow id="423" from="sext_ln48" to="level_counts_addr_1" fromId="123" toId="124">
</dataflow>
<dataflow id="424" from="level_counts_addr_1" to="level_counts_load" fromId="124" toId="125">
</dataflow>
<dataflow id="425" from="q_in_0_load_1" to="icmp_ln49" fromId="122" toId="126">
</dataflow>
<dataflow id="426" from="StgValue_190" to="icmp_ln49" fromId="190" toId="126">
</dataflow>
<dataflow id="428" from="StgValue_427" to="add_ln49" fromId="427" toId="127">
</dataflow>
<dataflow id="429" from="q_in_0_load_1" to="add_ln49" fromId="122" toId="127">
</dataflow>
<dataflow id="430" from="icmp_ln49" to="select_ln49" fromId="126" toId="128">
</dataflow>
<dataflow id="432" from="StgValue_431" to="select_ln49" fromId="431" toId="128">
</dataflow>
<dataflow id="433" from="add_ln49" to="select_ln49" fromId="127" toId="128">
</dataflow>
<dataflow id="434" from="queue" to="queue_addr_2" fromId="22" toId="129">
</dataflow>
<dataflow id="435" from="StgValue_190" to="queue_addr_2" fromId="190" toId="129">
</dataflow>
<dataflow id="436" from="select_ln49" to="queue_addr_2" fromId="128" toId="129">
</dataflow>
<dataflow id="437" from="tmp_dst" to="store_ln49" fromId="97" toId="130">
</dataflow>
<dataflow id="438" from="queue_addr_2" to="store_ln49" fromId="129" toId="130">
</dataflow>
<dataflow id="439" from="q_in_0_load_1" to="trunc_ln49" fromId="122" toId="131">
</dataflow>
<dataflow id="440" from="StgValue_279" to="q_in" fromId="279" toId="132">
</dataflow>
<dataflow id="441" from="trunc_ln49" to="q_in" fromId="131" toId="132">
</dataflow>
<dataflow id="442" from="q_in" to="zext_ln49" fromId="132" toId="133">
</dataflow>
<dataflow id="443" from="zext_ln49" to="store_ln50" fromId="133" toId="134">
</dataflow>
<dataflow id="444" from="q_in_0" to="store_ln50" fromId="35" toId="134">
</dataflow>
<dataflow id="445" from="level_counts_addr_1" to="level_counts_load" fromId="124" toId="135">
</dataflow>
<dataflow id="446" from="StgValue_197" to="add_ln48" fromId="197" toId="136">
</dataflow>
<dataflow id="447" from="level_counts_load" to="add_ln48" fromId="135" toId="136">
</dataflow>
<dataflow id="448" from="add_ln48" to="store_ln48" fromId="136" toId="137">
</dataflow>
<dataflow id="449" from="level_counts_addr_1" to="store_ln48" fromId="124" toId="137">
</dataflow>
<dataflow id="450" from="e_0" to="e_1" fromId="89" toId="139">
</dataflow>
<dataflow id="451" from="StgValue_197" to="e_1" fromId="197" toId="139">
</dataflow>
<dataflow id="452" from="trunc_ln30" to="StgValue_1" fromId="25" toId="1">
</dataflow>
<dataflow id="453" from="tmp_1" to="StgValue_2" fromId="43" toId="2">
</dataflow>
<dataflow id="454" from="icmp_ln35" to="StgValue_2" fromId="53" toId="2">
</dataflow>
<dataflow id="455" from="and_ln35" to="StgValue_2" fromId="57" toId="2">
</dataflow>
<dataflow id="456" from="icmp_ln35_1" to="StgValue_2" fromId="61" toId="2">
</dataflow>
<dataflow id="457" from="icmp_ln41" to="StgValue_5" fromId="90" toId="5">
</dataflow>
<dataflow id="458" from="icmp_ln45" to="StgValue_7" fromId="109" toId="7">
</dataflow>
<dataflow id="459" from="trunc_ln39" to="StgValue_7" fromId="69" toId="7">
</dataflow>
<dataflow id="460" from="trunc_ln39" to="StgValue_8" fromId="69" toId="8">
</dataflow>
<dataflow id="461" from="trunc_ln43" to="StgValue_8" fromId="98" toId="8">
</dataflow>
<dataflow id="462" from="icmp_ln45" to="StgValue_9" fromId="109" toId="9">
</dataflow>
</dataflows>


</stg>
