<stg><name>bfs</name>


<trans_list>

<trans id="139" from="1" to="2">
<condition id="-1">
<or_exp><and_exp></and_exp></or_exp>
</condition>
</trans>

<trans id="140" from="2" to="3">
<condition id="-1">
<or_exp><and_exp><literal name="tmp_1" val="0"/>
<literal name="icmp_ln35" val="1"/>
<literal name="icmp_ln35_1" val="0"/>
</and_exp><and_exp><literal name="tmp_1" val="0"/>
<literal name="icmp_ln35" val="0"/>
<literal name="and_ln35" val="0"/>
</and_exp></or_exp>
</condition>
</trans>

<trans id="143" from="3" to="4">
<condition id="-1">
<or_exp><and_exp></and_exp></or_exp>
</condition>
</trans>

<trans id="144" from="4" to="5">
<condition id="-1">
<or_exp><and_exp></and_exp></or_exp>
</condition>
</trans>

<trans id="145" from="5" to="6">
<condition id="-1">
<or_exp><and_exp><literal name="icmp_ln41" val="1"/>
</and_exp></or_exp>
</condition>
</trans>

<trans id="155" from="5" to="2">
<condition id="-1">
<or_exp><and_exp><literal name="icmp_ln41" val="0"/>
</and_exp></or_exp>
</condition>
</trans>

<trans id="147" from="6" to="7">
<condition id="-1">
<or_exp><and_exp></and_exp></or_exp>
</condition>
</trans>

<trans id="148" from="7" to="8">
<condition id="-1">
<or_exp><and_exp><literal name="icmp_ln45" val="1"/>
</and_exp></or_exp>
</condition>
</trans>

<trans id="149" from="7" to="9">
<condition id="-1">
<or_exp><and_exp><literal name="icmp_ln45" val="0"/>
</and_exp></or_exp>
</condition>
</trans>

<trans id="151" from="8" to="9">
<condition id="-1">
<or_exp><and_exp></and_exp></or_exp>
</condition>
</trans>

<trans id="154" from="9" to="5">
<condition id="-1">
<or_exp><and_exp></and_exp></or_exp>
</condition>
</trans>
</trans_list>



<state_list>

<state id="1" st_id="1">

<operation id="10" st_id="1" stage="1" lat="1">
<core>NULL</core>
<MemPortIdVec></MemPortIdVec>
<condition id="-1">
<or_exp><and_exp></and_exp></or_exp>
</condition>

<Node id="9" bw="0" op_0_bw="0" op_1_bw="8">
<![CDATA[
:0  call void (...)* @_ssdm_op_SpecBitsMap([128 x i8]* %level_1), !map !7

]]></Node>
<StgValue><ssdm name="specbitsmap_ln0"/></StgValue>
</operation>

<operation id="11" st_id="1" stage="1" lat="1">
<core>NULL</core>
<MemPortIdVec></MemPortIdVec>
<condition id="-1">
<or_exp><and_exp></and_exp></or_exp>
</condition>

<Node id="10" bw="0" op_0_bw="0" op_1_bw="8">
<![CDATA[
:1  call void (...)* @_ssdm_op_SpecBitsMap([128 x i8]* %level_0), !map !13

]]></Node>
<StgValue><ssdm name="specbitsmap_ln0"/></StgValue>
</operation>

<operation id="12" st_id="1" stage="1" lat="1">
<core>NULL</core>
<MemPortIdVec></MemPortIdVec>
<condition id="-1">
<or_exp><and_exp></and_exp></or_exp>
</condition>

<Node id="11" bw="0" op_0_bw="0" op_1_bw="64">
<![CDATA[
:2  call void (...)* @_ssdm_op_SpecBitsMap([2048 x i64]* %edges_1_dst), !map !19

]]></Node>
<StgValue><ssdm name="specbitsmap_ln0"/></StgValue>
</operation>

<operation id="13" st_id="1" stage="1" lat="1">
<core>NULL</core>
<MemPortIdVec></MemPortIdVec>
<condition id="-1">
<or_exp><and_exp></and_exp></or_exp>
</condition>

<Node id="12" bw="0" op_0_bw="0" op_1_bw="64">
<![CDATA[
:3  call void (...)* @_ssdm_op_SpecBitsMap([2048 x i64]* %edges_0_dst), !map !25

]]></Node>
<StgValue><ssdm name="specbitsmap_ln0"/></StgValue>
</operation>

<operation id="14" st_id="1" stage="1" lat="1">
<core>NULL</core>
<MemPortIdVec></MemPortIdVec>
<condition id="-1">
<or_exp><and_exp></and_exp></or_exp>
</condition>

<Node id="13" bw="0" op_0_bw="0" op_1_bw="64">
<![CDATA[
:4  call void (...)* @_ssdm_op_SpecBitsMap([256 x i64]* %nodes_edge_begin), !map !31

]]></Node>
<StgValue><ssdm name="specbitsmap_ln0"/></StgValue>
</operation>

<operation id="15" st_id="1" stage="1" lat="1">
<core>NULL</core>
<MemPortIdVec></MemPortIdVec>
<condition id="-1">
<or_exp><and_exp></and_exp></or_exp>
</condition>

<Node id="14" bw="0" op_0_bw="0" op_1_bw="64">
<![CDATA[
:5  call void (...)* @_ssdm_op_SpecBitsMap([256 x i64]* %nodes_edge_end), !map !37

]]></Node>
<StgValue><ssdm name="specbitsmap_ln0"/></StgValue>
</operation>

<operation id="16" st_id="1" stage="1" lat="1">
<core>NULL</core>
<MemPortIdVec></MemPortIdVec>
<condition id="-1">
<or_exp><and_exp></and_exp></or_exp>
</condition>

<Node id="15" bw="0" op_0_bw="0" op_1_bw="64">
<![CDATA[
:6  call void (...)* @_ssdm_op_SpecBitsMap(i64 %starting_node), !map !41

]]></Node>
<StgValue><ssdm name="specbitsmap_ln0"/></StgValue>
</operation>

<operation id="17" st_id="1" stage="1" lat="1">
<core>NULL</core>
<MemPortIdVec></MemPortIdVec>
<condition id="-1">
<or_exp><and_exp></and_exp></or_exp>
</condition>

<Node id="16" bw="0" op_0_bw="0" op_1_bw="64">
<![CDATA[
:7  call void (...)* @_ssdm_op_SpecBitsMap([10 x i64]* %level_counts), !map !47

]]></Node>
<StgValue><ssdm name="specbitsmap_ln0"/></StgValue>
</operation>

<operation id="18" st_id="1" stage="1" lat="1">
<core>NULL</core>
<MemPortIdVec></MemPortIdVec>
<condition id="-1">
<or_exp><and_exp></and_exp></or_exp>
</condition>

<Node id="17" bw="64" op_0_bw="64" op_1_bw="64">
<![CDATA[
:8  %starting_node_read = call i64 @_ssdm_op_Read.ap_auto.i64(i64 %starting_node)

]]></Node>
<StgValue><ssdm name="starting_node_read"/></StgValue>
</operation>

<operation id="19" st_id="1" stage="1" lat="1">
<core>NULL</core>
<MemPortIdVec></MemPortIdVec>
<condition id="-1">
<or_exp><and_exp></and_exp></or_exp>
</condition>

<Node id="18" bw="4" op_0_bw="64" op_1_bw="64" op_2_bw="64">
<![CDATA[
:9  %level_counts_addr = getelementptr [10 x i64]* %level_counts, i64 0, i64 0

]]></Node>
<StgValue><ssdm name="level_counts_addr"/></StgValue>
</operation>

<operation id="20" st_id="1" stage="1" lat="1">
<core>NULL</core>
<MemPortIdVec></MemPortIdVec>
<condition id="-1">
<or_exp><and_exp></and_exp></or_exp>
</condition>

<Node id="19" bw="0" op_0_bw="0" op_1_bw="0">
<![CDATA[
:10  call void (...)* @_ssdm_op_SpecTopModule([4 x i8]* @bfs_str) nounwind

]]></Node>
<StgValue><ssdm name="spectopmodule_ln0"/></StgValue>
</operation>

<operation id="21" st_id="1" stage="1" lat="1">
<core>RAM</core>
<MemPortIdVec></MemPortIdVec>
<condition id="-1">
<or_exp><and_exp></and_exp></or_exp>
</condition>

<Node id="20" bw="64" op_0_bw="64">
<![CDATA[
:11  %queue = alloca [256 x i64], align 16

]]></Node>
<StgValue><ssdm name="queue"/><MemPortTyVec>2 3 </MemPortTyVec>
</StgValue>
</operation>

<operation id="22" st_id="1" stage="1" lat="1">
<core>NULL</core>
<MemPortIdVec></MemPortIdVec>
<condition id="-1">
<or_exp><and_exp></and_exp></or_exp>
</condition>

<Node id="21" bw="0" op_0_bw="0" op_1_bw="64" op_2_bw="0" op_3_bw="0" op_4_bw="0" op_5_bw="32" op_6_bw="0" op_7_bw="0" op_8_bw="0" op_9_bw="0" op_10_bw="0">
<![CDATA[
:12  call void (...)* @_ssdm_op_SpecMemCore([10 x i64]* %level_counts, [1 x i8]* @p_str1, [12 x i8]* @p_str2, [1 x i8]* @p_str1, i32 -1, [1 x i8]* @p_str1, [1 x i8]* @p_str1, [1 x i8]* @p_str1, [1 x i8]* @p_str1, [1 x i8]* @p_str1)

]]></Node>
<StgValue><ssdm name="specmemcore_ln17"/></StgValue>
</operation>

<operation id="23" st_id="1" stage="1" lat="1">
<core>NULL</core>
<MemPortIdVec></MemPortIdVec>
<condition id="-1">
<or_exp><and_exp></and_exp></or_exp>
</condition>

<Node id="22" bw="0" op_0_bw="0" op_1_bw="64" op_2_bw="64" op_3_bw="0" op_4_bw="0" op_5_bw="0" op_6_bw="32" op_7_bw="0" op_8_bw="0" op_9_bw="0" op_10_bw="0" op_11_bw="0">
<![CDATA[
:13  call void (...)* @_ssdm_op_SpecMemCore([256 x i64]* %nodes_edge_begin, [256 x i64]* %nodes_edge_end, [1 x i8]* @p_str1, [12 x i8]* @p_str2, [1 x i8]* @p_str1, i32 -1, [1 x i8]* @p_str1, [1 x i8]* @p_str1, [1 x i8]* @p_str1, [1 x i8]* @p_str1, [1 x i8]* @p_str1)

]]></Node>
<StgValue><ssdm name="specmemcore_ln17"/></StgValue>
</operation>

<operation id="24" st_id="1" stage="1" lat="1">
<core>NULL</core>
<MemPortIdVec></MemPortIdVec>
<condition id="-1">
<or_exp><and_exp></and_exp></or_exp>
</condition>

<Node id="23" bw="1" op_0_bw="64">
<![CDATA[
:14  %trunc_ln30 = trunc i64 %starting_node_read to i1

]]></Node>
<StgValue><ssdm name="trunc_ln30"/></StgValue>
</operation>

<operation id="25" st_id="1" stage="1" lat="1">
<core>NULL</core>
<MemPortIdVec></MemPortIdVec>
<condition id="-1">
<or_exp><and_exp></and_exp></or_exp>
</condition>

<Node id="24" bw="9" op_0_bw="9" op_1_bw="64" op_2_bw="32" op_3_bw="32">
<![CDATA[
:15  %lshr_ln = call i9 @_ssdm_op_PartSelect.i9.i64.i32.i32(i64 %starting_node_read, i32 1, i32 9)

]]></Node>
<StgValue><ssdm name="lshr_ln"/></StgValue>
</operation>

<operation id="26" st_id="1" stage="1" lat="1">
<core>NULL</core>
<MemPortIdVec></MemPortIdVec>
<condition id="-1">
<or_exp><and_exp></and_exp></or_exp>
</condition>

<Node id="25" bw="64" op_0_bw="9">
<![CDATA[
:16  %zext_ln30 = zext i9 %lshr_ln to i64

]]></Node>
<StgValue><ssdm name="zext_ln30"/></StgValue>
</operation>

<operation id="27" st_id="1" stage="1" lat="1">
<core>NULL</core>
<MemPortIdVec></MemPortIdVec>
<condition id="-1">
<or_exp><and_exp></and_exp></or_exp>
</condition>

<Node id="26" bw="7" op_0_bw="8" op_1_bw="64" op_2_bw="64">
<![CDATA[
:17  %level_0_addr = getelementptr [128 x i8]* %level_0, i64 0, i64 %zext_ln30

]]></Node>
<StgValue><ssdm name="level_0_addr"/></StgValue>
</operation>

<operation id="28" st_id="1" stage="1" lat="1">
<core>NULL</core>
<MemPortIdVec></MemPortIdVec>
<condition id="-1">
<or_exp><and_exp></and_exp></or_exp>
</condition>

<Node id="27" bw="7" op_0_bw="8" op_1_bw="64" op_2_bw="64">
<![CDATA[
:18  %level_1_addr = getelementptr [128 x i8]* %level_1, i64 0, i64 %zext_ln30

]]></Node>
<StgValue><ssdm name="level_1_addr"/></StgValue>
</operation>

<operation id="29" st_id="1" stage="1" lat="1">
<core>NULL</core>
<MemPortIdVec></MemPortIdVec>
<condition id="-1">
<or_exp><and_exp></and_exp></or_exp>
</condition>

<Node id="28" bw="0" op_0_bw="1" op_1_bw="0" op_2_bw="0">
<![CDATA[
:19  br i1 %trunc_ln30, label %branch17, label %branch06

]]></Node>
<StgValue><ssdm name="br_ln30"/></StgValue>
</operation>

<operation id="30" st_id="1" stage="1" lat="1">
<core>RAM</core>
<MemPortIdVec>0 </MemPortIdVec>
<condition id="-1">
<or_exp><and_exp><literal name="trunc_ln30" val="0"/>
</and_exp></or_exp>
</condition>

<Node id="30" bw="0" op_0_bw="8" op_1_bw="7">
<![CDATA[
branch06:0  store i8 0, i8* %level_0_addr, align 1

]]></Node>
<StgValue><ssdm name="store_ln30"/></StgValue>
</operation>

<operation id="31" st_id="1" stage="1" lat="1">
<core>NULL</core>
<MemPortIdVec></MemPortIdVec>
<condition id="-1">
<or_exp><and_exp><literal name="trunc_ln30" val="0"/>
</and_exp></or_exp>
</condition>

<Node id="31" bw="0" op_0_bw="0">
<![CDATA[
branch06:1  br label %1

]]></Node>
<StgValue><ssdm name="br_ln30"/></StgValue>
</operation>

<operation id="32" st_id="1" stage="1" lat="1">
<core>RAM</core>
<MemPortIdVec>0 </MemPortIdVec>
<condition id="-1">
<or_exp><and_exp><literal name="trunc_ln30" val="1"/>
</and_exp></or_exp>
</condition>

<Node id="33" bw="0" op_0_bw="8" op_1_bw="7">
<![CDATA[
branch17:0  store i8 0, i8* %level_1_addr, align 1

]]></Node>
<StgValue><ssdm name="store_ln30"/></StgValue>
</operation>

<operation id="33" st_id="1" stage="1" lat="1">
<core>NULL</core>
<MemPortIdVec></MemPortIdVec>
<condition id="-1">
<or_exp><and_exp><literal name="trunc_ln30" val="1"/>
</and_exp></or_exp>
</condition>

<Node id="34" bw="0" op_0_bw="0">
<![CDATA[
branch17:1  br label %1

]]></Node>
<StgValue><ssdm name="br_ln30"/></StgValue>
</operation>

<operation id="34" st_id="1" stage="1" lat="1">
<core>NULL</core>
<MemPortIdVec></MemPortIdVec>
<condition id="-1">
<or_exp><and_exp></and_exp></or_exp>
</condition>

<Node id="36" bw="64" op_0_bw="32">
<![CDATA[
:0  %q_in_0 = alloca i64

]]></Node>
<StgValue><ssdm name="q_in_0"/></StgValue>
</operation>

<operation id="35" st_id="1" stage="1" lat="1">
<core>RAM_1P_BRAM</core>
<MemPortIdVec>0 </MemPortIdVec>
<condition id="-1">
<or_exp><and_exp></and_exp></or_exp>
</condition>

<Node id="37" bw="0" op_0_bw="64" op_1_bw="4">
<![CDATA[
:1  store i64 1, i64* %level_counts_addr, align 8

]]></Node>
<StgValue><ssdm name="store_ln31"/></StgValue>
</operation>

<operation id="36" st_id="1" stage="1" lat="1">
<core>NULL</core>
<MemPortIdVec></MemPortIdVec>
<condition id="-1">
<or_exp><and_exp></and_exp></or_exp>
</condition>

<Node id="38" bw="8" op_0_bw="64" op_1_bw="64" op_2_bw="64">
<![CDATA[
:2  %queue_addr = getelementptr inbounds [256 x i64]* %queue, i64 0, i64 0

]]></Node>
<StgValue><ssdm name="queue_addr"/></StgValue>
</operation>

<operation id="37" st_id="1" stage="1" lat="1">
<core>RAM</core>
<MemPortIdVec>0 </MemPortIdVec>
<condition id="-1">
<or_exp><and_exp></and_exp></or_exp>
</condition>

<Node id="39" bw="0" op_0_bw="64" op_1_bw="8">
<![CDATA[
:3  store i64 %starting_node_read, i64* %queue_addr, align 16

]]></Node>
<StgValue><ssdm name="store_ln32"/></StgValue>
</operation>

<operation id="38" st_id="1" stage="1" lat="1">
<core>NULL</core>
<MemPortIdVec></MemPortIdVec>
<condition id="-1">
<or_exp><and_exp></and_exp></or_exp>
</condition>

<Node id="40" bw="0" op_0_bw="64" op_1_bw="64">
<![CDATA[
:4  store i64 2, i64* %q_in_0

]]></Node>
<StgValue><ssdm name="store_ln34"/></StgValue>
</operation>

<operation id="39" st_id="1" stage="1" lat="1">
<core>NULL</core>
<MemPortIdVec></MemPortIdVec>
<condition id="-1">
<or_exp><and_exp></and_exp></or_exp>
</condition>

<Node id="41" bw="0" op_0_bw="0">
<![CDATA[
:5  br label %2

]]></Node>
<StgValue><ssdm name="br_ln34"/></StgValue>
</operation>
</state>

<state id="2" st_id="2">

<operation id="40" st_id="2" stage="1" lat="1">
<core>NULL</core>
<MemPortIdVec></MemPortIdVec>
<condition id="-1">
<or_exp><and_exp></and_exp></or_exp>
</condition>

<Node id="43" bw="8" op_0_bw="8" op_1_bw="0" op_2_bw="8" op_3_bw="0">
<![CDATA[
:0  %q_out_0 = phi i8 [ 0, %1 ], [ %q_out, %loop_queue_end ]

]]></Node>
<StgValue><ssdm name="q_out_0"/></StgValue>
</operation>

<operation id="41" st_id="2" stage="1" lat="1">
<core>NULL</core>
<MemPortIdVec></MemPortIdVec>
<condition id="-1">
<or_exp><and_exp></and_exp></or_exp>
</condition>

<Node id="44" bw="9" op_0_bw="9" op_1_bw="0" op_2_bw="9" op_3_bw="0">
<![CDATA[
:1  %dummy_0 = phi i9 [ 0, %1 ], [ %dummy, %loop_queue_end ]

]]></Node>
<StgValue><ssdm name="dummy_0"/></StgValue>
</operation>

<operation id="42" st_id="2" stage="1" lat="1">
<core>NULL</core>
<MemPortIdVec></MemPortIdVec>
<condition id="-1">
<or_exp><and_exp></and_exp></or_exp>
</condition>

<Node id="45" bw="1" op_0_bw="1" op_1_bw="9" op_2_bw="32">
<![CDATA[
:2  %tmp_1 = call i1 @_ssdm_op_BitSelect.i1.i9.i32(i9 %dummy_0, i32 8)

]]></Node>
<StgValue><ssdm name="tmp_1"/></StgValue>
</operation>

<operation id="43" st_id="2" stage="1" lat="1">
<core>NULL</core>
<MemPortIdVec></MemPortIdVec>
<condition id="-1">
<or_exp><and_exp></and_exp></or_exp>
</condition>

<Node id="46" bw="32" op_0_bw="32" op_1_bw="64" op_2_bw="64" op_3_bw="64">
<![CDATA[
:3  %empty = call i32 (...)* @_ssdm_op_SpecLoopTripCount(i64 1, i64 256, i64 128)

]]></Node>
<StgValue><ssdm name="empty"/></StgValue>
</operation>

<operation id="44" st_id="2" stage="1" lat="1">
<core>AddSub</core>
<MemPortIdVec></MemPortIdVec>
<condition id="-1">
<or_exp><and_exp></and_exp></or_exp>
</condition>

<Node id="47" bw="8" op_0_bw="8" op_1_bw="8">
<![CDATA[
:4  %q_out = add i8 %q_out_0, 1

]]></Node>
<StgValue><ssdm name="q_out"/></StgValue>
</operation>

<operation id="45" st_id="2" stage="1" lat="1">
<core>NULL</core>
<MemPortIdVec></MemPortIdVec>
<condition id="-1">
<or_exp><and_exp></and_exp></or_exp>
</condition>

<Node id="48" bw="0" op_0_bw="1" op_1_bw="0" op_2_bw="0">
<![CDATA[
:5  br i1 %tmp_1, label %.loopexit.loopexit, label %loop_queue_begin

]]></Node>
<StgValue><ssdm name="br_ln34"/></StgValue>
</operation>

<operation id="46" st_id="2" stage="1" lat="1">
<core>NULL</core>
<MemPortIdVec></MemPortIdVec>
<condition id="-1">
<or_exp><and_exp><literal name="tmp_1" val="0"/>
</and_exp></or_exp>
</condition>

<Node id="50" bw="64" op_0_bw="64" op_1_bw="0">
<![CDATA[
loop_queue_begin:0  %q_in_0_load = load i64* %q_in_0

]]></Node>
<StgValue><ssdm name="q_in_0_load"/></StgValue>
</operation>

<operation id="47" st_id="2" stage="1" lat="1">
<core>NULL</core>
<MemPortIdVec></MemPortIdVec>
<condition id="-1">
<or_exp><and_exp><literal name="tmp_1" val="0"/>
</and_exp></or_exp>
</condition>

<Node id="51" bw="9" op_0_bw="8">
<![CDATA[
loop_queue_begin:1  %zext_ln34 = zext i8 %q_out_0 to i9

]]></Node>
<StgValue><ssdm name="zext_ln34"/></StgValue>
</operation>

<operation id="48" st_id="2" stage="1" lat="1">
<core>NULL</core>
<MemPortIdVec></MemPortIdVec>
<condition id="-1">
<or_exp><and_exp><literal name="tmp_1" val="0"/>
</and_exp></or_exp>
</condition>

<Node id="52" bw="64" op_0_bw="8">
<![CDATA[
loop_queue_begin:2  %zext_ln34_1 = zext i8 %q_out_0 to i64

]]></Node>
<StgValue><ssdm name="zext_ln34_1"/></StgValue>
</operation>

<operation id="49" st_id="2" stage="1" lat="1">
<core>NULL</core>
<MemPortIdVec></MemPortIdVec>
<condition id="-1">
<or_exp><and_exp><literal name="tmp_1" val="0"/>
</and_exp></or_exp>
</condition>

<Node id="53" bw="0" op_0_bw="0" op_1_bw="0">
<![CDATA[
loop_queue_begin:3  call void (...)* @_ssdm_op_SpecLoopName([11 x i8]* @p_str3) nounwind

]]></Node>
<StgValue><ssdm name="specloopname_ln34"/></StgValue>
</operation>

<operation id="50" st_id="2" stage="1" lat="1">
<core>NULL</core>
<MemPortIdVec></MemPortIdVec>
<condition id="-1">
<or_exp><and_exp><literal name="tmp_1" val="0"/>
</and_exp></or_exp>
</condition>

<Node id="54" bw="32" op_0_bw="32" op_1_bw="0">
<![CDATA[
loop_queue_begin:4  %tmp = call i32 (...)* @_ssdm_op_SpecRegionBegin([11 x i8]* @p_str3)

]]></Node>
<StgValue><ssdm name="tmp"/></StgValue>
</operation>

<operation id="51" st_id="2" stage="1" lat="1">
<core>NULL</core>
<MemPortIdVec></MemPortIdVec>
<condition id="-1">
<or_exp><and_exp><literal name="tmp_1" val="0"/>
</and_exp></or_exp>
</condition>

<Node id="55" bw="0" op_0_bw="0" op_1_bw="32" op_2_bw="32" op_3_bw="32" op_4_bw="32" op_5_bw="0">
<![CDATA[
loop_queue_begin:5  call void (...)* @_ssdm_op_SpecPipeline(i32 -1, i32 1, i32 1, i32 0, [1 x i8]* @p_str1) nounwind

]]></Node>
<StgValue><ssdm name="specpipeline_ln35"/></StgValue>
</operation>

<operation id="52" st_id="2" stage="1" lat="1">
<core>Cmp</core>
<MemPortIdVec></MemPortIdVec>
<condition id="-1">
<or_exp><and_exp><literal name="tmp_1" val="0"/>
</and_exp></or_exp>
</condition>

<Node id="56" bw="1" op_0_bw="64" op_1_bw="64">
<![CDATA[
loop_queue_begin:6  %icmp_ln35 = icmp ugt i64 %q_in_0_load, %zext_ln34_1

]]></Node>
<StgValue><ssdm name="icmp_ln35"/></StgValue>
</operation>

<operation id="53" st_id="2" stage="1" lat="1">
<core>NULL</core>
<MemPortIdVec></MemPortIdVec>
<condition id="-1">
<or_exp><and_exp><literal name="tmp_1" val="0"/>
</and_exp></or_exp>
</condition>

<Node id="57" bw="0" op_0_bw="1" op_1_bw="0" op_2_bw="0">
<![CDATA[
loop_queue_begin:7  br i1 %icmp_ln35, label %3, label %4

]]></Node>
<StgValue><ssdm name="br_ln35"/></StgValue>
</operation>

<operation id="54" st_id="2" stage="1" lat="1">
<core>Cmp</core>
<MemPortIdVec></MemPortIdVec>
<condition id="-1">
<or_exp><and_exp><literal name="tmp_1" val="0"/>
<literal name="icmp_ln35" val="0"/>
</and_exp></or_exp>
</condition>

<Node id="59" bw="1" op_0_bw="64" op_1_bw="64">
<![CDATA[
:0  %icmp_ln35_2 = icmp eq i64 %q_in_0_load, 0

]]></Node>
<StgValue><ssdm name="icmp_ln35_2"/></StgValue>
</operation>

<operation id="55" st_id="2" stage="1" lat="1">
<core>Cmp</core>
<MemPortIdVec></MemPortIdVec>
<condition id="-1">
<or_exp><and_exp><literal name="tmp_1" val="0"/>
<literal name="icmp_ln35" val="0"/>
</and_exp></or_exp>
</condition>

<Node id="60" bw="1" op_0_bw="8" op_1_bw="8">
<![CDATA[
:1  %icmp_ln35_3 = icmp eq i8 %q_out_0, -1

]]></Node>
<StgValue><ssdm name="icmp_ln35_3"/></StgValue>
</operation>

<operation id="56" st_id="2" stage="1" lat="1">
<core>LogicGate</core>
<MemPortIdVec></MemPortIdVec>
<condition id="-1">
<or_exp><and_exp><literal name="tmp_1" val="0"/>
<literal name="icmp_ln35" val="0"/>
</and_exp></or_exp>
</condition>

<Node id="61" bw="1" op_0_bw="1" op_1_bw="1">
<![CDATA[
:2  %and_ln35 = and i1 %icmp_ln35_2, %icmp_ln35_3

]]></Node>
<StgValue><ssdm name="and_ln35"/></StgValue>
</operation>

<operation id="57" st_id="2" stage="1" lat="1">
<core>NULL</core>
<MemPortIdVec></MemPortIdVec>
<condition id="-1">
<or_exp><and_exp><literal name="tmp_1" val="0"/>
<literal name="icmp_ln35" val="0"/>
</and_exp></or_exp>
</condition>

<Node id="62" bw="0" op_0_bw="1" op_1_bw="0" op_2_bw="0">
<![CDATA[
:3  br i1 %and_ln35, label %._crit_edge, label %._crit_edge1

]]></Node>
<StgValue><ssdm name="br_ln35"/></StgValue>
</operation>

<operation id="58" st_id="2" stage="1" lat="1">
<core>AddSub</core>
<MemPortIdVec></MemPortIdVec>
<condition id="-1">
<or_exp><and_exp><literal name="tmp_1" val="0"/>
<literal name="icmp_ln35" val="1"/>
</and_exp></or_exp>
</condition>

<Node id="64" bw="9" op_0_bw="9" op_1_bw="9">
<![CDATA[
:0  %add_ln35 = add i9 %zext_ln34, 1

]]></Node>
<StgValue><ssdm name="add_ln35"/></StgValue>
</operation>

<operation id="59" st_id="2" stage="1" lat="1">
<core>NULL</core>
<MemPortIdVec></MemPortIdVec>
<condition id="-1">
<or_exp><and_exp><literal name="tmp_1" val="0"/>
<literal name="icmp_ln35" val="1"/>
</and_exp></or_exp>
</condition>

<Node id="65" bw="64" op_0_bw="9">
<![CDATA[
:1  %zext_ln35 = zext i9 %add_ln35 to i64

]]></Node>
<StgValue><ssdm name="zext_ln35"/></StgValue>
</operation>

<operation id="60" st_id="2" stage="1" lat="1">
<core>Cmp</core>
<MemPortIdVec></MemPortIdVec>
<condition id="-1">
<or_exp><and_exp><literal name="tmp_1" val="0"/>
<literal name="icmp_ln35" val="1"/>
</and_exp></or_exp>
</condition>

<Node id="66" bw="1" op_0_bw="64" op_1_bw="64">
<![CDATA[
:2  %icmp_ln35_1 = icmp eq i64 %q_in_0_load, %zext_ln35

]]></Node>
<StgValue><ssdm name="icmp_ln35_1"/></StgValue>
</operation>

<operation id="61" st_id="2" stage="1" lat="1">
<core>NULL</core>
<MemPortIdVec></MemPortIdVec>
<condition id="-1">
<or_exp><and_exp><literal name="tmp_1" val="0"/>
<literal name="icmp_ln35" val="1"/>
</and_exp></or_exp>
</condition>

<Node id="67" bw="0" op_0_bw="1" op_1_bw="0" op_2_bw="0">
<![CDATA[
:3  br i1 %icmp_ln35_1, label %._crit_edge, label %._crit_edge1

]]></Node>
<StgValue><ssdm name="br_ln35"/></StgValue>
</operation>

<operation id="62" st_id="2" stage="1" lat="1">
<core>NULL</core>
<MemPortIdVec></MemPortIdVec>
<condition id="-1">
<or_exp><and_exp><literal name="tmp_1" val="0"/>
<literal name="icmp_ln35" val="1"/>
<literal name="icmp_ln35_1" val="0"/>
</and_exp><and_exp><literal name="tmp_1" val="0"/>
<literal name="icmp_ln35" val="0"/>
<literal name="and_ln35" val="0"/>
</and_exp></or_exp>
</condition>

<Node id="69" bw="8" op_0_bw="64" op_1_bw="64" op_2_bw="64">
<![CDATA[
._crit_edge1:0  %queue_addr_1 = getelementptr inbounds [256 x i64]* %queue, i64 0, i64 %zext_ln34_1

]]></Node>
<StgValue><ssdm name="queue_addr_1"/></StgValue>
</operation>

<operation id="63" st_id="2" stage="2" lat="2">
<core>RAM</core>
<MemPortIdVec>0 </MemPortIdVec>
<condition id="-1">
<or_exp><and_exp><literal name="tmp_1" val="0"/>
<literal name="icmp_ln35" val="1"/>
<literal name="icmp_ln35_1" val="0"/>
</and_exp><and_exp><literal name="tmp_1" val="0"/>
<literal name="icmp_ln35" val="0"/>
<literal name="and_ln35" val="0"/>
</and_exp></or_exp>
</condition>

<Node id="70" bw="64" op_0_bw="8">
<![CDATA[
._crit_edge1:1  %n = load i64* %queue_addr_1, align 8

]]></Node>
<StgValue><ssdm name="n"/></StgValue>
</operation>

<operation id="64" st_id="2" stage="1" lat="1">
<core>NULL</core>
<MemPortIdVec></MemPortIdVec>
<condition id="-1">
<or_exp><and_exp><literal name="tmp_1" val="0"/>
<literal name="icmp_ln35" val="1"/>
<literal name="icmp_ln35_1" val="1"/>
</and_exp><and_exp><literal name="tmp_1" val="0"/>
<literal name="icmp_ln35" val="0"/>
<literal name="and_ln35" val="1"/>
</and_exp></or_exp>
</condition>

<Node id="142" bw="0" op_0_bw="0">
<![CDATA[
._crit_edge:0  br label %.loopexit

]]></Node>
<StgValue><ssdm name="br_ln36"/></StgValue>
</operation>

<operation id="65" st_id="2" stage="1" lat="1">
<core>NULL</core>
<MemPortIdVec></MemPortIdVec>
<condition id="-1">
<or_exp><and_exp><literal name="tmp_1" val="1"/>
</and_exp></or_exp>
</condition>

<Node id="144" bw="0" op_0_bw="0">
<![CDATA[
.loopexit.loopexit:0  br label %.loopexit

]]></Node>
<StgValue><ssdm name="br_ln0"/></StgValue>
</operation>

<operation id="66" st_id="2" stage="1" lat="1">
<core>NULL</core>
<MemPortIdVec></MemPortIdVec>
<condition id="-1">
<or_exp><and_exp><literal name="icmp_ln35" val="1"/>
<literal name="icmp_ln35_1" val="1"/>
</and_exp><and_exp><literal name="icmp_ln35" val="0"/>
<literal name="and_ln35" val="1"/>
</and_exp><and_exp><literal name="tmp_1" val="1"/>
</and_exp></or_exp>
</condition>

<Node id="146" bw="0">
<![CDATA[
.loopexit:0  ret void

]]></Node>
<StgValue><ssdm name="ret_ln60"/></StgValue>
</operation>
</state>

<state id="3" st_id="3">

<operation id="67" st_id="3" stage="1" lat="2">
<core>RAM</core>
<MemPortIdVec>0 </MemPortIdVec>
<condition id="-1">
<or_exp><and_exp></and_exp></or_exp>
</condition>

<Node id="70" bw="64" op_0_bw="8">
<![CDATA[
._crit_edge1:1  %n = load i64* %queue_addr_1, align 8

]]></Node>
<StgValue><ssdm name="n"/></StgValue>
</operation>

<operation id="68" st_id="3" stage="1" lat="1">
<core>NULL</core>
<MemPortIdVec></MemPortIdVec>
<condition id="-1">
<or_exp><and_exp></and_exp></or_exp>
</condition>

<Node id="71" bw="8" op_0_bw="64" op_1_bw="64" op_2_bw="64">
<![CDATA[
._crit_edge1:2  %nodes_edge_begin_add = getelementptr [256 x i64]* %nodes_edge_begin, i64 0, i64 %n

]]></Node>
<StgValue><ssdm name="nodes_edge_begin_add"/></StgValue>
</operation>

<operation id="69" st_id="3" stage="2" lat="2">
<core>RAM_1P_BRAM</core>
<MemPortIdVec>0 </MemPortIdVec>
<condition id="-1">
<or_exp><and_exp></and_exp></or_exp>
</condition>

<Node id="72" bw="64" op_0_bw="8">
<![CDATA[
._crit_edge1:3  %tmp_begin = load i64* %nodes_edge_begin_add, align 8

]]></Node>
<StgValue><ssdm name="tmp_begin"/></StgValue>
</operation>

<operation id="70" st_id="3" stage="1" lat="1">
<core>NULL</core>
<MemPortIdVec></MemPortIdVec>
<condition id="-1">
<or_exp><and_exp></and_exp></or_exp>
</condition>

<Node id="73" bw="8" op_0_bw="64" op_1_bw="64" op_2_bw="64">
<![CDATA[
._crit_edge1:4  %nodes_edge_end_addr = getelementptr [256 x i64]* %nodes_edge_end, i64 0, i64 %n

]]></Node>
<StgValue><ssdm name="nodes_edge_end_addr"/></StgValue>
</operation>

<operation id="71" st_id="3" stage="2" lat="2">
<core>RAM_1P_BRAM</core>
<MemPortIdVec>0 </MemPortIdVec>
<condition id="-1">
<or_exp><and_exp></and_exp></or_exp>
</condition>

<Node id="74" bw="64" op_0_bw="8">
<![CDATA[
._crit_edge1:5  %tmp_end = load i64* %nodes_edge_end_addr, align 8

]]></Node>
<StgValue><ssdm name="tmp_end"/></StgValue>
</operation>

<operation id="72" st_id="3" stage="1" lat="1">
<core>NULL</core>
<MemPortIdVec></MemPortIdVec>
<condition id="-1">
<or_exp><and_exp></and_exp></or_exp>
</condition>

<Node id="75" bw="1" op_0_bw="64">
<![CDATA[
._crit_edge1:6  %trunc_ln46 = trunc i64 %n to i1

]]></Node>
<StgValue><ssdm name="trunc_ln46"/></StgValue>
</operation>

<operation id="73" st_id="3" stage="1" lat="1">
<core>NULL</core>
<MemPortIdVec></MemPortIdVec>
<condition id="-1">
<or_exp><and_exp></and_exp></or_exp>
</condition>

<Node id="76" bw="9" op_0_bw="9" op_1_bw="64" op_2_bw="32" op_3_bw="32">
<![CDATA[
._crit_edge1:7  %lshr_ln1 = call i9 @_ssdm_op_PartSelect.i9.i64.i32.i32(i64 %n, i32 1, i32 9)

]]></Node>
<StgValue><ssdm name="lshr_ln1"/></StgValue>
</operation>
</state>

<state id="4" st_id="4">

<operation id="74" st_id="4" stage="1" lat="2">
<core>RAM_1P_BRAM</core>
<MemPortIdVec>0 </MemPortIdVec>
<condition id="-1">
<or_exp><and_exp></and_exp></or_exp>
</condition>

<Node id="72" bw="64" op_0_bw="8">
<![CDATA[
._crit_edge1:3  %tmp_begin = load i64* %nodes_edge_begin_add, align 8

]]></Node>
<StgValue><ssdm name="tmp_begin"/></StgValue>
</operation>

<operation id="75" st_id="4" stage="1" lat="2">
<core>RAM_1P_BRAM</core>
<MemPortIdVec>0 </MemPortIdVec>
<condition id="-1">
<or_exp><and_exp></and_exp></or_exp>
</condition>

<Node id="74" bw="64" op_0_bw="8">
<![CDATA[
._crit_edge1:5  %tmp_end = load i64* %nodes_edge_end_addr, align 8

]]></Node>
<StgValue><ssdm name="tmp_end"/></StgValue>
</operation>

<operation id="76" st_id="4" stage="1" lat="1">
<core>NULL</core>
<MemPortIdVec></MemPortIdVec>
<condition id="-1">
<or_exp><and_exp></and_exp></or_exp>
</condition>

<Node id="77" bw="64" op_0_bw="9">
<![CDATA[
._crit_edge1:8  %zext_ln46 = zext i9 %lshr_ln1 to i64

]]></Node>
<StgValue><ssdm name="zext_ln46"/></StgValue>
</operation>

<operation id="77" st_id="4" stage="1" lat="1">
<core>NULL</core>
<MemPortIdVec></MemPortIdVec>
<condition id="-1">
<or_exp><and_exp><literal name="trunc_ln46" val="0"/>
</and_exp></or_exp>
</condition>

<Node id="78" bw="7" op_0_bw="8" op_1_bw="64" op_2_bw="64">
<![CDATA[
._crit_edge1:9  %level_0_addr_1 = getelementptr [128 x i8]* %level_0, i64 0, i64 %zext_ln46

]]></Node>
<StgValue><ssdm name="level_0_addr_1"/></StgValue>
</operation>

<operation id="78" st_id="4" stage="1" lat="1">
<core>NULL</core>
<MemPortIdVec></MemPortIdVec>
<condition id="-1">
<or_exp><and_exp><literal name="trunc_ln46" val="1"/>
</and_exp></or_exp>
</condition>

<Node id="79" bw="7" op_0_bw="8" op_1_bw="64" op_2_bw="64">
<![CDATA[
._crit_edge1:10  %level_1_addr_1 = getelementptr [128 x i8]* %level_1, i64 0, i64 %zext_ln46

]]></Node>
<StgValue><ssdm name="level_1_addr_1"/></StgValue>
</operation>

<operation id="79" st_id="4" stage="1" lat="1">
<core>NULL</core>
<MemPortIdVec></MemPortIdVec>
<condition id="-1">
<or_exp><and_exp></and_exp></or_exp>
</condition>

<Node id="80" bw="0" op_0_bw="0">
<![CDATA[
._crit_edge1:11  br label %5

]]></Node>
<StgValue><ssdm name="br_ln41"/></StgValue>
</operation>
</state>

<state id="5" st_id="5">

<operation id="80" st_id="5" stage="1" lat="1">
<core>NULL</core>
<MemPortIdVec></MemPortIdVec>
<condition id="-1">
<or_exp><and_exp></and_exp></or_exp>
</condition>

<Node id="82" bw="64" op_0_bw="64" op_1_bw="0" op_2_bw="64" op_3_bw="0">
<![CDATA[
:0  %e_0 = phi i64 [ %tmp_begin, %._crit_edge1 ], [ %e_1, %._crit_edge4 ]

]]></Node>
<StgValue><ssdm name="e_0"/></StgValue>
</operation>

<operation id="81" st_id="5" stage="1" lat="1">
<core>Cmp</core>
<MemPortIdVec></MemPortIdVec>
<condition id="-1">
<or_exp><and_exp></and_exp></or_exp>
</condition>

<Node id="83" bw="1" op_0_bw="64" op_1_bw="64">
<![CDATA[
:1  %icmp_ln41 = icmp ult i64 %e_0, %tmp_end

]]></Node>
<StgValue><ssdm name="icmp_ln41"/></StgValue>
</operation>

<operation id="82" st_id="5" stage="1" lat="1">
<core>NULL</core>
<MemPortIdVec></MemPortIdVec>
<condition id="-1">
<or_exp><and_exp></and_exp></or_exp>
</condition>

<Node id="84" bw="0" op_0_bw="1" op_1_bw="0" op_2_bw="0">
<![CDATA[
:2  br i1 %icmp_ln41, label %_ifconv, label %loop_queue_end

]]></Node>
<StgValue><ssdm name="br_ln41"/></StgValue>
</operation>

<operation id="83" st_id="5" stage="1" lat="1">
<core>NULL</core>
<MemPortIdVec></MemPortIdVec>
<condition id="-1">
<or_exp><and_exp><literal name="icmp_ln41" val="1"/>
</and_exp></or_exp>
</condition>

<Node id="88" bw="13" op_0_bw="13" op_1_bw="64" op_2_bw="32" op_3_bw="32">
<![CDATA[
_ifconv:2  %lshr_ln2 = call i13 @_ssdm_op_PartSelect.i13.i64.i32.i32(i64 %e_0, i32 1, i32 13)

]]></Node>
<StgValue><ssdm name="lshr_ln2"/></StgValue>
</operation>

<operation id="84" st_id="5" stage="1" lat="1">
<core>NULL</core>
<MemPortIdVec></MemPortIdVec>
<condition id="-1">
<or_exp><and_exp><literal name="icmp_ln41" val="1"/>
</and_exp></or_exp>
</condition>

<Node id="89" bw="64" op_0_bw="13">
<![CDATA[
_ifconv:3  %zext_ln42 = zext i13 %lshr_ln2 to i64

]]></Node>
<StgValue><ssdm name="zext_ln42"/></StgValue>
</operation>

<operation id="85" st_id="5" stage="1" lat="1">
<core>NULL</core>
<MemPortIdVec></MemPortIdVec>
<condition id="-1">
<or_exp><and_exp><literal name="icmp_ln41" val="1"/>
</and_exp></or_exp>
</condition>

<Node id="90" bw="11" op_0_bw="64" op_1_bw="64" op_2_bw="64">
<![CDATA[
_ifconv:4  %edges_0_dst_addr = getelementptr [2048 x i64]* %edges_0_dst, i64 0, i64 %zext_ln42

]]></Node>
<StgValue><ssdm name="edges_0_dst_addr"/></StgValue>
</operation>

<operation id="86" st_id="5" stage="1" lat="1">
<core>NULL</core>
<MemPortIdVec></MemPortIdVec>
<condition id="-1">
<or_exp><and_exp><literal name="icmp_ln41" val="1"/>
</and_exp></or_exp>
</condition>

<Node id="91" bw="11" op_0_bw="64" op_1_bw="64" op_2_bw="64">
<![CDATA[
_ifconv:5  %edges_1_dst_addr = getelementptr [2048 x i64]* %edges_1_dst, i64 0, i64 %zext_ln42

]]></Node>
<StgValue><ssdm name="edges_1_dst_addr"/></StgValue>
</operation>

<operation id="87" st_id="5" stage="2" lat="2">
<core>RAM</core>
<MemPortIdVec>0 </MemPortIdVec>
<condition id="-1">
<or_exp><and_exp><literal name="icmp_ln41" val="1"/>
</and_exp></or_exp>
</condition>

<Node id="92" bw="64" op_0_bw="11">
<![CDATA[
_ifconv:6  %edges_1_dst_load = load i64* %edges_1_dst_addr, align 8

]]></Node>
<StgValue><ssdm name="edges_1_dst_load"/></StgValue>
</operation>

<operation id="88" st_id="5" stage="2" lat="2">
<core>RAM</core>
<MemPortIdVec>0 </MemPortIdVec>
<condition id="-1">
<or_exp><and_exp><literal name="icmp_ln41" val="1"/>
</and_exp></or_exp>
</condition>

<Node id="93" bw="64" op_0_bw="11">
<![CDATA[
_ifconv:7  %edges_0_dst_load = load i64* %edges_0_dst_addr, align 8

]]></Node>
<StgValue><ssdm name="edges_0_dst_load"/></StgValue>
</operation>

<operation id="89" st_id="5" stage="1" lat="1">
<core>NULL</core>
<MemPortIdVec></MemPortIdVec>
<condition id="-1">
<or_exp><and_exp><literal name="icmp_ln41" val="0"/>
</and_exp></or_exp>
</condition>

<Node id="138" bw="32" op_0_bw="32" op_1_bw="0" op_2_bw="32">
<![CDATA[
loop_queue_end:0  %empty_5 = call i32 (...)* @_ssdm_op_SpecRegionEnd([11 x i8]* @p_str3, i32 %tmp)

]]></Node>
<StgValue><ssdm name="empty_5"/></StgValue>
</operation>

<operation id="90" st_id="5" stage="1" lat="1">
<core>AddSub</core>
<MemPortIdVec></MemPortIdVec>
<condition id="-1">
<or_exp><and_exp><literal name="icmp_ln41" val="0"/>
</and_exp></or_exp>
</condition>

<Node id="139" bw="9" op_0_bw="9" op_1_bw="9">
<![CDATA[
loop_queue_end:1  %dummy = add i9 %dummy_0, 1

]]></Node>
<StgValue><ssdm name="dummy"/></StgValue>
</operation>

<operation id="91" st_id="5" stage="1" lat="1">
<core>NULL</core>
<MemPortIdVec></MemPortIdVec>
<condition id="-1">
<or_exp><and_exp><literal name="icmp_ln41" val="0"/>
</and_exp></or_exp>
</condition>

<Node id="140" bw="0" op_0_bw="0">
<![CDATA[
loop_queue_end:2  br label %2

]]></Node>
<StgValue><ssdm name="br_ln34"/></StgValue>
</operation>
</state>

<state id="6" st_id="6">

<operation id="92" st_id="6" stage="1" lat="1">
<core>NULL</core>
<MemPortIdVec></MemPortIdVec>
<condition id="-1">
<or_exp><and_exp></and_exp></or_exp>
</condition>

<Node id="87" bw="1" op_0_bw="64">
<![CDATA[
_ifconv:1  %trunc_ln42 = trunc i64 %e_0 to i1

]]></Node>
<StgValue><ssdm name="trunc_ln42"/></StgValue>
</operation>

<operation id="93" st_id="6" stage="1" lat="2">
<core>RAM</core>
<MemPortIdVec>0 </MemPortIdVec>
<condition id="-1">
<or_exp><and_exp></and_exp></or_exp>
</condition>

<Node id="92" bw="64" op_0_bw="11">
<![CDATA[
_ifconv:6  %edges_1_dst_load = load i64* %edges_1_dst_addr, align 8

]]></Node>
<StgValue><ssdm name="edges_1_dst_load"/></StgValue>
</operation>

<operation id="94" st_id="6" stage="1" lat="2">
<core>RAM</core>
<MemPortIdVec>0 </MemPortIdVec>
<condition id="-1">
<or_exp><and_exp></and_exp></or_exp>
</condition>

<Node id="93" bw="64" op_0_bw="11">
<![CDATA[
_ifconv:7  %edges_0_dst_load = load i64* %edges_0_dst_addr, align 8

]]></Node>
<StgValue><ssdm name="edges_0_dst_load"/></StgValue>
</operation>

<operation id="95" st_id="6" stage="1" lat="1">
<core>Sel</core>
<MemPortIdVec></MemPortIdVec>
<condition id="-1">
<or_exp><and_exp></and_exp></or_exp>
</condition>

<Node id="94" bw="64" op_0_bw="1" op_1_bw="64" op_2_bw="64">
<![CDATA[
_ifconv:8  %tmp_dst = select i1 %trunc_ln42, i64 %edges_1_dst_load, i64 %edges_0_dst_load

]]></Node>
<StgValue><ssdm name="tmp_dst"/></StgValue>
</operation>

<operation id="96" st_id="6" stage="1" lat="1">
<core>NULL</core>
<MemPortIdVec></MemPortIdVec>
<condition id="-1">
<or_exp><and_exp></and_exp></or_exp>
</condition>

<Node id="95" bw="1" op_0_bw="64">
<![CDATA[
_ifconv:9  %trunc_ln43 = trunc i64 %tmp_dst to i1

]]></Node>
<StgValue><ssdm name="trunc_ln43"/></StgValue>
</operation>

<operation id="97" st_id="6" stage="1" lat="1">
<core>NULL</core>
<MemPortIdVec></MemPortIdVec>
<condition id="-1">
<or_exp><and_exp></and_exp></or_exp>
</condition>

<Node id="96" bw="9" op_0_bw="9" op_1_bw="64" op_2_bw="32" op_3_bw="32">
<![CDATA[
_ifconv:10  %lshr_ln3 = call i9 @_ssdm_op_PartSelect.i9.i64.i32.i32(i64 %tmp_dst, i32 1, i32 9)

]]></Node>
<StgValue><ssdm name="lshr_ln3"/></StgValue>
</operation>

<operation id="98" st_id="6" stage="1" lat="1">
<core>NULL</core>
<MemPortIdVec></MemPortIdVec>
<condition id="-1">
<or_exp><and_exp></and_exp></or_exp>
</condition>

<Node id="97" bw="64" op_0_bw="9">
<![CDATA[
_ifconv:11  %zext_ln43 = zext i9 %lshr_ln3 to i64

]]></Node>
<StgValue><ssdm name="zext_ln43"/></StgValue>
</operation>

<operation id="99" st_id="6" stage="1" lat="1">
<core>NULL</core>
<MemPortIdVec></MemPortIdVec>
<condition id="-1">
<or_exp><and_exp></and_exp></or_exp>
</condition>

<Node id="98" bw="7" op_0_bw="8" op_1_bw="64" op_2_bw="64">
<![CDATA[
_ifconv:12  %level_0_addr_2 = getelementptr [128 x i8]* %level_0, i64 0, i64 %zext_ln43

]]></Node>
<StgValue><ssdm name="level_0_addr_2"/></StgValue>
</operation>

<operation id="100" st_id="6" stage="1" lat="1">
<core>NULL</core>
<MemPortIdVec></MemPortIdVec>
<condition id="-1">
<or_exp><and_exp></and_exp></or_exp>
</condition>

<Node id="99" bw="7" op_0_bw="8" op_1_bw="64" op_2_bw="64">
<![CDATA[
_ifconv:13  %level_1_addr_2 = getelementptr [128 x i8]* %level_1, i64 0, i64 %zext_ln43

]]></Node>
<StgValue><ssdm name="level_1_addr_2"/></StgValue>
</operation>

<operation id="101" st_id="6" stage="2" lat="2">
<core>RAM</core>
<MemPortIdVec>0 </MemPortIdVec>
<condition id="-1">
<or_exp><and_exp></and_exp></or_exp>
</condition>

<Node id="100" bw="8" op_0_bw="7">
<![CDATA[
_ifconv:14  %level_1_load = load i8* %level_1_addr_2, align 1

]]></Node>
<StgValue><ssdm name="level_1_load"/></StgValue>
</operation>

<operation id="102" st_id="6" stage="2" lat="2">
<core>RAM</core>
<MemPortIdVec>0 </MemPortIdVec>
<condition id="-1">
<or_exp><and_exp></and_exp></or_exp>
</condition>

<Node id="101" bw="8" op_0_bw="7">
<![CDATA[
_ifconv:15  %level_0_load = load i8* %level_0_addr_2, align 1

]]></Node>
<StgValue><ssdm name="level_0_load"/></StgValue>
</operation>
</state>

<state id="7" st_id="7">

<operation id="103" st_id="7" stage="1" lat="1">
<core>NULL</core>
<MemPortIdVec></MemPortIdVec>
<condition id="-1">
<or_exp><and_exp></and_exp></or_exp>
</condition>

<Node id="86" bw="0" op_0_bw="0" op_1_bw="0">
<![CDATA[
_ifconv:0  call void (...)* @_ssdm_op_SpecLoopName([15 x i8]* @p_str4) nounwind

]]></Node>
<StgValue><ssdm name="specloopname_ln41"/></StgValue>
</operation>

<operation id="104" st_id="7" stage="1" lat="2">
<core>RAM</core>
<MemPortIdVec>0 </MemPortIdVec>
<condition id="-1">
<or_exp><and_exp></and_exp></or_exp>
</condition>

<Node id="100" bw="8" op_0_bw="7">
<![CDATA[
_ifconv:14  %level_1_load = load i8* %level_1_addr_2, align 1

]]></Node>
<StgValue><ssdm name="level_1_load"/></StgValue>
</operation>

<operation id="105" st_id="7" stage="1" lat="2">
<core>RAM</core>
<MemPortIdVec>0 </MemPortIdVec>
<condition id="-1">
<or_exp><and_exp></and_exp></or_exp>
</condition>

<Node id="101" bw="8" op_0_bw="7">
<![CDATA[
_ifconv:15  %level_0_load = load i8* %level_0_addr_2, align 1

]]></Node>
<StgValue><ssdm name="level_0_load"/></StgValue>
</operation>

<operation id="106" st_id="7" stage="1" lat="1">
<core>Sel</core>
<MemPortIdVec></MemPortIdVec>
<condition id="-1">
<or_exp><and_exp></and_exp></or_exp>
</condition>

<Node id="102" bw="8" op_0_bw="1" op_1_bw="8" op_2_bw="8">
<![CDATA[
_ifconv:16  %tmp_level = select i1 %trunc_ln43, i8 %level_1_load, i8 %level_0_load

]]></Node>
<StgValue><ssdm name="tmp_level"/></StgValue>
</operation>

<operation id="107" st_id="7" stage="1" lat="1">
<core>Cmp</core>
<MemPortIdVec></MemPortIdVec>
<condition id="-1">
<or_exp><and_exp></and_exp></or_exp>
</condition>

<Node id="103" bw="1" op_0_bw="8" op_1_bw="8">
<![CDATA[
_ifconv:17  %icmp_ln45 = icmp eq i8 %tmp_level, 127

]]></Node>
<StgValue><ssdm name="icmp_ln45"/></StgValue>
</operation>

<operation id="108" st_id="7" stage="1" lat="1">
<core>NULL</core>
<MemPortIdVec></MemPortIdVec>
<condition id="-1">
<or_exp><and_exp></and_exp></or_exp>
</condition>

<Node id="104" bw="0" op_0_bw="1" op_1_bw="0" op_2_bw="0">
<![CDATA[
_ifconv:18  br i1 %icmp_ln45, label %_ifconv1, label %._crit_edge4

]]></Node>
<StgValue><ssdm name="br_ln45"/></StgValue>
</operation>

<operation id="109" st_id="7" stage="2" lat="2">
<core>RAM</core>
<MemPortIdVec>0 </MemPortIdVec>
<condition id="-1">
<or_exp><and_exp><literal name="icmp_ln45" val="1"/>
<literal name="trunc_ln46" val="1"/>
</and_exp></or_exp>
</condition>

<Node id="106" bw="8" op_0_bw="7">
<![CDATA[
_ifconv1:0  %level_1_load_1 = load i8* %level_1_addr_1, align 1

]]></Node>
<StgValue><ssdm name="level_1_load_1"/></StgValue>
</operation>

<operation id="110" st_id="7" stage="2" lat="2">
<core>RAM</core>
<MemPortIdVec>0 </MemPortIdVec>
<condition id="-1">
<or_exp><and_exp><literal name="icmp_ln45" val="1"/>
<literal name="trunc_ln46" val="0"/>
</and_exp></or_exp>
</condition>

<Node id="107" bw="8" op_0_bw="7">
<![CDATA[
_ifconv1:1  %level_0_load_1 = load i8* %level_0_addr_1, align 1

]]></Node>
<StgValue><ssdm name="level_0_load_1"/></StgValue>
</operation>
</state>

<state id="8" st_id="8">

<operation id="111" st_id="8" stage="1" lat="2">
<core>RAM</core>
<MemPortIdVec>0 </MemPortIdVec>
<condition id="-1">
<or_exp><and_exp><literal name="trunc_ln46" val="1"/>
</and_exp></or_exp>
</condition>

<Node id="106" bw="8" op_0_bw="7">
<![CDATA[
_ifconv1:0  %level_1_load_1 = load i8* %level_1_addr_1, align 1

]]></Node>
<StgValue><ssdm name="level_1_load_1"/></StgValue>
</operation>

<operation id="112" st_id="8" stage="1" lat="2">
<core>RAM</core>
<MemPortIdVec>0 </MemPortIdVec>
<condition id="-1">
<or_exp><and_exp><literal name="trunc_ln46" val="0"/>
</and_exp></or_exp>
</condition>

<Node id="107" bw="8" op_0_bw="7">
<![CDATA[
_ifconv1:1  %level_0_load_1 = load i8* %level_0_addr_1, align 1

]]></Node>
<StgValue><ssdm name="level_0_load_1"/></StgValue>
</operation>

<operation id="113" st_id="8" stage="1" lat="1">
<core>Sel</core>
<MemPortIdVec></MemPortIdVec>
<condition id="-1">
<or_exp><and_exp></and_exp></or_exp>
</condition>

<Node id="108" bw="8" op_0_bw="1" op_1_bw="8" op_2_bw="8">
<![CDATA[
_ifconv1:2  %select_ln46 = select i1 %trunc_ln46, i8 %level_1_load_1, i8 %level_0_load_1

]]></Node>
<StgValue><ssdm name="select_ln46"/></StgValue>
</operation>

<operation id="114" st_id="8" stage="1" lat="1">
<core>AddSub</core>
<MemPortIdVec></MemPortIdVec>
<condition id="-1">
<or_exp><and_exp></and_exp></or_exp>
</condition>

<Node id="109" bw="8" op_0_bw="8" op_1_bw="8">
<![CDATA[
_ifconv1:3  %tmp_level_1 = add i8 %select_ln46, 1

]]></Node>
<StgValue><ssdm name="tmp_level_1"/></StgValue>
</operation>

<operation id="115" st_id="8" stage="1" lat="1">
<core>NULL</core>
<MemPortIdVec></MemPortIdVec>
<condition id="-1">
<or_exp><and_exp></and_exp></or_exp>
</condition>

<Node id="110" bw="0" op_0_bw="1" op_1_bw="0" op_2_bw="0">
<![CDATA[
_ifconv1:4  br i1 %trunc_ln43, label %branch7, label %branch6

]]></Node>
<StgValue><ssdm name="br_ln47"/></StgValue>
</operation>

<operation id="116" st_id="8" stage="1" lat="1">
<core>RAM</core>
<MemPortIdVec>0 </MemPortIdVec>
<condition id="-1">
<or_exp><and_exp><literal name="trunc_ln43" val="0"/>
</and_exp></or_exp>
</condition>

<Node id="112" bw="0" op_0_bw="8" op_1_bw="7" op_2_bw="8" op_3_bw="8">
<![CDATA[
branch6:0  store i8 %tmp_level_1, i8* %level_0_addr_2, align 1

]]></Node>
<StgValue><ssdm name="store_ln47"/></StgValue>
</operation>

<operation id="117" st_id="8" stage="1" lat="1">
<core>NULL</core>
<MemPortIdVec></MemPortIdVec>
<condition id="-1">
<or_exp><and_exp><literal name="trunc_ln43" val="0"/>
</and_exp></or_exp>
</condition>

<Node id="113" bw="0" op_0_bw="0">
<![CDATA[
branch6:1  br label %6

]]></Node>
<StgValue><ssdm name="br_ln47"/></StgValue>
</operation>

<operation id="118" st_id="8" stage="1" lat="1">
<core>RAM</core>
<MemPortIdVec>0 </MemPortIdVec>
<condition id="-1">
<or_exp><and_exp><literal name="trunc_ln43" val="1"/>
</and_exp></or_exp>
</condition>

<Node id="115" bw="0" op_0_bw="8" op_1_bw="7" op_2_bw="8" op_3_bw="8">
<![CDATA[
branch7:0  store i8 %tmp_level_1, i8* %level_1_addr_2, align 1

]]></Node>
<StgValue><ssdm name="store_ln47"/></StgValue>
</operation>

<operation id="119" st_id="8" stage="1" lat="1">
<core>NULL</core>
<MemPortIdVec></MemPortIdVec>
<condition id="-1">
<or_exp><and_exp><literal name="trunc_ln43" val="1"/>
</and_exp></or_exp>
</condition>

<Node id="116" bw="0" op_0_bw="0">
<![CDATA[
branch7:1  br label %6

]]></Node>
<StgValue><ssdm name="br_ln47"/></StgValue>
</operation>

<operation id="120" st_id="8" stage="1" lat="1">
<core>NULL</core>
<MemPortIdVec></MemPortIdVec>
<condition id="-1">
<or_exp><and_exp></and_exp></or_exp>
</condition>

<Node id="118" bw="64" op_0_bw="64" op_1_bw="0">
<![CDATA[
:0  %q_in_0_load_1 = load i64* %q_in_0

]]></Node>
<StgValue><ssdm name="q_in_0_load_1"/></StgValue>
</operation>

<operation id="121" st_id="8" stage="1" lat="1">
<core>NULL</core>
<MemPortIdVec></MemPortIdVec>
<condition id="-1">
<or_exp><and_exp></and_exp></or_exp>
</condition>

<Node id="119" bw="64" op_0_bw="8">
<![CDATA[
:1  %sext_ln48 = sext i8 %tmp_level_1 to i64

]]></Node>
<StgValue><ssdm name="sext_ln48"/></StgValue>
</operation>

<operation id="122" st_id="8" stage="1" lat="1">
<core>NULL</core>
<MemPortIdVec></MemPortIdVec>
<condition id="-1">
<or_exp><and_exp></and_exp></or_exp>
</condition>

<Node id="120" bw="4" op_0_bw="64" op_1_bw="64" op_2_bw="64">
<![CDATA[
:2  %level_counts_addr_1 = getelementptr [10 x i64]* %level_counts, i64 0, i64 %sext_ln48

]]></Node>
<StgValue><ssdm name="level_counts_addr_1"/></StgValue>
</operation>

<operation id="123" st_id="8" stage="2" lat="2">
<core>RAM_1P_BRAM</core>
<MemPortIdVec>0 </MemPortIdVec>
<condition id="-1">
<or_exp><and_exp></and_exp></or_exp>
</condition>

<Node id="121" bw="64" op_0_bw="4">
<![CDATA[
:3  %level_counts_load = load i64* %level_counts_addr_1, align 8

]]></Node>
<StgValue><ssdm name="level_counts_load"/></StgValue>
</operation>

<operation id="124" st_id="8" stage="1" lat="1">
<core>Cmp</core>
<MemPortIdVec></MemPortIdVec>
<condition id="-1">
<or_exp><and_exp></and_exp></or_exp>
</condition>

<Node id="124" bw="1" op_0_bw="64" op_1_bw="64">
<![CDATA[
:6  %icmp_ln49 = icmp eq i64 %q_in_0_load_1, 0

]]></Node>
<StgValue><ssdm name="icmp_ln49"/></StgValue>
</operation>

<operation id="125" st_id="8" stage="1" lat="1">
<core>AddSub</core>
<MemPortIdVec></MemPortIdVec>
<condition id="-1">
<or_exp><and_exp></and_exp></or_exp>
</condition>

<Node id="125" bw="64" op_0_bw="64" op_1_bw="64">
<![CDATA[
:7  %add_ln49 = add i64 -1, %q_in_0_load_1

]]></Node>
<StgValue><ssdm name="add_ln49"/></StgValue>
</operation>

<operation id="126" st_id="8" stage="1" lat="1">
<core>Sel</core>
<MemPortIdVec></MemPortIdVec>
<condition id="-1">
<or_exp><and_exp></and_exp></or_exp>
</condition>

<Node id="126" bw="64" op_0_bw="1" op_1_bw="64" op_2_bw="64">
<![CDATA[
:8  %select_ln49 = select i1 %icmp_ln49, i64 255, i64 %add_ln49

]]></Node>
<StgValue><ssdm name="select_ln49"/></StgValue>
</operation>

<operation id="127" st_id="8" stage="1" lat="1">
<core>NULL</core>
<MemPortIdVec></MemPortIdVec>
<condition id="-1">
<or_exp><and_exp></and_exp></or_exp>
</condition>

<Node id="127" bw="8" op_0_bw="64" op_1_bw="64" op_2_bw="64">
<![CDATA[
:9  %queue_addr_2 = getelementptr inbounds [256 x i64]* %queue, i64 0, i64 %select_ln49

]]></Node>
<StgValue><ssdm name="queue_addr_2"/></StgValue>
</operation>

<operation id="128" st_id="8" stage="1" lat="1">
<core>RAM</core>
<MemPortIdVec>0 </MemPortIdVec>
<condition id="-1">
<or_exp><and_exp></and_exp></or_exp>
</condition>

<Node id="128" bw="0" op_0_bw="64" op_1_bw="8">
<![CDATA[
:10  store i64 %tmp_dst, i64* %queue_addr_2, align 8

]]></Node>
<StgValue><ssdm name="store_ln49"/></StgValue>
</operation>

<operation id="129" st_id="8" stage="1" lat="1">
<core>NULL</core>
<MemPortIdVec></MemPortIdVec>
<condition id="-1">
<or_exp><and_exp></and_exp></or_exp>
</condition>

<Node id="129" bw="8" op_0_bw="64">
<![CDATA[
:11  %trunc_ln49 = trunc i64 %q_in_0_load_1 to i8

]]></Node>
<StgValue><ssdm name="trunc_ln49"/></StgValue>
</operation>

<operation id="130" st_id="8" stage="1" lat="1">
<core>AddSub</core>
<MemPortIdVec></MemPortIdVec>
<condition id="-1">
<or_exp><and_exp></and_exp></or_exp>
</condition>

<Node id="130" bw="8" op_0_bw="8" op_1_bw="8">
<![CDATA[
:12  %q_in = add i8 1, %trunc_ln49

]]></Node>
<StgValue><ssdm name="q_in"/></StgValue>
</operation>

<operation id="131" st_id="8" stage="1" lat="1">
<core>NULL</core>
<MemPortIdVec></MemPortIdVec>
<condition id="-1">
<or_exp><and_exp></and_exp></or_exp>
</condition>

<Node id="131" bw="64" op_0_bw="8">
<![CDATA[
:13  %zext_ln49 = zext i8 %q_in to i64

]]></Node>
<StgValue><ssdm name="zext_ln49"/></StgValue>
</operation>

<operation id="132" st_id="8" stage="1" lat="1">
<core>NULL</core>
<MemPortIdVec></MemPortIdVec>
<condition id="-1">
<or_exp><and_exp></and_exp></or_exp>
</condition>

<Node id="132" bw="0" op_0_bw="64" op_1_bw="64" op_2_bw="64" op_3_bw="0" op_4_bw="64">
<![CDATA[
:14  store i64 %zext_ln49, i64* %q_in_0

]]></Node>
<StgValue><ssdm name="store_ln50"/></StgValue>
</operation>
</state>

<state id="9" st_id="9">

<operation id="133" st_id="9" stage="1" lat="2">
<core>RAM_1P_BRAM</core>
<MemPortIdVec>0 </MemPortIdVec>
<condition id="-1">
<or_exp><and_exp><literal name="icmp_ln45" val="1"/>
</and_exp></or_exp>
</condition>

<Node id="121" bw="64" op_0_bw="4">
<![CDATA[
:3  %level_counts_load = load i64* %level_counts_addr_1, align 8

]]></Node>
<StgValue><ssdm name="level_counts_load"/></StgValue>
</operation>

<operation id="134" st_id="9" stage="1" lat="1">
<core>AddSub</core>
<MemPortIdVec></MemPortIdVec>
<condition id="-1">
<or_exp><and_exp><literal name="icmp_ln45" val="1"/>
</and_exp></or_exp>
</condition>

<Node id="122" bw="64" op_0_bw="64" op_1_bw="64">
<![CDATA[
:4  %add_ln48 = add i64 1, %level_counts_load

]]></Node>
<StgValue><ssdm name="add_ln48"/></StgValue>
</operation>

<operation id="135" st_id="9" stage="1" lat="1">
<core>RAM_1P_BRAM</core>
<MemPortIdVec>0 </MemPortIdVec>
<condition id="-1">
<or_exp><and_exp><literal name="icmp_ln45" val="1"/>
</and_exp></or_exp>
</condition>

<Node id="123" bw="0" op_0_bw="64" op_1_bw="4" op_2_bw="64">
<![CDATA[
:5  store i64 %add_ln48, i64* %level_counts_addr_1, align 8

]]></Node>
<StgValue><ssdm name="store_ln48"/></StgValue>
</operation>

<operation id="136" st_id="9" stage="1" lat="1">
<core>NULL</core>
<MemPortIdVec></MemPortIdVec>
<condition id="-1">
<or_exp><and_exp><literal name="icmp_ln45" val="1"/>
</and_exp></or_exp>
</condition>

<Node id="133" bw="0" op_0_bw="0">
<![CDATA[
:15  br label %._crit_edge4

]]></Node>
<StgValue><ssdm name="br_ln50"/></StgValue>
</operation>

<operation id="137" st_id="9" stage="1" lat="1">
<core>AddSub</core>
<MemPortIdVec></MemPortIdVec>
<condition id="-1">
<or_exp><and_exp></and_exp></or_exp>
</condition>

<Node id="135" bw="64" op_0_bw="64" op_1_bw="64">
<![CDATA[
._crit_edge4:0  %e_1 = add i64 %e_0, 1

]]></Node>
<StgValue><ssdm name="e_1"/></StgValue>
</operation>

<operation id="138" st_id="9" stage="1" lat="1">
<core>NULL</core>
<MemPortIdVec></MemPortIdVec>
<condition id="-1">
<or_exp><and_exp></and_exp></or_exp>
</condition>

<Node id="136" bw="0" op_0_bw="0">
<![CDATA[
._crit_edge4:1  br label %5

]]></Node>
<StgValue><ssdm name="br_ln41"/></StgValue>
</operation>
</state>
</state_list>


<ports>
<port id="156" name="nodes_edge_begin" dir="0" iftype="1">
<core>RAM_1P_BRAM</core><StgValue><ssdm name="nodes_edge_begin"/><MemPortTyVec>1 </MemPortTyVec>
</StgValue>
</port>
<port id="157" name="nodes_edge_end" dir="0" iftype="1">
<core>RAM_1P_BRAM</core><StgValue><ssdm name="nodes_edge_end"/><MemPortTyVec>1 </MemPortTyVec>
</StgValue>
</port>
<port id="158" name="edges_0_dst" dir="0" iftype="1">
<core>RAM</core><StgValue><ssdm name="edges_0_dst"/><MemPortTyVec>1 3 </MemPortTyVec>
</StgValue>
</port>
<port id="159" name="edges_1_dst" dir="0" iftype="1">
<core>RAM</core><StgValue><ssdm name="edges_1_dst"/><MemPortTyVec>1 3 </MemPortTyVec>
</StgValue>
</port>
<port id="160" name="starting_node" dir="0" iftype="0">
<core>NULL</core><StgValue><ssdm name="starting_node"/></StgValue>
</port>
<port id="161" name="level_0" dir="2" iftype="1">
<core>RAM</core><StgValue><ssdm name="level_0"/><MemPortTyVec>2 3 </MemPortTyVec>
</StgValue>
</port>
<port id="162" name="level_1" dir="2" iftype="1">
<core>RAM</core><StgValue><ssdm name="level_1"/><MemPortTyVec>2 3 </MemPortTyVec>
</StgValue>
</port>
<port id="163" name="level_counts" dir="2" iftype="1">
<core>RAM_1P_BRAM</core><StgValue><ssdm name="level_counts"/><MemPortTyVec>2 </MemPortTyVec>
</StgValue>
</port>
</ports>


<dataflows>
<dataflow id="165" from="_ssdm_op_SpecBitsMap" to="specbitsmap_ln0" fromId="164" toId="10">
</dataflow>
<dataflow id="166" from="level_1" to="specbitsmap_ln0" fromId="162" toId="10">
</dataflow>
<dataflow id="167" from="_ssdm_op_SpecBitsMap" to="specbitsmap_ln0" fromId="164" toId="11">
</dataflow>
<dataflow id="168" from="level_0" to="specbitsmap_ln0" fromId="161" toId="11">
</dataflow>
<dataflow id="169" from="_ssdm_op_SpecBitsMap" to="specbitsmap_ln0" fromId="164" toId="12">
</dataflow>
<dataflow id="170" from="edges_1_dst" to="specbitsmap_ln0" fromId="159" toId="12">
</dataflow>
<dataflow id="171" from="_ssdm_op_SpecBitsMap" to="specbitsmap_ln0" fromId="164" toId="13">
</dataflow>
<dataflow id="172" from="edges_0_dst" to="specbitsmap_ln0" fromId="158" toId="13">
</dataflow>
<dataflow id="173" from="_ssdm_op_SpecBitsMap" to="specbitsmap_ln0" fromId="164" toId="14">
</dataflow>
<dataflow id="174" from="nodes_edge_begin" to="specbitsmap_ln0" fromId="156" toId="14">
</dataflow>
<dataflow id="175" from="_ssdm_op_SpecBitsMap" to="specbitsmap_ln0" fromId="164" toId="15">
</dataflow>
<dataflow id="176" from="nodes_edge_end" to="specbitsmap_ln0" fromId="157" toId="15">
</dataflow>
<dataflow id="177" from="_ssdm_op_SpecBitsMap" to="specbitsmap_ln0" fromId="164" toId="16">
</dataflow>
<dataflow id="178" from="starting_node" to="specbitsmap_ln0" fromId="160" toId="16">
</dataflow>
<dataflow id="179" from="_ssdm_op_SpecBitsMap" to="specbitsmap_ln0" fromId="164" toId="17">
</dataflow>
<dataflow id="180" from="level_counts" to="specbitsmap_ln0" fromId="163" toId="17">
</dataflow>
<dataflow id="182" from="_ssdm_op_Read.ap_auto.i64" to="starting_node_read" fromId="181" toId="18">
</dataflow>
<dataflow id="183" from="starting_node" to="starting_node_read" fromId="160" toId="18">
</dataflow>
<dataflow id="184" from="level_counts" to="level_counts_addr" fromId="163" toId="19">
</dataflow>
<dataflow id="186" from="StgValue_185" to="level_counts_addr" fromId="185" toId="19">
</dataflow>
<dataflow id="187" from="StgValue_185" to="level_counts_addr" fromId="185" toId="19">
</dataflow>
<dataflow id="189" from="_ssdm_op_SpecTopModule" to="spectopmodule_ln0" fromId="188" toId="20">
</dataflow>
<dataflow id="191" from="bfs_str" to="spectopmodule_ln0" fromId="190" toId="20">
</dataflow>
<dataflow id="193" from="StgValue_192" to="queue" fromId="192" toId="21">
</dataflow>
<dataflow id="195" from="_ssdm_op_SpecMemCore" to="specmemcore_ln17" fromId="194" toId="22">
</dataflow>
<dataflow id="196" from="level_counts" to="specmemcore_ln17" fromId="163" toId="22">
</dataflow>
<dataflow id="198" from="p_str1" to="specmemcore_ln17" fromId="197" toId="22">
</dataflow>
<dataflow id="200" from="p_str2" to="specmemcore_ln17" fromId="199" toId="22">
</dataflow>
<dataflow id="201" from="p_str1" to="specmemcore_ln17" fromId="197" toId="22">
</dataflow>
<dataflow id="203" from="StgValue_202" to="specmemcore_ln17" fromId="202" toId="22">
</dataflow>
<dataflow id="204" from="p_str1" to="specmemcore_ln17" fromId="197" toId="22">
</dataflow>
<dataflow id="205" from="p_str1" to="specmemcore_ln17" fromId="197" toId="22">
</dataflow>
<dataflow id="206" from="p_str1" to="specmemcore_ln17" fromId="197" toId="22">
</dataflow>
<dataflow id="207" from="p_str1" to="specmemcore_ln17" fromId="197" toId="22">
</dataflow>
<dataflow id="208" from="p_str1" to="specmemcore_ln17" fromId="197" toId="22">
</dataflow>
<dataflow id="209" from="_ssdm_op_SpecMemCore" to="specmemcore_ln17" fromId="194" toId="23">
</dataflow>
<dataflow id="210" from="nodes_edge_begin" to="specmemcore_ln17" fromId="156" toId="23">
</dataflow>
<dataflow id="211" from="nodes_edge_end" to="specmemcore_ln17" fromId="157" toId="23">
</dataflow>
<dataflow id="212" from="p_str1" to="specmemcore_ln17" fromId="197" toId="23">
</dataflow>
<dataflow id="213" from="p_str2" to="specmemcore_ln17" fromId="199" toId="23">
</dataflow>
<dataflow id="214" from="p_str1" to="specmemcore_ln17" fromId="197" toId="23">
</dataflow>
<dataflow id="215" from="StgValue_202" to="specmemcore_ln17" fromId="202" toId="23">
</dataflow>
<dataflow id="216" from="p_str1" to="specmemcore_ln17" fromId="197" toId="23">
</dataflow>
<dataflow id="217" from="p_str1" to="specmemcore_ln17" fromId="197" toId="23">
</dataflow>
<dataflow id="218" from="p_str1" to="specmemcore_ln17" fromId="197" toId="23">
</dataflow>
<dataflow id="219" from="p_str1" to="specmemcore_ln17" fromId="197" toId="23">
</dataflow>
<dataflow id="220" from="p_str1" to="specmemcore_ln17" fromId="197" toId="23">
</dataflow>
<dataflow id="221" from="starting_node_read" to="trunc_ln30" fromId="18" toId="24">
</dataflow>
<dataflow id="223" from="_ssdm_op_PartSelect.i9.i64.i32.i32" to="lshr_ln" fromId="222" toId="25">
</dataflow>
<dataflow id="224" from="starting_node_read" to="lshr_ln" fromId="18" toId="25">
</dataflow>
<dataflow id="226" from="StgValue_225" to="lshr_ln" fromId="225" toId="25">
</dataflow>
<dataflow id="228" from="StgValue_227" to="lshr_ln" fromId="227" toId="25">
</dataflow>
<dataflow id="229" from="lshr_ln" to="zext_ln30" fromId="25" toId="26">
</dataflow>
<dataflow id="230" from="level_0" to="level_0_addr" fromId="161" toId="27">
</dataflow>
<dataflow id="231" from="StgValue_185" to="level_0_addr" fromId="185" toId="27">
</dataflow>
<dataflow id="232" from="zext_ln30" to="level_0_addr" fromId="26" toId="27">
</dataflow>
<dataflow id="233" from="level_1" to="level_1_addr" fromId="162" toId="28">
</dataflow>
<dataflow id="234" from="StgValue_185" to="level_1_addr" fromId="185" toId="28">
</dataflow>
<dataflow id="235" from="zext_ln30" to="level_1_addr" fromId="26" toId="28">
</dataflow>
<dataflow id="236" from="trunc_ln30" to="br_ln30" fromId="24" toId="29">
</dataflow>
<dataflow id="238" from="StgValue_237" to="store_ln30" fromId="237" toId="30">
</dataflow>
<dataflow id="239" from="level_0_addr" to="store_ln30" fromId="27" toId="30">
</dataflow>
<dataflow id="240" from="StgValue_237" to="store_ln30" fromId="237" toId="32">
</dataflow>
<dataflow id="241" from="level_1_addr" to="store_ln30" fromId="28" toId="32">
</dataflow>
<dataflow id="242" from="StgValue_225" to="q_in_0" fromId="225" toId="34">
</dataflow>
<dataflow id="243" from="StgValue_192" to="store_ln31" fromId="192" toId="35">
</dataflow>
<dataflow id="244" from="level_counts_addr" to="store_ln31" fromId="19" toId="35">
</dataflow>
<dataflow id="245" from="queue" to="queue_addr" fromId="21" toId="36">
</dataflow>
<dataflow id="246" from="StgValue_185" to="queue_addr" fromId="185" toId="36">
</dataflow>
<dataflow id="247" from="StgValue_185" to="queue_addr" fromId="185" toId="36">
</dataflow>
<dataflow id="248" from="starting_node_read" to="store_ln32" fromId="18" toId="37">
</dataflow>
<dataflow id="249" from="queue_addr" to="store_ln32" fromId="36" toId="37">
</dataflow>
<dataflow id="251" from="StgValue_250" to="store_ln34" fromId="250" toId="38">
</dataflow>
<dataflow id="252" from="q_in_0" to="store_ln34" fromId="34" toId="38">
</dataflow>
<dataflow id="253" from="StgValue_237" to="q_out_0" fromId="237" toId="40">
<condition id="-1">
<or_exp><and_exp></and_exp></or_exp>
</condition>
</dataflow>
<dataflow id="254" from="br_ln34" to="q_out_0" fromId="39" toId="40">
</dataflow>
<dataflow id="255" from="q_out" to="q_out_0" fromId="44" toId="40">
<BackEdge/>
<condition id="-1">
<or_exp><and_exp><literal name="icmp_ln41" val="0"/>
</and_exp></or_exp>
</condition>
</dataflow>
<dataflow id="256" from="br_ln34" to="q_out_0" fromId="91" toId="40">
<BackEdge/>
</dataflow>
<dataflow id="258" from="StgValue_257" to="dummy_0" fromId="257" toId="41">
<condition id="-1">
<or_exp><and_exp></and_exp></or_exp>
</condition>
</dataflow>
<dataflow id="259" from="br_ln34" to="dummy_0" fromId="39" toId="41">
</dataflow>
<dataflow id="260" from="dummy" to="dummy_0" fromId="90" toId="41">
<BackEdge/>
<condition id="-1">
<or_exp><and_exp><literal name="icmp_ln41" val="0"/>
</and_exp></or_exp>
</condition>
</dataflow>
<dataflow id="261" from="br_ln34" to="dummy_0" fromId="91" toId="41">
<BackEdge/>
</dataflow>
<dataflow id="263" from="_ssdm_op_BitSelect.i1.i9.i32" to="tmp_1" fromId="262" toId="42">
</dataflow>
<dataflow id="264" from="dummy_0" to="tmp_1" fromId="41" toId="42">
</dataflow>
<dataflow id="266" from="StgValue_265" to="tmp_1" fromId="265" toId="42">
</dataflow>
<dataflow id="268" from="_ssdm_op_SpecLoopTripCount" to="empty" fromId="267" toId="43">
</dataflow>
<dataflow id="269" from="StgValue_192" to="empty" fromId="192" toId="43">
</dataflow>
<dataflow id="271" from="StgValue_270" to="empty" fromId="270" toId="43">
</dataflow>
<dataflow id="273" from="StgValue_272" to="empty" fromId="272" toId="43">
</dataflow>
<dataflow id="274" from="q_out_0" to="q_out" fromId="40" toId="44">
</dataflow>
<dataflow id="276" from="StgValue_275" to="q_out" fromId="275" toId="44">
</dataflow>
<dataflow id="277" from="tmp_1" to="br_ln34" fromId="42" toId="45">
</dataflow>
<dataflow id="278" from="q_in_0" to="q_in_0_load" fromId="34" toId="46">
</dataflow>
<dataflow id="279" from="q_out_0" to="zext_ln34" fromId="40" toId="47">
</dataflow>
<dataflow id="280" from="q_out_0" to="zext_ln34_1" fromId="40" toId="48">
</dataflow>
<dataflow id="282" from="_ssdm_op_SpecLoopName" to="specloopname_ln34" fromId="281" toId="49">
</dataflow>
<dataflow id="284" from="p_str3" to="specloopname_ln34" fromId="283" toId="49">
</dataflow>
<dataflow id="286" from="_ssdm_op_SpecRegionBegin" to="tmp" fromId="285" toId="50">
</dataflow>
<dataflow id="287" from="p_str3" to="tmp" fromId="283" toId="50">
</dataflow>
<dataflow id="289" from="_ssdm_op_SpecPipeline" to="specpipeline_ln35" fromId="288" toId="51">
</dataflow>
<dataflow id="290" from="StgValue_202" to="specpipeline_ln35" fromId="202" toId="51">
</dataflow>
<dataflow id="291" from="StgValue_225" to="specpipeline_ln35" fromId="225" toId="51">
</dataflow>
<dataflow id="292" from="StgValue_225" to="specpipeline_ln35" fromId="225" toId="51">
</dataflow>
<dataflow id="294" from="StgValue_293" to="specpipeline_ln35" fromId="293" toId="51">
</dataflow>
<dataflow id="295" from="p_str1" to="specpipeline_ln35" fromId="197" toId="51">
</dataflow>
<dataflow id="296" from="q_in_0_load" to="icmp_ln35" fromId="46" toId="52">
</dataflow>
<dataflow id="297" from="zext_ln34_1" to="icmp_ln35" fromId="48" toId="52">
</dataflow>
<dataflow id="298" from="icmp_ln35" to="br_ln35" fromId="52" toId="53">
</dataflow>
<dataflow id="299" from="q_in_0_load" to="icmp_ln35_2" fromId="46" toId="54">
</dataflow>
<dataflow id="300" from="StgValue_185" to="icmp_ln35_2" fromId="185" toId="54">
</dataflow>
<dataflow id="301" from="q_out_0" to="icmp_ln35_3" fromId="40" toId="55">
</dataflow>
<dataflow id="303" from="StgValue_302" to="icmp_ln35_3" fromId="302" toId="55">
</dataflow>
<dataflow id="304" from="icmp_ln35_2" to="and_ln35" fromId="54" toId="56">
</dataflow>
<dataflow id="305" from="icmp_ln35_3" to="and_ln35" fromId="55" toId="56">
</dataflow>
<dataflow id="306" from="and_ln35" to="br_ln35" fromId="56" toId="57">
</dataflow>
<dataflow id="307" from="zext_ln34" to="add_ln35" fromId="47" toId="58">
</dataflow>
<dataflow id="309" from="StgValue_308" to="add_ln35" fromId="308" toId="58">
</dataflow>
<dataflow id="310" from="add_ln35" to="zext_ln35" fromId="58" toId="59">
</dataflow>
<dataflow id="311" from="q_in_0_load" to="icmp_ln35_1" fromId="46" toId="60">
</dataflow>
<dataflow id="312" from="zext_ln35" to="icmp_ln35_1" fromId="59" toId="60">
</dataflow>
<dataflow id="313" from="icmp_ln35_1" to="br_ln35" fromId="60" toId="61">
</dataflow>
<dataflow id="314" from="queue" to="queue_addr_1" fromId="21" toId="62">
</dataflow>
<dataflow id="315" from="StgValue_185" to="queue_addr_1" fromId="185" toId="62">
</dataflow>
<dataflow id="316" from="zext_ln34_1" to="queue_addr_1" fromId="48" toId="62">
</dataflow>
<dataflow id="317" from="queue_addr_1" to="n" fromId="62" toId="63">
</dataflow>
<dataflow id="318" from="queue_addr_1" to="n" fromId="62" toId="67">
</dataflow>
<dataflow id="319" from="nodes_edge_begin" to="nodes_edge_begin_add" fromId="156" toId="68">
</dataflow>
<dataflow id="320" from="StgValue_185" to="nodes_edge_begin_add" fromId="185" toId="68">
</dataflow>
<dataflow id="321" from="n" to="nodes_edge_begin_add" fromId="67" toId="68">
</dataflow>
<dataflow id="322" from="nodes_edge_begin_add" to="tmp_begin" fromId="68" toId="69">
</dataflow>
<dataflow id="323" from="nodes_edge_end" to="nodes_edge_end_addr" fromId="157" toId="70">
</dataflow>
<dataflow id="324" from="StgValue_185" to="nodes_edge_end_addr" fromId="185" toId="70">
</dataflow>
<dataflow id="325" from="n" to="nodes_edge_end_addr" fromId="67" toId="70">
</dataflow>
<dataflow id="326" from="nodes_edge_end_addr" to="tmp_end" fromId="70" toId="71">
</dataflow>
<dataflow id="327" from="n" to="trunc_ln46" fromId="67" toId="72">
</dataflow>
<dataflow id="328" from="_ssdm_op_PartSelect.i9.i64.i32.i32" to="lshr_ln1" fromId="222" toId="73">
</dataflow>
<dataflow id="329" from="n" to="lshr_ln1" fromId="67" toId="73">
</dataflow>
<dataflow id="330" from="StgValue_225" to="lshr_ln1" fromId="225" toId="73">
</dataflow>
<dataflow id="331" from="StgValue_227" to="lshr_ln1" fromId="227" toId="73">
</dataflow>
<dataflow id="332" from="nodes_edge_begin_add" to="tmp_begin" fromId="68" toId="74">
</dataflow>
<dataflow id="333" from="nodes_edge_end_addr" to="tmp_end" fromId="70" toId="75">
</dataflow>
<dataflow id="334" from="lshr_ln1" to="zext_ln46" fromId="73" toId="76">
</dataflow>
<dataflow id="335" from="level_0" to="level_0_addr_1" fromId="161" toId="77">
</dataflow>
<dataflow id="336" from="StgValue_185" to="level_0_addr_1" fromId="185" toId="77">
</dataflow>
<dataflow id="337" from="zext_ln46" to="level_0_addr_1" fromId="76" toId="77">
</dataflow>
<dataflow id="338" from="level_1" to="level_1_addr_1" fromId="162" toId="78">
</dataflow>
<dataflow id="339" from="StgValue_185" to="level_1_addr_1" fromId="185" toId="78">
</dataflow>
<dataflow id="340" from="zext_ln46" to="level_1_addr_1" fromId="76" toId="78">
</dataflow>
<dataflow id="341" from="tmp_begin" to="e_0" fromId="74" toId="80">
<condition id="-1">
<or_exp><and_exp></and_exp></or_exp>
</condition>
</dataflow>
<dataflow id="342" from="br_ln41" to="e_0" fromId="79" toId="80">
</dataflow>
<dataflow id="343" from="e_1" to="e_0" fromId="137" toId="80">
<BackEdge/>
<condition id="-1">
<or_exp><and_exp></and_exp></or_exp>
</condition>
</dataflow>
<dataflow id="344" from="br_ln41" to="e_0" fromId="138" toId="80">
<BackEdge/>
</dataflow>
<dataflow id="345" from="e_0" to="icmp_ln41" fromId="80" toId="81">
</dataflow>
<dataflow id="346" from="tmp_end" to="icmp_ln41" fromId="75" toId="81">
</dataflow>
<dataflow id="347" from="icmp_ln41" to="br_ln41" fromId="81" toId="82">
</dataflow>
<dataflow id="349" from="_ssdm_op_PartSelect.i13.i64.i32.i32" to="lshr_ln2" fromId="348" toId="83">
</dataflow>
<dataflow id="350" from="e_0" to="lshr_ln2" fromId="80" toId="83">
</dataflow>
<dataflow id="351" from="StgValue_225" to="lshr_ln2" fromId="225" toId="83">
</dataflow>
<dataflow id="353" from="StgValue_352" to="lshr_ln2" fromId="352" toId="83">
</dataflow>
<dataflow id="354" from="lshr_ln2" to="zext_ln42" fromId="83" toId="84">
</dataflow>
<dataflow id="355" from="edges_0_dst" to="edges_0_dst_addr" fromId="158" toId="85">
</dataflow>
<dataflow id="356" from="StgValue_185" to="edges_0_dst_addr" fromId="185" toId="85">
</dataflow>
<dataflow id="357" from="zext_ln42" to="edges_0_dst_addr" fromId="84" toId="85">
</dataflow>
<dataflow id="358" from="edges_1_dst" to="edges_1_dst_addr" fromId="159" toId="86">
</dataflow>
<dataflow id="359" from="StgValue_185" to="edges_1_dst_addr" fromId="185" toId="86">
</dataflow>
<dataflow id="360" from="zext_ln42" to="edges_1_dst_addr" fromId="84" toId="86">
</dataflow>
<dataflow id="361" from="edges_1_dst_addr" to="edges_1_dst_load" fromId="86" toId="87">
</dataflow>
<dataflow id="362" from="edges_0_dst_addr" to="edges_0_dst_load" fromId="85" toId="88">
</dataflow>
<dataflow id="364" from="_ssdm_op_SpecRegionEnd" to="empty_5" fromId="363" toId="89">
</dataflow>
<dataflow id="365" from="p_str3" to="empty_5" fromId="283" toId="89">
</dataflow>
<dataflow id="366" from="tmp" to="empty_5" fromId="50" toId="89">
</dataflow>
<dataflow id="367" from="dummy_0" to="dummy" fromId="41" toId="90">
</dataflow>
<dataflow id="368" from="StgValue_308" to="dummy" fromId="308" toId="90">
</dataflow>
<dataflow id="369" from="e_0" to="trunc_ln42" fromId="80" toId="92">
</dataflow>
<dataflow id="370" from="edges_1_dst_addr" to="edges_1_dst_load" fromId="86" toId="93">
</dataflow>
<dataflow id="371" from="edges_0_dst_addr" to="edges_0_dst_load" fromId="85" toId="94">
</dataflow>
<dataflow id="372" from="trunc_ln42" to="tmp_dst" fromId="92" toId="95">
</dataflow>
<dataflow id="373" from="edges_1_dst_load" to="tmp_dst" fromId="93" toId="95">
</dataflow>
<dataflow id="374" from="edges_0_dst_load" to="tmp_dst" fromId="94" toId="95">
</dataflow>
<dataflow id="375" from="tmp_dst" to="trunc_ln43" fromId="95" toId="96">
</dataflow>
<dataflow id="376" from="_ssdm_op_PartSelect.i9.i64.i32.i32" to="lshr_ln3" fromId="222" toId="97">
</dataflow>
<dataflow id="377" from="tmp_dst" to="lshr_ln3" fromId="95" toId="97">
</dataflow>
<dataflow id="378" from="StgValue_225" to="lshr_ln3" fromId="225" toId="97">
</dataflow>
<dataflow id="379" from="StgValue_227" to="lshr_ln3" fromId="227" toId="97">
</dataflow>
<dataflow id="380" from="lshr_ln3" to="zext_ln43" fromId="97" toId="98">
</dataflow>
<dataflow id="381" from="level_0" to="level_0_addr_2" fromId="161" toId="99">
</dataflow>
<dataflow id="382" from="StgValue_185" to="level_0_addr_2" fromId="185" toId="99">
</dataflow>
<dataflow id="383" from="zext_ln43" to="level_0_addr_2" fromId="98" toId="99">
</dataflow>
<dataflow id="384" from="level_1" to="level_1_addr_2" fromId="162" toId="100">
</dataflow>
<dataflow id="385" from="StgValue_185" to="level_1_addr_2" fromId="185" toId="100">
</dataflow>
<dataflow id="386" from="zext_ln43" to="level_1_addr_2" fromId="98" toId="100">
</dataflow>
<dataflow id="387" from="level_1_addr_2" to="level_1_load" fromId="100" toId="101">
</dataflow>
<dataflow id="388" from="level_0_addr_2" to="level_0_load" fromId="99" toId="102">
</dataflow>
<dataflow id="389" from="_ssdm_op_SpecLoopName" to="specloopname_ln41" fromId="281" toId="103">
</dataflow>
<dataflow id="391" from="p_str4" to="specloopname_ln41" fromId="390" toId="103">
</dataflow>
<dataflow id="392" from="level_1_addr_2" to="level_1_load" fromId="100" toId="104">
</dataflow>
<dataflow id="393" from="level_0_addr_2" to="level_0_load" fromId="99" toId="105">
</dataflow>
<dataflow id="394" from="trunc_ln43" to="tmp_level" fromId="96" toId="106">
</dataflow>
<dataflow id="395" from="level_1_load" to="tmp_level" fromId="104" toId="106">
</dataflow>
<dataflow id="396" from="level_0_load" to="tmp_level" fromId="105" toId="106">
</dataflow>
<dataflow id="397" from="tmp_level" to="icmp_ln45" fromId="106" toId="107">
</dataflow>
<dataflow id="399" from="StgValue_398" to="icmp_ln45" fromId="398" toId="107">
</dataflow>
<dataflow id="400" from="icmp_ln45" to="br_ln45" fromId="107" toId="108">
</dataflow>
<dataflow id="401" from="level_1_addr_1" to="level_1_load_1" fromId="78" toId="109">
</dataflow>
<dataflow id="402" from="level_0_addr_1" to="level_0_load_1" fromId="77" toId="110">
</dataflow>
<dataflow id="403" from="level_1_addr_1" to="level_1_load_1" fromId="78" toId="111">
</dataflow>
<dataflow id="404" from="level_0_addr_1" to="level_0_load_1" fromId="77" toId="112">
</dataflow>
<dataflow id="405" from="trunc_ln46" to="select_ln46" fromId="72" toId="113">
</dataflow>
<dataflow id="406" from="level_1_load_1" to="select_ln46" fromId="111" toId="113">
</dataflow>
<dataflow id="407" from="level_0_load_1" to="select_ln46" fromId="112" toId="113">
</dataflow>
<dataflow id="408" from="select_ln46" to="tmp_level_1" fromId="113" toId="114">
</dataflow>
<dataflow id="409" from="StgValue_275" to="tmp_level_1" fromId="275" toId="114">
</dataflow>
<dataflow id="410" from="trunc_ln43" to="br_ln47" fromId="96" toId="115">
</dataflow>
<dataflow id="411" from="tmp_level_1" to="store_ln47" fromId="114" toId="116">
</dataflow>
<dataflow id="412" from="level_0_addr_2" to="store_ln47" fromId="99" toId="116">
</dataflow>
<dataflow id="413" from="tmp_level_1" to="store_ln47" fromId="114" toId="118">
</dataflow>
<dataflow id="414" from="level_1_addr_2" to="store_ln47" fromId="100" toId="118">
</dataflow>
<dataflow id="415" from="q_in_0" to="q_in_0_load_1" fromId="34" toId="120">
</dataflow>
<dataflow id="416" from="tmp_level_1" to="sext_ln48" fromId="114" toId="121">
</dataflow>
<dataflow id="417" from="level_counts" to="level_counts_addr_1" fromId="163" toId="122">
</dataflow>
<dataflow id="418" from="StgValue_185" to="level_counts_addr_1" fromId="185" toId="122">
</dataflow>
<dataflow id="419" from="sext_ln48" to="level_counts_addr_1" fromId="121" toId="122">
</dataflow>
<dataflow id="420" from="level_counts_addr_1" to="level_counts_load" fromId="122" toId="123">
</dataflow>
<dataflow id="421" from="q_in_0_load_1" to="icmp_ln49" fromId="120" toId="124">
</dataflow>
<dataflow id="422" from="StgValue_185" to="icmp_ln49" fromId="185" toId="124">
</dataflow>
<dataflow id="424" from="StgValue_423" to="add_ln49" fromId="423" toId="125">
</dataflow>
<dataflow id="425" from="q_in_0_load_1" to="add_ln49" fromId="120" toId="125">
</dataflow>
<dataflow id="426" from="icmp_ln49" to="select_ln49" fromId="124" toId="126">
</dataflow>
<dataflow id="428" from="StgValue_427" to="select_ln49" fromId="427" toId="126">
</dataflow>
<dataflow id="429" from="add_ln49" to="select_ln49" fromId="125" toId="126">
</dataflow>
<dataflow id="430" from="queue" to="queue_addr_2" fromId="21" toId="127">
</dataflow>
<dataflow id="431" from="StgValue_185" to="queue_addr_2" fromId="185" toId="127">
</dataflow>
<dataflow id="432" from="select_ln49" to="queue_addr_2" fromId="126" toId="127">
</dataflow>
<dataflow id="433" from="tmp_dst" to="store_ln49" fromId="95" toId="128">
</dataflow>
<dataflow id="434" from="queue_addr_2" to="store_ln49" fromId="127" toId="128">
</dataflow>
<dataflow id="435" from="q_in_0_load_1" to="trunc_ln49" fromId="120" toId="129">
</dataflow>
<dataflow id="436" from="StgValue_275" to="q_in" fromId="275" toId="130">
</dataflow>
<dataflow id="437" from="trunc_ln49" to="q_in" fromId="129" toId="130">
</dataflow>
<dataflow id="438" from="q_in" to="zext_ln49" fromId="130" toId="131">
</dataflow>
<dataflow id="439" from="zext_ln49" to="store_ln50" fromId="131" toId="132">
</dataflow>
<dataflow id="440" from="q_in_0" to="store_ln50" fromId="34" toId="132">
</dataflow>
<dataflow id="441" from="level_counts_addr_1" to="level_counts_load" fromId="122" toId="133">
</dataflow>
<dataflow id="442" from="StgValue_192" to="add_ln48" fromId="192" toId="134">
</dataflow>
<dataflow id="443" from="level_counts_load" to="add_ln48" fromId="133" toId="134">
</dataflow>
<dataflow id="444" from="add_ln48" to="store_ln48" fromId="134" toId="135">
</dataflow>
<dataflow id="445" from="level_counts_addr_1" to="store_ln48" fromId="122" toId="135">
</dataflow>
<dataflow id="446" from="e_0" to="e_1" fromId="80" toId="137">
</dataflow>
<dataflow id="447" from="StgValue_192" to="e_1" fromId="192" toId="137">
</dataflow>
<dataflow id="448" from="trunc_ln30" to="StgValue_1" fromId="24" toId="1">
</dataflow>
<dataflow id="449" from="tmp_1" to="StgValue_2" fromId="42" toId="2">
</dataflow>
<dataflow id="450" from="icmp_ln35" to="StgValue_2" fromId="52" toId="2">
</dataflow>
<dataflow id="451" from="and_ln35" to="StgValue_2" fromId="56" toId="2">
</dataflow>
<dataflow id="452" from="icmp_ln35_1" to="StgValue_2" fromId="60" toId="2">
</dataflow>
<dataflow id="453" from="trunc_ln46" to="StgValue_4" fromId="72" toId="4">
</dataflow>
<dataflow id="454" from="icmp_ln41" to="StgValue_5" fromId="81" toId="5">
</dataflow>
<dataflow id="455" from="icmp_ln45" to="StgValue_7" fromId="107" toId="7">
</dataflow>
<dataflow id="456" from="trunc_ln46" to="StgValue_7" fromId="72" toId="7">
</dataflow>
<dataflow id="457" from="trunc_ln46" to="StgValue_8" fromId="72" toId="8">
</dataflow>
<dataflow id="458" from="trunc_ln43" to="StgValue_8" fromId="96" toId="8">
</dataflow>
<dataflow id="459" from="icmp_ln45" to="StgValue_9" fromId="107" toId="9">
</dataflow>
</dataflows>


</stg>
