{"sourceFile": [{
      "name": "",
      "directive": [
        {
          "functionName": "bfs",
          "label": "",
          "functionLabel": "",
          "pragma": {
            "name": "ARRAY_PARTITION",
            "option": [
              {
                "name": "variable",
                "value": "nodes",
                "positionalBoolean": "4"
              },
              {
                "name": "cyclic",
                "value": "",
                "positionalBoolean": "type"
              },
              {
                "name": "factor",
                "value": "2"
              },
              {
                "name": "dim",
                "value": "1"
              }
            ]
          }
        },
        {
          "functionName": "bfs",
          "label": "init_horizions",
          "functionLabel": "",
          "pragma": {"name": "PIPELINE"}
        },
        {
          "functionName": "bfs",
          "label": "",
          "functionLabel": "",
          "pragma": {
            "name": "ARRAY_PARTITION",
            "option": [
              {
                "name": "variable",
                "value": "edges",
                "positionalBoolean": "4"
              },
              {
                "name": "cyclic",
                "value": "",
                "positionalBoolean": "type"
              },
              {
                "name": "factor",
                "value": "2"
              },
              {
                "name": "dim",
                "value": "1"
              }
            ]
          }
        },
        {
          "functionName": "bfs",
          "label": "init_levels",
          "functionLabel": "",
          "pragma": {"name": "PIPELINE"}
        },
        {
          "functionName": "bfs",
          "label": "",
          "functionLabel": "",
          "pragma": {
            "name": "ARRAY_PARTITION",
            "option": [
              {
                "name": "variable",
                "value": "level",
                "positionalBoolean": "4"
              },
              {
                "name": "cyclic",
                "value": "",
                "positionalBoolean": "type"
              },
              {
                "name": "factor",
                "value": "2"
              },
              {
                "name": "dim",
                "value": "1"
              }
            ]
          }
        },
        {
          "functionName": "bfs",
          "label": "loop_queue",
          "functionLabel": "",
          "pragma": {"name": "PIPELINE"}
        },
        {
          "functionName": "bfs",
          "label": "",
          "functionLabel": "",
          "pragma": {
            "name": "RESOURCE",
            "option": [
              {
                "name": "variable",
                "value": "level_counts",
                "positionalBoolean": "4"
              },
              {
                "name": "core",
                "value": "RAM_1P_BRAM"
              }
            ]
          }
        },
        {
          "functionName": "bfs",
          "label": "loop_neighbors",
          "functionLabel": "",
          "pragma": {
            "name": "UNROLL",
            "option": [{
                "name": "factor",
                "value": "2"
              }]
          }
        }
      ]
    }]}
