<profile>

<section name = "Vivado HLS Report for 'bfs'" level="0">
<item name = "Date">Fri Dec  1 00:55:36 2023
</item>
<item name = "Version">2019.2.1 (Build 2724168 on Thu Dec 05 05:19:09 MST 2019)</item>
<item name = "Project">bfs_syn</item>
<item name = "Solution">solution12</item>
<item name = "Product family">virtex7</item>
<item name = "Target device">xc7v585t-ffg1761-2</item>
</section>

<section name = "Performance Estimates" level="0">
<item name = "Timing">
<section name = "" level="1">
<item name = "Summary"><table name="" hasTotal="0">
<keys size="4">Clock, Target, Estimated, Uncertainty</keys>
<column name="ap_clk">10.00 ns, 6.346 ns, 1.25 ns</column>
</table>
</item>
</section>
</item>
<item name = "Latency">
<section name = "" level="1">
<item name = "Summary"><table name="" hasTotal="0">
<keys size="8">, min, max, min, max, min, max, Type</keys>
<column name="">?, ?, ?, ?, ?, ?, none</column>
</table>
</item>
<item name = "Detail">
<section name = "" level="1">
<item name = "Instance"><table name="" hasTotal="0">
<keys size="9">Instance, Module, min, max, min, max, min, max, Type</keys>
</table>
</item>
<item name = "Loop"><table name="" hasTotal="0">
<keys size="8">Loop Name, min, max, Latency, achieved, target, Count, Pipelined</keys>
<column name="- loop_queue">?, ?, ?, -, -, 1 ~ 128, no</column>
<column name=" + loop_neighbors">?, ?, 8 ~ 10, -, -, ?, no</column>
<column name=" + loop_neighbors">?, ?, 7 ~ 9, -, -, ?, no</column>
</table>
</item>
</section>
</item>
</section>
</item>
</section>

<section name = "Utilization Estimates" level="0">
<item name = "Summary"><table name="" hasTotal="1">
<keys size="6">Name, BRAM_18K, DSP48E, FF, LUT, URAM</keys>
<column name="DSP">-, -, -, -, -</column>
<column name="Expression">-, -, 0, 1988, -</column>
<column name="FIFO">-, -, -, -, -</column>
<column name="Instance">-, -, -, -, -</column>
<column name="Memory">2, -, 0, 0, 0</column>
<column name="Multiplexer">-, -, -, 596, -</column>
<column name="Register">-, -, 1310, -, -</column>
<specialColumn name="Available">1590, 1260, 728400, 364200, 0</specialColumn>
<specialColumn name="Utilization (%)">~0, 0, ~0, ~0, 0</specialColumn>
</table>
</item>
<item name = "Detail">
<section name = "" level="1">
<item name = "Instance"><table name="" hasTotal="1">
<keys size="7">Instance, Module, BRAM_18K, DSP48E, FF, LUT, URAM</keys>
</table>
</item>
<item name = "DSP48E"><table name="" hasTotal="0">
<keys size="3">Instance, Module, Expression</keys>
</table>
</item>
<item name = "Memory"><table name="" hasTotal="1">
<keys size="10">Memory, Module, BRAM_18K, FF, LUT, URAM, Words, Bits, Banks, W*Bits*Banks</keys>
<column name="queue_U">bfs_queue, 2, 0, 0, 0, 256, 64, 1, 16384</column>
</table>
</item>
<item name = "FIFO"><table name="" hasTotal="1">
<keys size="8">Name, BRAM_18K, FF, LUT, URAM, Depth, Bits, Size:D*B</keys>
</table>
</item>
<item name = "Expression"><table name="" hasTotal="1">
<keys size="7">Variable Name, Operation, DSP48E, FF, LUT, Bitwidth P0, Bitwidth P1</keys>
<column name="add_ln34_fu_1042_p2">+, 0, 0, 16, 9, 2</column>
<column name="add_ln35_fu_829_p2">+, 0, 0, 16, 9, 1</column>
<column name="add_ln38_fu_844_p2">+, 0, 0, 15, 2, 8</column>
<column name="add_ln41_1_fu_898_p2">+, 0, 0, 71, 64, 2</column>
<column name="add_ln41_2_fu_1005_p2">+, 0, 0, 71, 1, 64</column>
<column name="add_ln41_3_fu_1097_p2">+, 0, 0, 71, 64, 2</column>
<column name="add_ln41_4_fu_780_p2">+, 0, 0, 21, 1, 14</column>
<column name="add_ln41_5_fu_1015_p2">+, 0, 0, 21, 1, 14</column>
<column name="add_ln41_fu_770_p2">+, 0, 0, 71, 1, 64</column>
<column name="add_ln49_1_fu_759_p2">+, 0, 0, 15, 1, 8</column>
<column name="add_ln49_2_fu_864_p2">+, 0, 0, 71, 2, 64</column>
<column name="add_ln49_3_fu_888_p2">+, 0, 0, 15, 1, 8</column>
<column name="add_ln49_4_fu_970_p2">+, 0, 0, 71, 2, 64</column>
<column name="add_ln49_5_fu_994_p2">+, 0, 0, 15, 1, 8</column>
<column name="add_ln49_6_fu_1062_p2">+, 0, 0, 71, 2, 64</column>
<column name="add_ln49_7_fu_1086_p2">+, 0, 0, 15, 1, 8</column>
<column name="add_ln49_fu_735_p2">+, 0, 0, 71, 2, 64</column>
<column name="grp_fu_598_p2">+, 0, 0, 15, 1, 8</column>
<column name="grp_fu_605_p2">+, 0, 0, 71, 1, 64</column>
<column name="and_ln35_fu_823_p2">and, 0, 0, 2, 1, 1</column>
<column name="grp_fu_592_p2">icmp, 0, 0, 11, 8, 7</column>
<column name="icmp_ln35_1_fu_649_p2">icmp, 0, 0, 29, 64, 64</column>
<column name="icmp_ln35_2_fu_807_p2">icmp, 0, 0, 29, 64, 64</column>
<column name="icmp_ln35_3_fu_838_p2">icmp, 0, 0, 29, 64, 64</column>
<column name="icmp_ln35_4_fu_812_p2">icmp, 0, 0, 29, 64, 1</column>
<column name="icmp_ln35_5_fu_818_p2">icmp, 0, 0, 11, 8, 2</column>
<column name="icmp_ln35_fu_625_p2">icmp, 0, 0, 29, 64, 64</column>
<column name="icmp_ln41_1_fu_786_p2">icmp, 0, 0, 29, 64, 64</column>
<column name="icmp_ln41_2_fu_930_p2">icmp, 0, 0, 29, 64, 64</column>
<column name="icmp_ln41_3_fu_1021_p2">icmp, 0, 0, 29, 64, 64</column>
<column name="icmp_ln41_fu_695_p2">icmp, 0, 0, 29, 64, 64</column>
<column name="icmp_ln49_1_fu_858_p2">icmp, 0, 0, 29, 64, 1</column>
<column name="icmp_ln49_2_fu_964_p2">icmp, 0, 0, 29, 64, 1</column>
<column name="icmp_ln49_3_fu_1056_p2">icmp, 0, 0, 29, 64, 1</column>
<column name="icmp_ln49_fu_729_p2">icmp, 0, 0, 29, 64, 1</column>
<column name="or_ln35_fu_631_p2">or, 0, 0, 8, 8, 1</column>
<column name="or_ln38_fu_667_p2">or, 0, 0, 8, 8, 1</column>
<column name="select_ln39_1_fu_688_p3">select, 0, 0, 64, 1, 64</column>
<column name="select_ln39_2_fu_916_p3">select, 0, 0, 64, 1, 64</column>
<column name="select_ln39_3_fu_923_p3">select, 0, 0, 64, 1, 64</column>
<column name="select_ln39_fu_681_p3">select, 0, 0, 64, 1, 64</column>
<column name="select_ln42_1_fu_850_p3">select, 0, 0, 64, 1, 64</column>
<column name="select_ln42_2_fu_955_p3">select, 0, 0, 64, 1, 64</column>
<column name="select_ln42_3_fu_1048_p3">select, 0, 0, 64, 1, 64</column>
<column name="select_ln42_fu_720_p3">select, 0, 0, 64, 1, 64</column>
<column name="select_ln49_1_fu_870_p3">select, 0, 0, 64, 1, 8</column>
<column name="select_ln49_2_fu_976_p3">select, 0, 0, 64, 1, 8</column>
<column name="select_ln49_3_fu_1068_p3">select, 0, 0, 64, 1, 8</column>
<column name="select_ln49_fu_741_p3">select, 0, 0, 64, 1, 8</column>
</table>
</item>
<item name = "Multiplexer"><table name="" hasTotal="1">
<keys size="5">Name, LUT, Input Size, Bits, Total Bits</keys>
<column name="ap_NS_fsm">125, 27, 1, 27</column>
<column name="ap_phi_mux_q_in_1_lcssa_0_phi_fu_504_p4">9, 2, 64, 128</column>
<column name="ap_phi_mux_q_in_2_0_0_phi_fu_493_p4">9, 2, 64, 128</column>
<column name="ap_phi_mux_q_in_2_1_0_phi_fu_549_p4">9, 2, 64, 128</column>
<column name="ap_phi_mux_q_in_2_1_1_phi_fu_561_p4">9, 2, 64, 128</column>
<column name="dummy_0_0_reg_457">9, 2, 9, 18</column>
<column name="e_0_0_0_reg_480">9, 2, 64, 128</column>
<column name="e_0_1_0_reg_536">9, 2, 64, 128</column>
<column name="edges_0_dst_address0">27, 5, 11, 55</column>
<column name="edges_1_dst_address0">27, 5, 11, 55</column>
<column name="level_address0">53, 12, 8, 96</column>
<column name="level_counts_address0">47, 10, 4, 40</column>
<column name="level_counts_d0">15, 3, 64, 192</column>
<column name="level_d0">15, 3, 8, 24</column>
<column name="nodes_0_edge_begin_address0">15, 3, 7, 21</column>
<column name="nodes_0_edge_end_address0">15, 3, 7, 21</column>
<column name="nodes_1_edge_begin_address0">15, 3, 7, 21</column>
<column name="nodes_1_edge_end_address0">15, 3, 7, 21</column>
<column name="q_in_0_0_reg_433">9, 2, 64, 128</column>
<column name="q_in_1_0_0_reg_469">9, 2, 64, 128</column>
<column name="q_in_1_1_0_reg_525">9, 2, 64, 128</column>
<column name="q_in_1_lcssa_0_reg_501">9, 2, 64, 128</column>
<column name="q_in_1_lcssa_1_reg_569">9, 2, 64, 128</column>
<column name="q_in_2_0_0_reg_490">9, 2, 64, 128</column>
<column name="q_in_2_0_1_reg_513">9, 2, 64, 128</column>
<column name="q_in_2_1_0_reg_546">9, 2, 64, 128</column>
<column name="q_in_2_1_1_reg_557">9, 2, 64, 128</column>
<column name="q_out_0_0_reg_445">9, 2, 8, 16</column>
<column name="queue_address0">41, 8, 8, 64</column>
<column name="queue_d0">33, 6, 64, 384</column>
</table>
</item>
<item name = "Register"><table name="" hasTotal="1">
<keys size="5">Name, FF, LUT, Bits, Const Bits</keys>
<column name="add_ln34_reg_1370">9, 0, 9, 0</column>
<column name="add_ln38_reg_1243">8, 0, 8, 0</column>
<column name="add_ln41_1_reg_1272">64, 0, 64, 0</column>
<column name="ap_CS_fsm">26, 0, 26, 0</column>
<column name="dummy_0_0_reg_457">9, 0, 9, 0</column>
<column name="e_0_0_0_reg_480">64, 0, 64, 0</column>
<column name="e_0_1_0_reg_536">64, 0, 64, 0</column>
<column name="icmp_ln35_1_reg_1111">1, 0, 1, 0</column>
<column name="icmp_ln35_reg_1107">1, 0, 1, 0</column>
<column name="icmp_ln41_2_reg_1319">1, 0, 1, 0</column>
<column name="icmp_ln41_reg_1178">1, 0, 1, 0</column>
<column name="icmp_ln45_1_reg_1258">1, 0, 1, 0</column>
<column name="icmp_ln45_2_reg_1348">1, 0, 1, 0</column>
<column name="icmp_ln45_3_reg_1385">1, 0, 1, 0</column>
<column name="icmp_ln45_reg_1207">1, 0, 1, 0</column>
<column name="level_addr_1_reg_1146">8, 0, 8, 0</column>
<column name="level_addr_2_reg_1202">8, 0, 8, 0</column>
<column name="level_addr_3_reg_1253">8, 0, 8, 0</column>
<column name="level_addr_4_reg_1303">8, 0, 8, 0</column>
<column name="level_addr_5_reg_1343">8, 0, 8, 0</column>
<column name="level_addr_6_reg_1380">8, 0, 8, 0</column>
<column name="level_counts_addr_1_reg_1211">4, 0, 4, 0</column>
<column name="level_counts_addr_2_reg_1262">4, 0, 4, 0</column>
<column name="level_counts_addr_3_reg_1352">4, 0, 4, 0</column>
<column name="level_counts_addr_4_reg_1389">4, 0, 4, 0</column>
<column name="or_ln38_reg_1151">7, 0, 8, 1</column>
<column name="q_in_0_0_reg_433">64, 0, 64, 0</column>
<column name="q_in_1_0_0_reg_469">64, 0, 64, 0</column>
<column name="q_in_1_1_0_reg_525">64, 0, 64, 0</column>
<column name="q_in_1_lcssa_0_reg_501">64, 0, 64, 0</column>
<column name="q_in_1_lcssa_1_reg_569">64, 0, 64, 0</column>
<column name="q_in_2_0_0_reg_490">64, 0, 64, 0</column>
<column name="q_in_2_0_1_reg_513">64, 0, 64, 0</column>
<column name="q_in_2_1_0_reg_546">64, 0, 64, 0</column>
<column name="q_in_2_1_1_reg_557">64, 0, 64, 0</column>
<column name="q_out_0_0_reg_445">8, 0, 8, 0</column>
<column name="select_ln39_1_reg_1172">64, 0, 64, 0</column>
<column name="select_ln39_3_reg_1313">64, 0, 64, 0</column>
<column name="select_ln42_1_reg_1248">64, 0, 64, 0</column>
<column name="select_ln42_2_reg_1338">64, 0, 64, 0</column>
<column name="select_ln42_3_reg_1375">64, 0, 64, 0</column>
<column name="select_ln42_reg_1197">64, 0, 64, 0</column>
<column name="tmp_2_reg_1103">1, 0, 1, 0</column>
<column name="trunc_ln39_1_reg_1277">1, 0, 1, 0</column>
<column name="trunc_ln39_reg_1120">1, 0, 1, 0</column>
<column name="trunc_ln42_1_reg_1333">1, 0, 1, 0</column>
<column name="trunc_ln42_reg_1192">1, 0, 1, 0</column>
<column name="zext_ln38_1_reg_1161">7, 0, 64, 57</column>
<column name="zext_ln38_reg_1156">7, 0, 9, 2</column>
</table>
</item>
</section>
</item>
</section>

<section name = "Interface" level="0">
<item name = "Summary"><table name="" hasTotal="0">
<keys size="6">RTL Ports, Dir, Bits, Protocol, Source Object, C Type</keys>
<column name="ap_clk">in, 1, ap_ctrl_hs, bfs, return value</column>
<column name="ap_rst">in, 1, ap_ctrl_hs, bfs, return value</column>
<column name="ap_start">in, 1, ap_ctrl_hs, bfs, return value</column>
<column name="ap_done">out, 1, ap_ctrl_hs, bfs, return value</column>
<column name="ap_idle">out, 1, ap_ctrl_hs, bfs, return value</column>
<column name="ap_ready">out, 1, ap_ctrl_hs, bfs, return value</column>
<column name="nodes_0_edge_begin_address0">out, 7, ap_memory, nodes_0_edge_begin, array</column>
<column name="nodes_0_edge_begin_ce0">out, 1, ap_memory, nodes_0_edge_begin, array</column>
<column name="nodes_0_edge_begin_q0">in, 64, ap_memory, nodes_0_edge_begin, array</column>
<column name="nodes_1_edge_begin_address0">out, 7, ap_memory, nodes_1_edge_begin, array</column>
<column name="nodes_1_edge_begin_ce0">out, 1, ap_memory, nodes_1_edge_begin, array</column>
<column name="nodes_1_edge_begin_q0">in, 64, ap_memory, nodes_1_edge_begin, array</column>
<column name="nodes_0_edge_end_address0">out, 7, ap_memory, nodes_0_edge_end, array</column>
<column name="nodes_0_edge_end_ce0">out, 1, ap_memory, nodes_0_edge_end, array</column>
<column name="nodes_0_edge_end_q0">in, 64, ap_memory, nodes_0_edge_end, array</column>
<column name="nodes_1_edge_end_address0">out, 7, ap_memory, nodes_1_edge_end, array</column>
<column name="nodes_1_edge_end_ce0">out, 1, ap_memory, nodes_1_edge_end, array</column>
<column name="nodes_1_edge_end_q0">in, 64, ap_memory, nodes_1_edge_end, array</column>
<column name="edges_0_dst_address0">out, 11, ap_memory, edges_0_dst, array</column>
<column name="edges_0_dst_ce0">out, 1, ap_memory, edges_0_dst, array</column>
<column name="edges_0_dst_q0">in, 64, ap_memory, edges_0_dst, array</column>
<column name="edges_1_dst_address0">out, 11, ap_memory, edges_1_dst, array</column>
<column name="edges_1_dst_ce0">out, 1, ap_memory, edges_1_dst, array</column>
<column name="edges_1_dst_q0">in, 64, ap_memory, edges_1_dst, array</column>
<column name="starting_node">in, 64, ap_none, starting_node, scalar</column>
<column name="level_address0">out, 8, ap_memory, level, array</column>
<column name="level_ce0">out, 1, ap_memory, level, array</column>
<column name="level_we0">out, 1, ap_memory, level, array</column>
<column name="level_d0">out, 8, ap_memory, level, array</column>
<column name="level_q0">in, 8, ap_memory, level, array</column>
<column name="level_counts_address0">out, 4, ap_memory, level_counts, array</column>
<column name="level_counts_ce0">out, 1, ap_memory, level_counts, array</column>
<column name="level_counts_we0">out, 1, ap_memory, level_counts, array</column>
<column name="level_counts_d0">out, 64, ap_memory, level_counts, array</column>
<column name="level_counts_q0">in, 64, ap_memory, level_counts, array</column>
</table>
</item>
</section>
</profile>
