<stg><name>bfs</name>


<trans_list>

<trans id="155" from="1" to="2">
<condition id="-1">
<or_exp><and_exp></and_exp></or_exp>
</condition>
</trans>

<trans id="156" from="2" to="3">
<condition id="-1">
<or_exp><and_exp><literal name="tmp_2" val="0"/>
<literal name="icmp_ln35" val="1"/>
<literal name="icmp_ln35_1" val="0"/>
</and_exp><and_exp><literal name="tmp_2" val="0"/>
<literal name="icmp_ln35" val="0"/>
<literal name="and_ln35" val="0"/>
</and_exp></or_exp>
</condition>
</trans>

<trans id="159" from="3" to="4">
<condition id="-1">
<or_exp><and_exp></and_exp></or_exp>
</condition>
</trans>

<trans id="160" from="4" to="5">
<condition id="-1">
<or_exp><and_exp></and_exp></or_exp>
</condition>
</trans>

<trans id="181" from="5" to="10">
<condition id="-1">
<or_exp><and_exp><literal name="icmp_ln41" val="0"/>
</and_exp></or_exp>
</condition>
</trans>

<trans id="182" from="5" to="6">
<condition id="-1">
<or_exp><and_exp><literal name="icmp_ln41" val="1"/>
</and_exp></or_exp>
</condition>
</trans>

<trans id="177" from="6" to="7">
<condition id="-1">
<or_exp><and_exp></and_exp></or_exp>
</condition>
</trans>

<trans id="178" from="7" to="8">
<condition id="-1">
<or_exp><and_exp></and_exp></or_exp>
</condition>
</trans>

<trans id="179" from="8" to="9">
<condition id="-1">
<or_exp><and_exp></and_exp></or_exp>
</condition>
</trans>

<trans id="180" from="9" to="5">
<condition id="-1">
<or_exp><and_exp></and_exp></or_exp>
</condition>
</trans>

<trans id="175" from="10" to="2">
<condition id="-1">
<or_exp><and_exp></and_exp></or_exp>
</condition>
</trans>
</trans_list>



<state_list>

<state id="1" st_id="1">

<operation id="11" st_id="1" stage="1" lat="1">
<core>NULL</core>
<MemPortIdVec></MemPortIdVec>
<condition id="-1">
<or_exp><and_exp></and_exp></or_exp>
</condition>

<Node id="11" bw="0" op_0_bw="0" op_1_bw="64">
<![CDATA[
:0  call void (...)* @_ssdm_op_SpecBitsMap([128 x i64]* %nodes_1_edge_end), !map !7

]]></Node>
<StgValue><ssdm name="specbitsmap_ln0"/></StgValue>
</operation>

<operation id="12" st_id="1" stage="1" lat="1">
<core>NULL</core>
<MemPortIdVec></MemPortIdVec>
<condition id="-1">
<or_exp><and_exp></and_exp></or_exp>
</condition>

<Node id="12" bw="0" op_0_bw="0" op_1_bw="64">
<![CDATA[
:1  call void (...)* @_ssdm_op_SpecBitsMap([128 x i64]* %nodes_0_edge_end), !map !13

]]></Node>
<StgValue><ssdm name="specbitsmap_ln0"/></StgValue>
</operation>

<operation id="13" st_id="1" stage="1" lat="1">
<core>NULL</core>
<MemPortIdVec></MemPortIdVec>
<condition id="-1">
<or_exp><and_exp></and_exp></or_exp>
</condition>

<Node id="13" bw="0" op_0_bw="0" op_1_bw="64">
<![CDATA[
:2  call void (...)* @_ssdm_op_SpecBitsMap([128 x i64]* %nodes_1_edge_begin), !map !19

]]></Node>
<StgValue><ssdm name="specbitsmap_ln0"/></StgValue>
</operation>

<operation id="14" st_id="1" stage="1" lat="1">
<core>NULL</core>
<MemPortIdVec></MemPortIdVec>
<condition id="-1">
<or_exp><and_exp></and_exp></or_exp>
</condition>

<Node id="14" bw="0" op_0_bw="0" op_1_bw="64">
<![CDATA[
:3  call void (...)* @_ssdm_op_SpecBitsMap([128 x i64]* %nodes_0_edge_begin), !map !23

]]></Node>
<StgValue><ssdm name="specbitsmap_ln0"/></StgValue>
</operation>

<operation id="15" st_id="1" stage="1" lat="1">
<core>NULL</core>
<MemPortIdVec></MemPortIdVec>
<condition id="-1">
<or_exp><and_exp></and_exp></or_exp>
</condition>

<Node id="15" bw="0" op_0_bw="0" op_1_bw="64">
<![CDATA[
:4  call void (...)* @_ssdm_op_SpecBitsMap([5 x i64]* %level_counts_1), !map !27

]]></Node>
<StgValue><ssdm name="specbitsmap_ln0"/></StgValue>
</operation>

<operation id="16" st_id="1" stage="1" lat="1">
<core>NULL</core>
<MemPortIdVec></MemPortIdVec>
<condition id="-1">
<or_exp><and_exp></and_exp></or_exp>
</condition>

<Node id="16" bw="0" op_0_bw="0" op_1_bw="64">
<![CDATA[
:5  call void (...)* @_ssdm_op_SpecBitsMap([5 x i64]* %level_counts_0), !map !33

]]></Node>
<StgValue><ssdm name="specbitsmap_ln0"/></StgValue>
</operation>

<operation id="17" st_id="1" stage="1" lat="1">
<core>NULL</core>
<MemPortIdVec></MemPortIdVec>
<condition id="-1">
<or_exp><and_exp></and_exp></or_exp>
</condition>

<Node id="17" bw="0" op_0_bw="0" op_1_bw="8">
<![CDATA[
:6  call void (...)* @_ssdm_op_SpecBitsMap([128 x i8]* %level_1), !map !39

]]></Node>
<StgValue><ssdm name="specbitsmap_ln0"/></StgValue>
</operation>

<operation id="18" st_id="1" stage="1" lat="1">
<core>NULL</core>
<MemPortIdVec></MemPortIdVec>
<condition id="-1">
<or_exp><and_exp></and_exp></or_exp>
</condition>

<Node id="18" bw="0" op_0_bw="0" op_1_bw="8">
<![CDATA[
:7  call void (...)* @_ssdm_op_SpecBitsMap([128 x i8]* %level_0), !map !43

]]></Node>
<StgValue><ssdm name="specbitsmap_ln0"/></StgValue>
</operation>

<operation id="19" st_id="1" stage="1" lat="1">
<core>NULL</core>
<MemPortIdVec></MemPortIdVec>
<condition id="-1">
<or_exp><and_exp></and_exp></or_exp>
</condition>

<Node id="19" bw="0" op_0_bw="0" op_1_bw="64">
<![CDATA[
:8  call void (...)* @_ssdm_op_SpecBitsMap([4096 x i64]* %edges_dst), !map !47

]]></Node>
<StgValue><ssdm name="specbitsmap_ln0"/></StgValue>
</operation>

<operation id="20" st_id="1" stage="1" lat="1">
<core>NULL</core>
<MemPortIdVec></MemPortIdVec>
<condition id="-1">
<or_exp><and_exp></and_exp></or_exp>
</condition>

<Node id="20" bw="0" op_0_bw="0" op_1_bw="64">
<![CDATA[
:9  call void (...)* @_ssdm_op_SpecBitsMap(i64 %starting_node), !map !53

]]></Node>
<StgValue><ssdm name="specbitsmap_ln0"/></StgValue>
</operation>

<operation id="21" st_id="1" stage="1" lat="1">
<core>NULL</core>
<MemPortIdVec></MemPortIdVec>
<condition id="-1">
<or_exp><and_exp></and_exp></or_exp>
</condition>

<Node id="21" bw="64" op_0_bw="64" op_1_bw="64">
<![CDATA[
:10  %starting_node_read = call i64 @_ssdm_op_Read.ap_auto.i64(i64 %starting_node)

]]></Node>
<StgValue><ssdm name="starting_node_read"/></StgValue>
</operation>

<operation id="22" st_id="1" stage="1" lat="1">
<core>NULL</core>
<MemPortIdVec></MemPortIdVec>
<condition id="-1">
<or_exp><and_exp></and_exp></or_exp>
</condition>

<Node id="22" bw="3" op_0_bw="64" op_1_bw="64" op_2_bw="64">
<![CDATA[
:11  %level_counts_0_addr_1 = getelementptr [5 x i64]* %level_counts_0, i64 0, i64 0

]]></Node>
<StgValue><ssdm name="level_counts_0_addr_1"/></StgValue>
</operation>

<operation id="23" st_id="1" stage="1" lat="1">
<core>NULL</core>
<MemPortIdVec></MemPortIdVec>
<condition id="-1">
<or_exp><and_exp></and_exp></or_exp>
</condition>

<Node id="23" bw="0" op_0_bw="0" op_1_bw="0">
<![CDATA[
:12  call void (...)* @_ssdm_op_SpecTopModule([4 x i8]* @bfs_str) nounwind

]]></Node>
<StgValue><ssdm name="spectopmodule_ln0"/></StgValue>
</operation>

<operation id="24" st_id="1" stage="1" lat="1">
<core>RAM</core>
<MemPortIdVec></MemPortIdVec>
<condition id="-1">
<or_exp><and_exp></and_exp></or_exp>
</condition>

<Node id="24" bw="64" op_0_bw="64">
<![CDATA[
:13  %queue = alloca [256 x i64], align 16

]]></Node>
<StgValue><ssdm name="queue"/><MemPortTyVec>2 3 </MemPortTyVec>
</StgValue>
</operation>

<operation id="25" st_id="1" stage="1" lat="1">
<core>NULL</core>
<MemPortIdVec></MemPortIdVec>
<condition id="-1">
<or_exp><and_exp></and_exp></or_exp>
</condition>

<Node id="25" bw="0" op_0_bw="0" op_1_bw="64" op_2_bw="0" op_3_bw="0" op_4_bw="0" op_5_bw="32" op_6_bw="0" op_7_bw="0" op_8_bw="0" op_9_bw="0" op_10_bw="0">
<![CDATA[
:14  call void (...)* @_ssdm_op_SpecMemCore([4096 x i64]* %edges_dst, [1 x i8]* @p_str1, [12 x i8]* @p_str2, [1 x i8]* @p_str1, i32 -1, [1 x i8]* @p_str1, [1 x i8]* @p_str1, [1 x i8]* @p_str1, [1 x i8]* @p_str1, [1 x i8]* @p_str1)

]]></Node>
<StgValue><ssdm name="specmemcore_ln17"/></StgValue>
</operation>

<operation id="26" st_id="1" stage="1" lat="1">
<core>NULL</core>
<MemPortIdVec></MemPortIdVec>
<condition id="-1">
<or_exp><and_exp></and_exp></or_exp>
</condition>

<Node id="26" bw="1" op_0_bw="64">
<![CDATA[
:15  %trunc_ln30 = trunc i64 %starting_node_read to i1

]]></Node>
<StgValue><ssdm name="trunc_ln30"/></StgValue>
</operation>

<operation id="27" st_id="1" stage="1" lat="1">
<core>NULL</core>
<MemPortIdVec></MemPortIdVec>
<condition id="-1">
<or_exp><and_exp></and_exp></or_exp>
</condition>

<Node id="27" bw="9" op_0_bw="9" op_1_bw="64" op_2_bw="32" op_3_bw="32">
<![CDATA[
:16  %lshr_ln = call i9 @_ssdm_op_PartSelect.i9.i64.i32.i32(i64 %starting_node_read, i32 1, i32 9)

]]></Node>
<StgValue><ssdm name="lshr_ln"/></StgValue>
</operation>

<operation id="28" st_id="1" stage="1" lat="1">
<core>NULL</core>
<MemPortIdVec></MemPortIdVec>
<condition id="-1">
<or_exp><and_exp></and_exp></or_exp>
</condition>

<Node id="28" bw="64" op_0_bw="9">
<![CDATA[
:17  %zext_ln30 = zext i9 %lshr_ln to i64

]]></Node>
<StgValue><ssdm name="zext_ln30"/></StgValue>
</operation>

<operation id="29" st_id="1" stage="1" lat="1">
<core>NULL</core>
<MemPortIdVec></MemPortIdVec>
<condition id="-1">
<or_exp><and_exp></and_exp></or_exp>
</condition>

<Node id="29" bw="7" op_0_bw="8" op_1_bw="64" op_2_bw="64">
<![CDATA[
:18  %level_0_addr = getelementptr [128 x i8]* %level_0, i64 0, i64 %zext_ln30

]]></Node>
<StgValue><ssdm name="level_0_addr"/></StgValue>
</operation>

<operation id="30" st_id="1" stage="1" lat="1">
<core>NULL</core>
<MemPortIdVec></MemPortIdVec>
<condition id="-1">
<or_exp><and_exp></and_exp></or_exp>
</condition>

<Node id="30" bw="7" op_0_bw="8" op_1_bw="64" op_2_bw="64">
<![CDATA[
:19  %level_1_addr = getelementptr [128 x i8]* %level_1, i64 0, i64 %zext_ln30

]]></Node>
<StgValue><ssdm name="level_1_addr"/></StgValue>
</operation>

<operation id="31" st_id="1" stage="1" lat="1">
<core>NULL</core>
<MemPortIdVec></MemPortIdVec>
<condition id="-1">
<or_exp><and_exp></and_exp></or_exp>
</condition>

<Node id="31" bw="0" op_0_bw="1" op_1_bw="0" op_2_bw="0">
<![CDATA[
:20  br i1 %trunc_ln30, label %branch7, label %branch6

]]></Node>
<StgValue><ssdm name="br_ln30"/></StgValue>
</operation>

<operation id="32" st_id="1" stage="1" lat="1">
<core>RAM</core>
<MemPortIdVec>0 </MemPortIdVec>
<condition id="-1">
<or_exp><and_exp><literal name="trunc_ln30" val="0"/>
</and_exp></or_exp>
</condition>

<Node id="33" bw="0" op_0_bw="8" op_1_bw="7">
<![CDATA[
branch6:0  store i8 0, i8* %level_0_addr, align 1

]]></Node>
<StgValue><ssdm name="store_ln30"/></StgValue>
</operation>

<operation id="33" st_id="1" stage="1" lat="1">
<core>NULL</core>
<MemPortIdVec></MemPortIdVec>
<condition id="-1">
<or_exp><and_exp><literal name="trunc_ln30" val="0"/>
</and_exp></or_exp>
</condition>

<Node id="34" bw="0" op_0_bw="0">
<![CDATA[
branch6:1  br label %1

]]></Node>
<StgValue><ssdm name="br_ln30"/></StgValue>
</operation>

<operation id="34" st_id="1" stage="1" lat="1">
<core>RAM</core>
<MemPortIdVec>0 </MemPortIdVec>
<condition id="-1">
<or_exp><and_exp><literal name="trunc_ln30" val="1"/>
</and_exp></or_exp>
</condition>

<Node id="36" bw="0" op_0_bw="8" op_1_bw="7">
<![CDATA[
branch7:0  store i8 0, i8* %level_1_addr, align 1

]]></Node>
<StgValue><ssdm name="store_ln30"/></StgValue>
</operation>

<operation id="35" st_id="1" stage="1" lat="1">
<core>NULL</core>
<MemPortIdVec></MemPortIdVec>
<condition id="-1">
<or_exp><and_exp><literal name="trunc_ln30" val="1"/>
</and_exp></or_exp>
</condition>

<Node id="37" bw="0" op_0_bw="0">
<![CDATA[
branch7:1  br label %1

]]></Node>
<StgValue><ssdm name="br_ln30"/></StgValue>
</operation>

<operation id="36" st_id="1" stage="1" lat="1">
<core>NULL</core>
<MemPortIdVec></MemPortIdVec>
<condition id="-1">
<or_exp><and_exp></and_exp></or_exp>
</condition>

<Node id="39" bw="64" op_0_bw="32">
<![CDATA[
:0  %q_in_0 = alloca i64

]]></Node>
<StgValue><ssdm name="q_in_0"/></StgValue>
</operation>

<operation id="37" st_id="1" stage="1" lat="1">
<core>RAM</core>
<MemPortIdVec>0 </MemPortIdVec>
<condition id="-1">
<or_exp><and_exp></and_exp></or_exp>
</condition>

<Node id="40" bw="0" op_0_bw="64" op_1_bw="3">
<![CDATA[
:1  store i64 1, i64* %level_counts_0_addr_1, align 8

]]></Node>
<StgValue><ssdm name="store_ln31"/></StgValue>
</operation>

<operation id="38" st_id="1" stage="1" lat="1">
<core>NULL</core>
<MemPortIdVec></MemPortIdVec>
<condition id="-1">
<or_exp><and_exp></and_exp></or_exp>
</condition>

<Node id="41" bw="8" op_0_bw="64" op_1_bw="64" op_2_bw="64">
<![CDATA[
:2  %queue_addr = getelementptr inbounds [256 x i64]* %queue, i64 0, i64 0

]]></Node>
<StgValue><ssdm name="queue_addr"/></StgValue>
</operation>

<operation id="39" st_id="1" stage="1" lat="1">
<core>RAM</core>
<MemPortIdVec>0 </MemPortIdVec>
<condition id="-1">
<or_exp><and_exp></and_exp></or_exp>
</condition>

<Node id="42" bw="0" op_0_bw="64" op_1_bw="8">
<![CDATA[
:3  store i64 %starting_node_read, i64* %queue_addr, align 16

]]></Node>
<StgValue><ssdm name="store_ln32"/></StgValue>
</operation>

<operation id="40" st_id="1" stage="1" lat="1">
<core>NULL</core>
<MemPortIdVec></MemPortIdVec>
<condition id="-1">
<or_exp><and_exp></and_exp></or_exp>
</condition>

<Node id="43" bw="0" op_0_bw="64" op_1_bw="64">
<![CDATA[
:4  store i64 2, i64* %q_in_0

]]></Node>
<StgValue><ssdm name="store_ln34"/></StgValue>
</operation>

<operation id="41" st_id="1" stage="1" lat="1">
<core>NULL</core>
<MemPortIdVec></MemPortIdVec>
<condition id="-1">
<or_exp><and_exp></and_exp></or_exp>
</condition>

<Node id="44" bw="0" op_0_bw="0">
<![CDATA[
:5  br label %2

]]></Node>
<StgValue><ssdm name="br_ln34"/></StgValue>
</operation>
</state>

<state id="2" st_id="2">

<operation id="42" st_id="2" stage="1" lat="1">
<core>NULL</core>
<MemPortIdVec></MemPortIdVec>
<condition id="-1">
<or_exp><and_exp></and_exp></or_exp>
</condition>

<Node id="46" bw="8" op_0_bw="8" op_1_bw="0" op_2_bw="8" op_3_bw="0">
<![CDATA[
:0  %q_out_0 = phi i8 [ 0, %1 ], [ %q_out, %loop_queue_end ]

]]></Node>
<StgValue><ssdm name="q_out_0"/></StgValue>
</operation>

<operation id="43" st_id="2" stage="1" lat="1">
<core>NULL</core>
<MemPortIdVec></MemPortIdVec>
<condition id="-1">
<or_exp><and_exp></and_exp></or_exp>
</condition>

<Node id="47" bw="9" op_0_bw="9" op_1_bw="0" op_2_bw="9" op_3_bw="0">
<![CDATA[
:1  %dummy_0 = phi i9 [ 0, %1 ], [ %dummy, %loop_queue_end ]

]]></Node>
<StgValue><ssdm name="dummy_0"/></StgValue>
</operation>

<operation id="44" st_id="2" stage="1" lat="1">
<core>NULL</core>
<MemPortIdVec></MemPortIdVec>
<condition id="-1">
<or_exp><and_exp></and_exp></or_exp>
</condition>

<Node id="48" bw="1" op_0_bw="1" op_1_bw="9" op_2_bw="32">
<![CDATA[
:2  %tmp_2 = call i1 @_ssdm_op_BitSelect.i1.i9.i32(i9 %dummy_0, i32 8)

]]></Node>
<StgValue><ssdm name="tmp_2"/></StgValue>
</operation>

<operation id="45" st_id="2" stage="1" lat="1">
<core>NULL</core>
<MemPortIdVec></MemPortIdVec>
<condition id="-1">
<or_exp><and_exp></and_exp></or_exp>
</condition>

<Node id="49" bw="32" op_0_bw="32" op_1_bw="64" op_2_bw="64" op_3_bw="64">
<![CDATA[
:3  %empty = call i32 (...)* @_ssdm_op_SpecLoopTripCount(i64 1, i64 256, i64 128)

]]></Node>
<StgValue><ssdm name="empty"/></StgValue>
</operation>

<operation id="46" st_id="2" stage="1" lat="1">
<core>AddSub</core>
<MemPortIdVec></MemPortIdVec>
<condition id="-1">
<or_exp><and_exp></and_exp></or_exp>
</condition>

<Node id="50" bw="8" op_0_bw="8" op_1_bw="8">
<![CDATA[
:4  %q_out = add i8 %q_out_0, 1

]]></Node>
<StgValue><ssdm name="q_out"/></StgValue>
</operation>

<operation id="47" st_id="2" stage="1" lat="1">
<core>NULL</core>
<MemPortIdVec></MemPortIdVec>
<condition id="-1">
<or_exp><and_exp></and_exp></or_exp>
</condition>

<Node id="51" bw="0" op_0_bw="1" op_1_bw="0" op_2_bw="0">
<![CDATA[
:5  br i1 %tmp_2, label %.loopexit.loopexit, label %loop_queue_begin

]]></Node>
<StgValue><ssdm name="br_ln34"/></StgValue>
</operation>

<operation id="48" st_id="2" stage="1" lat="1">
<core>NULL</core>
<MemPortIdVec></MemPortIdVec>
<condition id="-1">
<or_exp><and_exp><literal name="tmp_2" val="0"/>
</and_exp></or_exp>
</condition>

<Node id="53" bw="64" op_0_bw="64" op_1_bw="0">
<![CDATA[
loop_queue_begin:0  %q_in_0_load = load i64* %q_in_0

]]></Node>
<StgValue><ssdm name="q_in_0_load"/></StgValue>
</operation>

<operation id="49" st_id="2" stage="1" lat="1">
<core>NULL</core>
<MemPortIdVec></MemPortIdVec>
<condition id="-1">
<or_exp><and_exp><literal name="tmp_2" val="0"/>
</and_exp></or_exp>
</condition>

<Node id="54" bw="9" op_0_bw="8">
<![CDATA[
loop_queue_begin:1  %zext_ln34 = zext i8 %q_out_0 to i9

]]></Node>
<StgValue><ssdm name="zext_ln34"/></StgValue>
</operation>

<operation id="50" st_id="2" stage="1" lat="1">
<core>NULL</core>
<MemPortIdVec></MemPortIdVec>
<condition id="-1">
<or_exp><and_exp><literal name="tmp_2" val="0"/>
</and_exp></or_exp>
</condition>

<Node id="55" bw="64" op_0_bw="8">
<![CDATA[
loop_queue_begin:2  %zext_ln34_1 = zext i8 %q_out_0 to i64

]]></Node>
<StgValue><ssdm name="zext_ln34_1"/></StgValue>
</operation>

<operation id="51" st_id="2" stage="1" lat="1">
<core>NULL</core>
<MemPortIdVec></MemPortIdVec>
<condition id="-1">
<or_exp><and_exp><literal name="tmp_2" val="0"/>
</and_exp></or_exp>
</condition>

<Node id="56" bw="0" op_0_bw="0" op_1_bw="0">
<![CDATA[
loop_queue_begin:3  call void (...)* @_ssdm_op_SpecLoopName([11 x i8]* @p_str3) nounwind

]]></Node>
<StgValue><ssdm name="specloopname_ln34"/></StgValue>
</operation>

<operation id="52" st_id="2" stage="1" lat="1">
<core>NULL</core>
<MemPortIdVec></MemPortIdVec>
<condition id="-1">
<or_exp><and_exp><literal name="tmp_2" val="0"/>
</and_exp></or_exp>
</condition>

<Node id="57" bw="32" op_0_bw="32" op_1_bw="0">
<![CDATA[
loop_queue_begin:4  %tmp = call i32 (...)* @_ssdm_op_SpecRegionBegin([11 x i8]* @p_str3)

]]></Node>
<StgValue><ssdm name="tmp"/></StgValue>
</operation>

<operation id="53" st_id="2" stage="1" lat="1">
<core>NULL</core>
<MemPortIdVec></MemPortIdVec>
<condition id="-1">
<or_exp><and_exp><literal name="tmp_2" val="0"/>
</and_exp></or_exp>
</condition>

<Node id="58" bw="0" op_0_bw="0" op_1_bw="32" op_2_bw="32" op_3_bw="32" op_4_bw="32" op_5_bw="0">
<![CDATA[
loop_queue_begin:5  call void (...)* @_ssdm_op_SpecPipeline(i32 -1, i32 1, i32 1, i32 0, [1 x i8]* @p_str1) nounwind

]]></Node>
<StgValue><ssdm name="specpipeline_ln35"/></StgValue>
</operation>

<operation id="54" st_id="2" stage="1" lat="1">
<core>Cmp</core>
<MemPortIdVec></MemPortIdVec>
<condition id="-1">
<or_exp><and_exp><literal name="tmp_2" val="0"/>
</and_exp></or_exp>
</condition>

<Node id="59" bw="1" op_0_bw="64" op_1_bw="64">
<![CDATA[
loop_queue_begin:6  %icmp_ln35 = icmp ugt i64 %q_in_0_load, %zext_ln34_1

]]></Node>
<StgValue><ssdm name="icmp_ln35"/></StgValue>
</operation>

<operation id="55" st_id="2" stage="1" lat="1">
<core>NULL</core>
<MemPortIdVec></MemPortIdVec>
<condition id="-1">
<or_exp><and_exp><literal name="tmp_2" val="0"/>
</and_exp></or_exp>
</condition>

<Node id="60" bw="0" op_0_bw="1" op_1_bw="0" op_2_bw="0">
<![CDATA[
loop_queue_begin:7  br i1 %icmp_ln35, label %3, label %4

]]></Node>
<StgValue><ssdm name="br_ln35"/></StgValue>
</operation>

<operation id="56" st_id="2" stage="1" lat="1">
<core>Cmp</core>
<MemPortIdVec></MemPortIdVec>
<condition id="-1">
<or_exp><and_exp><literal name="tmp_2" val="0"/>
<literal name="icmp_ln35" val="0"/>
</and_exp></or_exp>
</condition>

<Node id="62" bw="1" op_0_bw="64" op_1_bw="64">
<![CDATA[
:0  %icmp_ln35_2 = icmp eq i64 %q_in_0_load, 0

]]></Node>
<StgValue><ssdm name="icmp_ln35_2"/></StgValue>
</operation>

<operation id="57" st_id="2" stage="1" lat="1">
<core>Cmp</core>
<MemPortIdVec></MemPortIdVec>
<condition id="-1">
<or_exp><and_exp><literal name="tmp_2" val="0"/>
<literal name="icmp_ln35" val="0"/>
</and_exp></or_exp>
</condition>

<Node id="63" bw="1" op_0_bw="8" op_1_bw="8">
<![CDATA[
:1  %icmp_ln35_3 = icmp eq i8 %q_out_0, -1

]]></Node>
<StgValue><ssdm name="icmp_ln35_3"/></StgValue>
</operation>

<operation id="58" st_id="2" stage="1" lat="1">
<core>LogicGate</core>
<MemPortIdVec></MemPortIdVec>
<condition id="-1">
<or_exp><and_exp><literal name="tmp_2" val="0"/>
<literal name="icmp_ln35" val="0"/>
</and_exp></or_exp>
</condition>

<Node id="64" bw="1" op_0_bw="1" op_1_bw="1">
<![CDATA[
:2  %and_ln35 = and i1 %icmp_ln35_2, %icmp_ln35_3

]]></Node>
<StgValue><ssdm name="and_ln35"/></StgValue>
</operation>

<operation id="59" st_id="2" stage="1" lat="1">
<core>NULL</core>
<MemPortIdVec></MemPortIdVec>
<condition id="-1">
<or_exp><and_exp><literal name="tmp_2" val="0"/>
<literal name="icmp_ln35" val="0"/>
</and_exp></or_exp>
</condition>

<Node id="65" bw="0" op_0_bw="1" op_1_bw="0" op_2_bw="0">
<![CDATA[
:3  br i1 %and_ln35, label %._crit_edge, label %._crit_edge1_ifconv

]]></Node>
<StgValue><ssdm name="br_ln35"/></StgValue>
</operation>

<operation id="60" st_id="2" stage="1" lat="1">
<core>AddSub</core>
<MemPortIdVec></MemPortIdVec>
<condition id="-1">
<or_exp><and_exp><literal name="tmp_2" val="0"/>
<literal name="icmp_ln35" val="1"/>
</and_exp></or_exp>
</condition>

<Node id="67" bw="9" op_0_bw="9" op_1_bw="9">
<![CDATA[
:0  %add_ln35 = add i9 %zext_ln34, 1

]]></Node>
<StgValue><ssdm name="add_ln35"/></StgValue>
</operation>

<operation id="61" st_id="2" stage="1" lat="1">
<core>NULL</core>
<MemPortIdVec></MemPortIdVec>
<condition id="-1">
<or_exp><and_exp><literal name="tmp_2" val="0"/>
<literal name="icmp_ln35" val="1"/>
</and_exp></or_exp>
</condition>

<Node id="68" bw="64" op_0_bw="9">
<![CDATA[
:1  %zext_ln35 = zext i9 %add_ln35 to i64

]]></Node>
<StgValue><ssdm name="zext_ln35"/></StgValue>
</operation>

<operation id="62" st_id="2" stage="1" lat="1">
<core>Cmp</core>
<MemPortIdVec></MemPortIdVec>
<condition id="-1">
<or_exp><and_exp><literal name="tmp_2" val="0"/>
<literal name="icmp_ln35" val="1"/>
</and_exp></or_exp>
</condition>

<Node id="69" bw="1" op_0_bw="64" op_1_bw="64">
<![CDATA[
:2  %icmp_ln35_1 = icmp eq i64 %q_in_0_load, %zext_ln35

]]></Node>
<StgValue><ssdm name="icmp_ln35_1"/></StgValue>
</operation>

<operation id="63" st_id="2" stage="1" lat="1">
<core>NULL</core>
<MemPortIdVec></MemPortIdVec>
<condition id="-1">
<or_exp><and_exp><literal name="tmp_2" val="0"/>
<literal name="icmp_ln35" val="1"/>
</and_exp></or_exp>
</condition>

<Node id="70" bw="0" op_0_bw="1" op_1_bw="0" op_2_bw="0">
<![CDATA[
:3  br i1 %icmp_ln35_1, label %._crit_edge, label %._crit_edge1_ifconv

]]></Node>
<StgValue><ssdm name="br_ln35"/></StgValue>
</operation>

<operation id="64" st_id="2" stage="1" lat="1">
<core>NULL</core>
<MemPortIdVec></MemPortIdVec>
<condition id="-1">
<or_exp><and_exp><literal name="tmp_2" val="0"/>
<literal name="icmp_ln35" val="1"/>
<literal name="icmp_ln35_1" val="0"/>
</and_exp><and_exp><literal name="tmp_2" val="0"/>
<literal name="icmp_ln35" val="0"/>
<literal name="and_ln35" val="0"/>
</and_exp></or_exp>
</condition>

<Node id="72" bw="8" op_0_bw="64" op_1_bw="64" op_2_bw="64">
<![CDATA[
._crit_edge1_ifconv:0  %queue_addr_1 = getelementptr inbounds [256 x i64]* %queue, i64 0, i64 %zext_ln34_1

]]></Node>
<StgValue><ssdm name="queue_addr_1"/></StgValue>
</operation>

<operation id="65" st_id="2" stage="2" lat="2">
<core>RAM</core>
<MemPortIdVec>0 </MemPortIdVec>
<condition id="-1">
<or_exp><and_exp><literal name="tmp_2" val="0"/>
<literal name="icmp_ln35" val="1"/>
<literal name="icmp_ln35_1" val="0"/>
</and_exp><and_exp><literal name="tmp_2" val="0"/>
<literal name="icmp_ln35" val="0"/>
<literal name="and_ln35" val="0"/>
</and_exp></or_exp>
</condition>

<Node id="73" bw="64" op_0_bw="8">
<![CDATA[
._crit_edge1_ifconv:1  %n = load i64* %queue_addr_1, align 8

]]></Node>
<StgValue><ssdm name="n"/></StgValue>
</operation>

<operation id="66" st_id="2" stage="1" lat="1">
<core>NULL</core>
<MemPortIdVec></MemPortIdVec>
<condition id="-1">
<or_exp><and_exp><literal name="tmp_2" val="0"/>
<literal name="icmp_ln35" val="1"/>
<literal name="icmp_ln35_1" val="1"/>
</and_exp><and_exp><literal name="tmp_2" val="0"/>
<literal name="icmp_ln35" val="0"/>
<literal name="and_ln35" val="1"/>
</and_exp></or_exp>
</condition>

<Node id="160" bw="0" op_0_bw="0">
<![CDATA[
._crit_edge:0  br label %.loopexit

]]></Node>
<StgValue><ssdm name="br_ln36"/></StgValue>
</operation>

<operation id="67" st_id="2" stage="1" lat="1">
<core>NULL</core>
<MemPortIdVec></MemPortIdVec>
<condition id="-1">
<or_exp><and_exp><literal name="tmp_2" val="1"/>
</and_exp></or_exp>
</condition>

<Node id="162" bw="0" op_0_bw="0">
<![CDATA[
.loopexit.loopexit:0  br label %.loopexit

]]></Node>
<StgValue><ssdm name="br_ln0"/></StgValue>
</operation>

<operation id="68" st_id="2" stage="1" lat="1">
<core>NULL</core>
<MemPortIdVec></MemPortIdVec>
<condition id="-1">
<or_exp><and_exp><literal name="icmp_ln35" val="1"/>
<literal name="icmp_ln35_1" val="1"/>
</and_exp><and_exp><literal name="icmp_ln35" val="0"/>
<literal name="and_ln35" val="1"/>
</and_exp><and_exp><literal name="tmp_2" val="1"/>
</and_exp></or_exp>
</condition>

<Node id="164" bw="0">
<![CDATA[
.loopexit:0  ret void

]]></Node>
<StgValue><ssdm name="ret_ln60"/></StgValue>
</operation>
</state>

<state id="3" st_id="3">

<operation id="69" st_id="3" stage="1" lat="2">
<core>RAM</core>
<MemPortIdVec>0 </MemPortIdVec>
<condition id="-1">
<or_exp><and_exp></and_exp></or_exp>
</condition>

<Node id="73" bw="64" op_0_bw="8">
<![CDATA[
._crit_edge1_ifconv:1  %n = load i64* %queue_addr_1, align 8

]]></Node>
<StgValue><ssdm name="n"/></StgValue>
</operation>

<operation id="70" st_id="3" stage="1" lat="1">
<core>NULL</core>
<MemPortIdVec></MemPortIdVec>
<condition id="-1">
<or_exp><and_exp></and_exp></or_exp>
</condition>

<Node id="74" bw="1" op_0_bw="64">
<![CDATA[
._crit_edge1_ifconv:2  %trunc_ln39 = trunc i64 %n to i1

]]></Node>
<StgValue><ssdm name="trunc_ln39"/></StgValue>
</operation>

<operation id="71" st_id="3" stage="1" lat="1">
<core>NULL</core>
<MemPortIdVec></MemPortIdVec>
<condition id="-1">
<or_exp><and_exp></and_exp></or_exp>
</condition>

<Node id="75" bw="9" op_0_bw="9" op_1_bw="64" op_2_bw="32" op_3_bw="32">
<![CDATA[
._crit_edge1_ifconv:3  %lshr_ln1 = call i9 @_ssdm_op_PartSelect.i9.i64.i32.i32(i64 %n, i32 1, i32 9)

]]></Node>
<StgValue><ssdm name="lshr_ln1"/></StgValue>
</operation>

<operation id="72" st_id="3" stage="1" lat="1">
<core>NULL</core>
<MemPortIdVec></MemPortIdVec>
<condition id="-1">
<or_exp><and_exp></and_exp></or_exp>
</condition>

<Node id="76" bw="64" op_0_bw="9">
<![CDATA[
._crit_edge1_ifconv:4  %zext_ln39 = zext i9 %lshr_ln1 to i64

]]></Node>
<StgValue><ssdm name="zext_ln39"/></StgValue>
</operation>

<operation id="73" st_id="3" stage="1" lat="1">
<core>NULL</core>
<MemPortIdVec></MemPortIdVec>
<condition id="-1">
<or_exp><and_exp></and_exp></or_exp>
</condition>

<Node id="77" bw="7" op_0_bw="64" op_1_bw="64" op_2_bw="64">
<![CDATA[
._crit_edge1_ifconv:5  %nodes_0_edge_begin_s = getelementptr [128 x i64]* %nodes_0_edge_begin, i64 0, i64 %zext_ln39

]]></Node>
<StgValue><ssdm name="nodes_0_edge_begin_s"/></StgValue>
</operation>

<operation id="74" st_id="3" stage="1" lat="1">
<core>NULL</core>
<MemPortIdVec></MemPortIdVec>
<condition id="-1">
<or_exp><and_exp></and_exp></or_exp>
</condition>

<Node id="78" bw="7" op_0_bw="64" op_1_bw="64" op_2_bw="64">
<![CDATA[
._crit_edge1_ifconv:6  %nodes_1_edge_begin_s = getelementptr [128 x i64]* %nodes_1_edge_begin, i64 0, i64 %zext_ln39

]]></Node>
<StgValue><ssdm name="nodes_1_edge_begin_s"/></StgValue>
</operation>

<operation id="75" st_id="3" stage="2" lat="2">
<core>RAM</core>
<MemPortIdVec>0 </MemPortIdVec>
<condition id="-1">
<or_exp><and_exp></and_exp></or_exp>
</condition>

<Node id="79" bw="64" op_0_bw="7">
<![CDATA[
._crit_edge1_ifconv:7  %nodes_1_edge_begin_1 = load i64* %nodes_1_edge_begin_s, align 8

]]></Node>
<StgValue><ssdm name="nodes_1_edge_begin_1"/></StgValue>
</operation>

<operation id="76" st_id="3" stage="2" lat="2">
<core>RAM</core>
<MemPortIdVec>0 </MemPortIdVec>
<condition id="-1">
<or_exp><and_exp></and_exp></or_exp>
</condition>

<Node id="80" bw="64" op_0_bw="7">
<![CDATA[
._crit_edge1_ifconv:8  %nodes_0_edge_begin_1 = load i64* %nodes_0_edge_begin_s, align 8

]]></Node>
<StgValue><ssdm name="nodes_0_edge_begin_1"/></StgValue>
</operation>

<operation id="77" st_id="3" stage="1" lat="1">
<core>NULL</core>
<MemPortIdVec></MemPortIdVec>
<condition id="-1">
<or_exp><and_exp></and_exp></or_exp>
</condition>

<Node id="82" bw="7" op_0_bw="64" op_1_bw="64" op_2_bw="64">
<![CDATA[
._crit_edge1_ifconv:10  %nodes_0_edge_end_ad = getelementptr [128 x i64]* %nodes_0_edge_end, i64 0, i64 %zext_ln39

]]></Node>
<StgValue><ssdm name="nodes_0_edge_end_ad"/></StgValue>
</operation>

<operation id="78" st_id="3" stage="1" lat="1">
<core>NULL</core>
<MemPortIdVec></MemPortIdVec>
<condition id="-1">
<or_exp><and_exp></and_exp></or_exp>
</condition>

<Node id="83" bw="7" op_0_bw="64" op_1_bw="64" op_2_bw="64">
<![CDATA[
._crit_edge1_ifconv:11  %nodes_1_edge_end_ad = getelementptr [128 x i64]* %nodes_1_edge_end, i64 0, i64 %zext_ln39

]]></Node>
<StgValue><ssdm name="nodes_1_edge_end_ad"/></StgValue>
</operation>

<operation id="79" st_id="3" stage="2" lat="2">
<core>RAM</core>
<MemPortIdVec>0 </MemPortIdVec>
<condition id="-1">
<or_exp><and_exp></and_exp></or_exp>
</condition>

<Node id="84" bw="64" op_0_bw="7">
<![CDATA[
._crit_edge1_ifconv:12  %nodes_1_edge_end_lo = load i64* %nodes_1_edge_end_ad, align 8

]]></Node>
<StgValue><ssdm name="nodes_1_edge_end_lo"/></StgValue>
</operation>

<operation id="80" st_id="3" stage="2" lat="2">
<core>RAM</core>
<MemPortIdVec>0 </MemPortIdVec>
<condition id="-1">
<or_exp><and_exp></and_exp></or_exp>
</condition>

<Node id="85" bw="64" op_0_bw="7">
<![CDATA[
._crit_edge1_ifconv:13  %nodes_0_edge_end_lo = load i64* %nodes_0_edge_end_ad, align 8

]]></Node>
<StgValue><ssdm name="nodes_0_edge_end_lo"/></StgValue>
</operation>

<operation id="81" st_id="3" stage="1" lat="1">
<core>NULL</core>
<MemPortIdVec></MemPortIdVec>
<condition id="-1">
<or_exp><and_exp></and_exp></or_exp>
</condition>

<Node id="87" bw="7" op_0_bw="8" op_1_bw="64" op_2_bw="64">
<![CDATA[
._crit_edge1_ifconv:15  %level_0_addr_1 = getelementptr [128 x i8]* %level_0, i64 0, i64 %zext_ln39

]]></Node>
<StgValue><ssdm name="level_0_addr_1"/></StgValue>
</operation>

<operation id="82" st_id="3" stage="1" lat="1">
<core>NULL</core>
<MemPortIdVec></MemPortIdVec>
<condition id="-1">
<or_exp><and_exp></and_exp></or_exp>
</condition>

<Node id="88" bw="7" op_0_bw="8" op_1_bw="64" op_2_bw="64">
<![CDATA[
._crit_edge1_ifconv:16  %level_1_addr_1 = getelementptr [128 x i8]* %level_1, i64 0, i64 %zext_ln39

]]></Node>
<StgValue><ssdm name="level_1_addr_1"/></StgValue>
</operation>
</state>

<state id="4" st_id="4">

<operation id="83" st_id="4" stage="1" lat="2">
<core>RAM</core>
<MemPortIdVec>0 </MemPortIdVec>
<condition id="-1">
<or_exp><and_exp></and_exp></or_exp>
</condition>

<Node id="79" bw="64" op_0_bw="7">
<![CDATA[
._crit_edge1_ifconv:7  %nodes_1_edge_begin_1 = load i64* %nodes_1_edge_begin_s, align 8

]]></Node>
<StgValue><ssdm name="nodes_1_edge_begin_1"/></StgValue>
</operation>

<operation id="84" st_id="4" stage="1" lat="2">
<core>RAM</core>
<MemPortIdVec>0 </MemPortIdVec>
<condition id="-1">
<or_exp><and_exp></and_exp></or_exp>
</condition>

<Node id="80" bw="64" op_0_bw="7">
<![CDATA[
._crit_edge1_ifconv:8  %nodes_0_edge_begin_1 = load i64* %nodes_0_edge_begin_s, align 8

]]></Node>
<StgValue><ssdm name="nodes_0_edge_begin_1"/></StgValue>
</operation>

<operation id="85" st_id="4" stage="1" lat="1">
<core>Sel</core>
<MemPortIdVec></MemPortIdVec>
<condition id="-1">
<or_exp><and_exp></and_exp></or_exp>
</condition>

<Node id="81" bw="64" op_0_bw="1" op_1_bw="64" op_2_bw="64">
<![CDATA[
._crit_edge1_ifconv:9  %tmp_begin = select i1 %trunc_ln39, i64 %nodes_1_edge_begin_1, i64 %nodes_0_edge_begin_1

]]></Node>
<StgValue><ssdm name="tmp_begin"/></StgValue>
</operation>

<operation id="86" st_id="4" stage="1" lat="2">
<core>RAM</core>
<MemPortIdVec>0 </MemPortIdVec>
<condition id="-1">
<or_exp><and_exp></and_exp></or_exp>
</condition>

<Node id="84" bw="64" op_0_bw="7">
<![CDATA[
._crit_edge1_ifconv:12  %nodes_1_edge_end_lo = load i64* %nodes_1_edge_end_ad, align 8

]]></Node>
<StgValue><ssdm name="nodes_1_edge_end_lo"/></StgValue>
</operation>

<operation id="87" st_id="4" stage="1" lat="2">
<core>RAM</core>
<MemPortIdVec>0 </MemPortIdVec>
<condition id="-1">
<or_exp><and_exp></and_exp></or_exp>
</condition>

<Node id="85" bw="64" op_0_bw="7">
<![CDATA[
._crit_edge1_ifconv:13  %nodes_0_edge_end_lo = load i64* %nodes_0_edge_end_ad, align 8

]]></Node>
<StgValue><ssdm name="nodes_0_edge_end_lo"/></StgValue>
</operation>

<operation id="88" st_id="4" stage="1" lat="1">
<core>Sel</core>
<MemPortIdVec></MemPortIdVec>
<condition id="-1">
<or_exp><and_exp></and_exp></or_exp>
</condition>

<Node id="86" bw="64" op_0_bw="1" op_1_bw="64" op_2_bw="64">
<![CDATA[
._crit_edge1_ifconv:14  %tmp_end = select i1 %trunc_ln39, i64 %nodes_1_edge_end_lo, i64 %nodes_0_edge_end_lo

]]></Node>
<StgValue><ssdm name="tmp_end"/></StgValue>
</operation>

<operation id="89" st_id="4" stage="1" lat="1">
<core>NULL</core>
<MemPortIdVec></MemPortIdVec>
<condition id="-1">
<or_exp><and_exp></and_exp></or_exp>
</condition>

<Node id="89" bw="0" op_0_bw="0">
<![CDATA[
._crit_edge1_ifconv:17  br label %5

]]></Node>
<StgValue><ssdm name="br_ln41"/></StgValue>
</operation>
</state>

<state id="5" st_id="5">

<operation id="90" st_id="5" stage="1" lat="1">
<core>NULL</core>
<MemPortIdVec></MemPortIdVec>
<condition id="-1">
<or_exp><and_exp></and_exp></or_exp>
</condition>

<Node id="91" bw="64" op_0_bw="64" op_1_bw="0" op_2_bw="64" op_3_bw="0">
<![CDATA[
:0  %e_0 = phi i64 [ %tmp_begin, %._crit_edge1_ifconv ], [ %e_1, %loop_neighbors_end ]

]]></Node>
<StgValue><ssdm name="e_0"/></StgValue>
</operation>

<operation id="91" st_id="5" stage="1" lat="1">
<core>Cmp</core>
<MemPortIdVec></MemPortIdVec>
<condition id="-1">
<or_exp><and_exp></and_exp></or_exp>
</condition>

<Node id="92" bw="1" op_0_bw="64" op_1_bw="64">
<![CDATA[
:1  %icmp_ln41 = icmp ult i64 %e_0, %tmp_end

]]></Node>
<StgValue><ssdm name="icmp_ln41"/></StgValue>
</operation>

<operation id="92" st_id="5" stage="1" lat="1">
<core>NULL</core>
<MemPortIdVec></MemPortIdVec>
<condition id="-1">
<or_exp><and_exp></and_exp></or_exp>
</condition>

<Node id="93" bw="0" op_0_bw="1" op_1_bw="0" op_2_bw="0">
<![CDATA[
:2  br i1 %icmp_ln41, label %loop_neighbors_begin, label %loop_queue_end

]]></Node>
<StgValue><ssdm name="br_ln41"/></StgValue>
</operation>

<operation id="93" st_id="5" stage="1" lat="1">
<core>NULL</core>
<MemPortIdVec></MemPortIdVec>
<condition id="-1">
<or_exp><and_exp><literal name="icmp_ln41" val="1"/>
</and_exp></or_exp>
</condition>

<Node id="98" bw="12" op_0_bw="64" op_1_bw="64" op_2_bw="64">
<![CDATA[
loop_neighbors_begin:3  %edges_dst_addr = getelementptr [4096 x i64]* %edges_dst, i64 0, i64 %e_0

]]></Node>
<StgValue><ssdm name="edges_dst_addr"/></StgValue>
</operation>

<operation id="94" st_id="5" stage="2" lat="2">
<core>RAM_1P_BRAM</core>
<MemPortIdVec>0 </MemPortIdVec>
<condition id="-1">
<or_exp><and_exp><literal name="icmp_ln41" val="1"/>
</and_exp></or_exp>
</condition>

<Node id="99" bw="64" op_0_bw="12">
<![CDATA[
loop_neighbors_begin:4  %tmp_dst = load i64* %edges_dst_addr, align 8

]]></Node>
<StgValue><ssdm name="tmp_dst"/></StgValue>
</operation>
</state>

<state id="6" st_id="6">

<operation id="95" st_id="6" stage="1" lat="2">
<core>RAM_1P_BRAM</core>
<MemPortIdVec>0 </MemPortIdVec>
<condition id="-1">
<or_exp><and_exp><literal name="icmp_ln41" val="1"/>
</and_exp></or_exp>
</condition>

<Node id="99" bw="64" op_0_bw="12">
<![CDATA[
loop_neighbors_begin:4  %tmp_dst = load i64* %edges_dst_addr, align 8

]]></Node>
<StgValue><ssdm name="tmp_dst"/></StgValue>
</operation>

<operation id="96" st_id="6" stage="1" lat="1">
<core>NULL</core>
<MemPortIdVec></MemPortIdVec>
<condition id="-1">
<or_exp><and_exp><literal name="icmp_ln41" val="1"/>
</and_exp></or_exp>
</condition>

<Node id="100" bw="1" op_0_bw="64">
<![CDATA[
loop_neighbors_begin:5  %trunc_ln43 = trunc i64 %tmp_dst to i1

]]></Node>
<StgValue><ssdm name="trunc_ln43"/></StgValue>
</operation>

<operation id="97" st_id="6" stage="1" lat="1">
<core>NULL</core>
<MemPortIdVec></MemPortIdVec>
<condition id="-1">
<or_exp><and_exp><literal name="icmp_ln41" val="1"/>
</and_exp></or_exp>
</condition>

<Node id="101" bw="9" op_0_bw="9" op_1_bw="64" op_2_bw="32" op_3_bw="32">
<![CDATA[
loop_neighbors_begin:6  %lshr_ln2 = call i9 @_ssdm_op_PartSelect.i9.i64.i32.i32(i64 %tmp_dst, i32 1, i32 9)

]]></Node>
<StgValue><ssdm name="lshr_ln2"/></StgValue>
</operation>

<operation id="98" st_id="6" stage="1" lat="1">
<core>NULL</core>
<MemPortIdVec></MemPortIdVec>
<condition id="-1">
<or_exp><and_exp><literal name="icmp_ln41" val="1"/>
</and_exp></or_exp>
</condition>

<Node id="102" bw="64" op_0_bw="9">
<![CDATA[
loop_neighbors_begin:7  %zext_ln43 = zext i9 %lshr_ln2 to i64

]]></Node>
<StgValue><ssdm name="zext_ln43"/></StgValue>
</operation>

<operation id="99" st_id="6" stage="1" lat="1">
<core>NULL</core>
<MemPortIdVec></MemPortIdVec>
<condition id="-1">
<or_exp><and_exp><literal name="icmp_ln41" val="1"/>
</and_exp></or_exp>
</condition>

<Node id="103" bw="7" op_0_bw="8" op_1_bw="64" op_2_bw="64">
<![CDATA[
loop_neighbors_begin:8  %level_0_addr_2 = getelementptr [128 x i8]* %level_0, i64 0, i64 %zext_ln43

]]></Node>
<StgValue><ssdm name="level_0_addr_2"/></StgValue>
</operation>

<operation id="100" st_id="6" stage="1" lat="1">
<core>NULL</core>
<MemPortIdVec></MemPortIdVec>
<condition id="-1">
<or_exp><and_exp><literal name="icmp_ln41" val="1"/>
</and_exp></or_exp>
</condition>

<Node id="104" bw="7" op_0_bw="8" op_1_bw="64" op_2_bw="64">
<![CDATA[
loop_neighbors_begin:9  %level_1_addr_2 = getelementptr [128 x i8]* %level_1, i64 0, i64 %zext_ln43

]]></Node>
<StgValue><ssdm name="level_1_addr_2"/></StgValue>
</operation>

<operation id="101" st_id="6" stage="2" lat="2">
<core>RAM</core>
<MemPortIdVec>0 </MemPortIdVec>
<condition id="-1">
<or_exp><and_exp><literal name="icmp_ln41" val="1"/>
</and_exp></or_exp>
</condition>

<Node id="105" bw="8" op_0_bw="7">
<![CDATA[
loop_neighbors_begin:10  %level_1_load = load i8* %level_1_addr_2, align 1

]]></Node>
<StgValue><ssdm name="level_1_load"/></StgValue>
</operation>

<operation id="102" st_id="6" stage="2" lat="2">
<core>RAM</core>
<MemPortIdVec>0 </MemPortIdVec>
<condition id="-1">
<or_exp><and_exp><literal name="icmp_ln41" val="1"/>
</and_exp></or_exp>
</condition>

<Node id="106" bw="8" op_0_bw="7">
<![CDATA[
loop_neighbors_begin:11  %level_0_load = load i8* %level_0_addr_2, align 1

]]></Node>
<StgValue><ssdm name="level_0_load"/></StgValue>
</operation>
</state>

<state id="7" st_id="7">

<operation id="103" st_id="7" stage="1" lat="2">
<core>RAM</core>
<MemPortIdVec>0 </MemPortIdVec>
<condition id="-1">
<or_exp><and_exp><literal name="icmp_ln41" val="1"/>
</and_exp></or_exp>
</condition>

<Node id="105" bw="8" op_0_bw="7">
<![CDATA[
loop_neighbors_begin:10  %level_1_load = load i8* %level_1_addr_2, align 1

]]></Node>
<StgValue><ssdm name="level_1_load"/></StgValue>
</operation>

<operation id="104" st_id="7" stage="1" lat="2">
<core>RAM</core>
<MemPortIdVec>0 </MemPortIdVec>
<condition id="-1">
<or_exp><and_exp><literal name="icmp_ln41" val="1"/>
</and_exp></or_exp>
</condition>

<Node id="106" bw="8" op_0_bw="7">
<![CDATA[
loop_neighbors_begin:11  %level_0_load = load i8* %level_0_addr_2, align 1

]]></Node>
<StgValue><ssdm name="level_0_load"/></StgValue>
</operation>

<operation id="105" st_id="7" stage="1" lat="1">
<core>Sel</core>
<MemPortIdVec></MemPortIdVec>
<condition id="-1">
<or_exp><and_exp><literal name="icmp_ln41" val="1"/>
</and_exp></or_exp>
</condition>

<Node id="107" bw="8" op_0_bw="1" op_1_bw="8" op_2_bw="8">
<![CDATA[
loop_neighbors_begin:12  %tmp_level = select i1 %trunc_ln43, i8 %level_1_load, i8 %level_0_load

]]></Node>
<StgValue><ssdm name="tmp_level"/></StgValue>
</operation>

<operation id="106" st_id="7" stage="1" lat="1">
<core>Cmp</core>
<MemPortIdVec></MemPortIdVec>
<condition id="-1">
<or_exp><and_exp><literal name="icmp_ln41" val="1"/>
</and_exp></or_exp>
</condition>

<Node id="108" bw="1" op_0_bw="8" op_1_bw="8">
<![CDATA[
loop_neighbors_begin:13  %icmp_ln45 = icmp eq i8 %tmp_level, 127

]]></Node>
<StgValue><ssdm name="icmp_ln45"/></StgValue>
</operation>

<operation id="107" st_id="7" stage="1" lat="1">
<core>NULL</core>
<MemPortIdVec></MemPortIdVec>
<condition id="-1">
<or_exp><and_exp><literal name="icmp_ln41" val="1"/>
</and_exp></or_exp>
</condition>

<Node id="109" bw="0" op_0_bw="1" op_1_bw="0" op_2_bw="0">
<![CDATA[
loop_neighbors_begin:14  br i1 %icmp_ln45, label %_ifconv1, label %loop_neighbors_end

]]></Node>
<StgValue><ssdm name="br_ln45"/></StgValue>
</operation>

<operation id="108" st_id="7" stage="2" lat="2">
<core>RAM</core>
<MemPortIdVec>0 </MemPortIdVec>
<condition id="-1">
<or_exp><and_exp><literal name="icmp_ln41" val="1"/>
<literal name="icmp_ln45" val="1"/>
<literal name="trunc_ln39" val="1"/>
</and_exp></or_exp>
</condition>

<Node id="111" bw="8" op_0_bw="7">
<![CDATA[
_ifconv1:0  %level_1_load_1 = load i8* %level_1_addr_1, align 1

]]></Node>
<StgValue><ssdm name="level_1_load_1"/></StgValue>
</operation>

<operation id="109" st_id="7" stage="2" lat="2">
<core>RAM</core>
<MemPortIdVec>0 </MemPortIdVec>
<condition id="-1">
<or_exp><and_exp><literal name="icmp_ln41" val="1"/>
<literal name="icmp_ln45" val="1"/>
<literal name="trunc_ln39" val="0"/>
</and_exp></or_exp>
</condition>

<Node id="112" bw="8" op_0_bw="7">
<![CDATA[
_ifconv1:1  %level_0_load_1 = load i8* %level_0_addr_1, align 1

]]></Node>
<StgValue><ssdm name="level_0_load_1"/></StgValue>
</operation>

<operation id="110" st_id="7" stage="1" lat="1">
<core>NULL</core>
<MemPortIdVec></MemPortIdVec>
<condition id="-1">
<or_exp><and_exp><literal name="icmp_ln41" val="1"/>
<literal name="icmp_ln45" val="1"/>
</and_exp></or_exp>
</condition>

<Node id="115" bw="0" op_0_bw="1" op_1_bw="0" op_2_bw="0">
<![CDATA[
_ifconv1:4  br i1 %trunc_ln43, label %branch3, label %branch2

]]></Node>
<StgValue><ssdm name="br_ln47"/></StgValue>
</operation>

<operation id="111" st_id="7" stage="1" lat="1">
<core>NULL</core>
<MemPortIdVec></MemPortIdVec>
<condition id="-1">
<or_exp><and_exp><literal name="icmp_ln41" val="1"/>
<literal name="icmp_ln45" val="1"/>
</and_exp></or_exp>
</condition>

<Node id="140" bw="64" op_0_bw="64" op_1_bw="0">
<![CDATA[
:0  %q_in_0_load_1 = load i64* %q_in_0

]]></Node>
<StgValue><ssdm name="q_in_0_load_1"/></StgValue>
</operation>

<operation id="112" st_id="7" stage="1" lat="1">
<core>Cmp</core>
<MemPortIdVec></MemPortIdVec>
<condition id="-1">
<or_exp><and_exp><literal name="icmp_ln41" val="1"/>
<literal name="icmp_ln45" val="1"/>
</and_exp></or_exp>
</condition>

<Node id="141" bw="1" op_0_bw="64" op_1_bw="64">
<![CDATA[
:1  %icmp_ln49 = icmp eq i64 %q_in_0_load_1, 0

]]></Node>
<StgValue><ssdm name="icmp_ln49"/></StgValue>
</operation>

<operation id="113" st_id="7" stage="1" lat="1">
<core>AddSub</core>
<MemPortIdVec></MemPortIdVec>
<condition id="-1">
<or_exp><and_exp><literal name="icmp_ln41" val="1"/>
<literal name="icmp_ln45" val="1"/>
</and_exp></or_exp>
</condition>

<Node id="142" bw="64" op_0_bw="64" op_1_bw="64">
<![CDATA[
:2  %add_ln49 = add i64 -1, %q_in_0_load_1

]]></Node>
<StgValue><ssdm name="add_ln49"/></StgValue>
</operation>

<operation id="114" st_id="7" stage="1" lat="1">
<core>Sel</core>
<MemPortIdVec></MemPortIdVec>
<condition id="-1">
<or_exp><and_exp><literal name="icmp_ln41" val="1"/>
<literal name="icmp_ln45" val="1"/>
</and_exp></or_exp>
</condition>

<Node id="143" bw="64" op_0_bw="1" op_1_bw="64" op_2_bw="64">
<![CDATA[
:3  %select_ln49 = select i1 %icmp_ln49, i64 255, i64 %add_ln49

]]></Node>
<StgValue><ssdm name="select_ln49"/></StgValue>
</operation>

<operation id="115" st_id="7" stage="1" lat="1">
<core>NULL</core>
<MemPortIdVec></MemPortIdVec>
<condition id="-1">
<or_exp><and_exp><literal name="icmp_ln41" val="1"/>
<literal name="icmp_ln45" val="1"/>
</and_exp></or_exp>
</condition>

<Node id="144" bw="8" op_0_bw="64" op_1_bw="64" op_2_bw="64">
<![CDATA[
:4  %queue_addr_2 = getelementptr inbounds [256 x i64]* %queue, i64 0, i64 %select_ln49

]]></Node>
<StgValue><ssdm name="queue_addr_2"/></StgValue>
</operation>

<operation id="116" st_id="7" stage="1" lat="1">
<core>RAM</core>
<MemPortIdVec>0 </MemPortIdVec>
<condition id="-1">
<or_exp><and_exp><literal name="icmp_ln41" val="1"/>
<literal name="icmp_ln45" val="1"/>
</and_exp></or_exp>
</condition>

<Node id="145" bw="0" op_0_bw="64" op_1_bw="8">
<![CDATA[
:5  store i64 %tmp_dst, i64* %queue_addr_2, align 8

]]></Node>
<StgValue><ssdm name="store_ln49"/></StgValue>
</operation>

<operation id="117" st_id="7" stage="1" lat="1">
<core>NULL</core>
<MemPortIdVec></MemPortIdVec>
<condition id="-1">
<or_exp><and_exp><literal name="icmp_ln41" val="1"/>
<literal name="icmp_ln45" val="1"/>
</and_exp></or_exp>
</condition>

<Node id="146" bw="8" op_0_bw="64">
<![CDATA[
:6  %trunc_ln49 = trunc i64 %q_in_0_load_1 to i8

]]></Node>
<StgValue><ssdm name="trunc_ln49"/></StgValue>
</operation>

<operation id="118" st_id="7" stage="1" lat="1">
<core>AddSub</core>
<MemPortIdVec></MemPortIdVec>
<condition id="-1">
<or_exp><and_exp><literal name="icmp_ln41" val="1"/>
<literal name="icmp_ln45" val="1"/>
</and_exp></or_exp>
</condition>

<Node id="147" bw="8" op_0_bw="8" op_1_bw="8">
<![CDATA[
:7  %q_in = add i8 1, %trunc_ln49

]]></Node>
<StgValue><ssdm name="q_in"/></StgValue>
</operation>

<operation id="119" st_id="7" stage="1" lat="1">
<core>NULL</core>
<MemPortIdVec></MemPortIdVec>
<condition id="-1">
<or_exp><and_exp><literal name="icmp_ln41" val="1"/>
<literal name="icmp_ln45" val="1"/>
</and_exp></or_exp>
</condition>

<Node id="148" bw="64" op_0_bw="8">
<![CDATA[
:8  %zext_ln49 = zext i8 %q_in to i64

]]></Node>
<StgValue><ssdm name="zext_ln49"/></StgValue>
</operation>

<operation id="120" st_id="7" stage="1" lat="1">
<core>NULL</core>
<MemPortIdVec></MemPortIdVec>
<condition id="-1">
<or_exp><and_exp><literal name="icmp_ln41" val="1"/>
<literal name="icmp_ln45" val="1"/>
</and_exp></or_exp>
</condition>

<Node id="149" bw="0" op_0_bw="64" op_1_bw="64" op_2_bw="64" op_3_bw="0" op_4_bw="64">
<![CDATA[
:9  store i64 %zext_ln49, i64* %q_in_0

]]></Node>
<StgValue><ssdm name="store_ln50"/></StgValue>
</operation>

<operation id="121" st_id="7" stage="1" lat="1">
<core>NULL</core>
<MemPortIdVec></MemPortIdVec>
<condition id="-1">
<or_exp><and_exp><literal name="icmp_ln41" val="1"/>
<literal name="icmp_ln45" val="1"/>
</and_exp></or_exp>
</condition>

<Node id="150" bw="0" op_0_bw="0">
<![CDATA[
:10  br label %loop_neighbors_end

]]></Node>
<StgValue><ssdm name="br_ln50"/></StgValue>
</operation>

<operation id="122" st_id="7" stage="1" lat="1">
<core>AddSub</core>
<MemPortIdVec></MemPortIdVec>
<condition id="-1">
<or_exp><and_exp><literal name="icmp_ln41" val="1"/>
</and_exp></or_exp>
</condition>

<Node id="153" bw="64" op_0_bw="64" op_1_bw="64">
<![CDATA[
loop_neighbors_end:1  %e_1 = add i64 %e_0, 1

]]></Node>
<StgValue><ssdm name="e_1"/></StgValue>
</operation>
</state>

<state id="8" st_id="8">

<operation id="123" st_id="8" stage="1" lat="2">
<core>RAM</core>
<MemPortIdVec>0 </MemPortIdVec>
<condition id="-1">
<or_exp><and_exp><literal name="icmp_ln45" val="1"/>
<literal name="trunc_ln39" val="1"/>
</and_exp></or_exp>
</condition>

<Node id="111" bw="8" op_0_bw="7">
<![CDATA[
_ifconv1:0  %level_1_load_1 = load i8* %level_1_addr_1, align 1

]]></Node>
<StgValue><ssdm name="level_1_load_1"/></StgValue>
</operation>

<operation id="124" st_id="8" stage="1" lat="2">
<core>RAM</core>
<MemPortIdVec>0 </MemPortIdVec>
<condition id="-1">
<or_exp><and_exp><literal name="icmp_ln45" val="1"/>
<literal name="trunc_ln39" val="0"/>
</and_exp></or_exp>
</condition>

<Node id="112" bw="8" op_0_bw="7">
<![CDATA[
_ifconv1:1  %level_0_load_1 = load i8* %level_0_addr_1, align 1

]]></Node>
<StgValue><ssdm name="level_0_load_1"/></StgValue>
</operation>

<operation id="125" st_id="8" stage="1" lat="1">
<core>Sel</core>
<MemPortIdVec></MemPortIdVec>
<condition id="-1">
<or_exp><and_exp><literal name="icmp_ln45" val="1"/>
</and_exp></or_exp>
</condition>

<Node id="113" bw="8" op_0_bw="1" op_1_bw="8" op_2_bw="8">
<![CDATA[
_ifconv1:2  %select_ln39 = select i1 %trunc_ln39, i8 %level_1_load_1, i8 %level_0_load_1

]]></Node>
<StgValue><ssdm name="select_ln39"/></StgValue>
</operation>

<operation id="126" st_id="8" stage="1" lat="1">
<core>AddSub</core>
<MemPortIdVec></MemPortIdVec>
<condition id="-1">
<or_exp><and_exp><literal name="icmp_ln45" val="1"/>
</and_exp></or_exp>
</condition>

<Node id="114" bw="8" op_0_bw="8" op_1_bw="8">
<![CDATA[
_ifconv1:3  %tmp_level_1 = add i8 %select_ln39, 1

]]></Node>
<StgValue><ssdm name="tmp_level_1"/></StgValue>
</operation>

<operation id="127" st_id="8" stage="1" lat="1">
<core>RAM</core>
<MemPortIdVec>0 </MemPortIdVec>
<condition id="-1">
<or_exp><and_exp><literal name="icmp_ln45" val="1"/>
<literal name="trunc_ln43" val="0"/>
</and_exp></or_exp>
</condition>

<Node id="117" bw="0" op_0_bw="8" op_1_bw="7" op_2_bw="8" op_3_bw="8">
<![CDATA[
branch2:0  store i8 %tmp_level_1, i8* %level_0_addr_2, align 1

]]></Node>
<StgValue><ssdm name="store_ln47"/></StgValue>
</operation>

<operation id="128" st_id="8" stage="1" lat="1">
<core>NULL</core>
<MemPortIdVec></MemPortIdVec>
<condition id="-1">
<or_exp><and_exp><literal name="icmp_ln45" val="1"/>
<literal name="trunc_ln43" val="0"/>
</and_exp></or_exp>
</condition>

<Node id="118" bw="0" op_0_bw="0">
<![CDATA[
branch2:1  br label %_ifconv2

]]></Node>
<StgValue><ssdm name="br_ln47"/></StgValue>
</operation>

<operation id="129" st_id="8" stage="1" lat="1">
<core>RAM</core>
<MemPortIdVec>0 </MemPortIdVec>
<condition id="-1">
<or_exp><and_exp><literal name="icmp_ln45" val="1"/>
<literal name="trunc_ln43" val="1"/>
</and_exp></or_exp>
</condition>

<Node id="120" bw="0" op_0_bw="8" op_1_bw="7" op_2_bw="8" op_3_bw="8">
<![CDATA[
branch3:0  store i8 %tmp_level_1, i8* %level_1_addr_2, align 1

]]></Node>
<StgValue><ssdm name="store_ln47"/></StgValue>
</operation>

<operation id="130" st_id="8" stage="1" lat="1">
<core>NULL</core>
<MemPortIdVec></MemPortIdVec>
<condition id="-1">
<or_exp><and_exp><literal name="icmp_ln45" val="1"/>
<literal name="trunc_ln43" val="1"/>
</and_exp></or_exp>
</condition>

<Node id="121" bw="0" op_0_bw="0">
<![CDATA[
branch3:1  br label %_ifconv2

]]></Node>
<StgValue><ssdm name="br_ln47"/></StgValue>
</operation>

<operation id="131" st_id="8" stage="1" lat="1">
<core>NULL</core>
<MemPortIdVec></MemPortIdVec>
<condition id="-1">
<or_exp><and_exp><literal name="icmp_ln45" val="1"/>
</and_exp></or_exp>
</condition>

<Node id="123" bw="1" op_0_bw="8">
<![CDATA[
_ifconv2:0  %trunc_ln48 = trunc i8 %select_ln39 to i1

]]></Node>
<StgValue><ssdm name="trunc_ln48"/></StgValue>
</operation>

<operation id="132" st_id="8" stage="1" lat="1">
<core>NULL</core>
<MemPortIdVec></MemPortIdVec>
<condition id="-1">
<or_exp><and_exp><literal name="icmp_ln45" val="1"/>
</and_exp></or_exp>
</condition>

<Node id="124" bw="7" op_0_bw="7" op_1_bw="8" op_2_bw="32" op_3_bw="32">
<![CDATA[
_ifconv2:1  %lshr_ln3 = call i7 @_ssdm_op_PartSelect.i7.i8.i32.i32(i8 %tmp_level_1, i32 1, i32 7)

]]></Node>
<StgValue><ssdm name="lshr_ln3"/></StgValue>
</operation>

<operation id="133" st_id="8" stage="1" lat="1">
<core>NULL</core>
<MemPortIdVec></MemPortIdVec>
<condition id="-1">
<or_exp><and_exp><literal name="icmp_ln45" val="1"/>
</and_exp></or_exp>
</condition>

<Node id="125" bw="64" op_0_bw="7">
<![CDATA[
_ifconv2:2  %zext_ln48 = zext i7 %lshr_ln3 to i64

]]></Node>
<StgValue><ssdm name="zext_ln48"/></StgValue>
</operation>

<operation id="134" st_id="8" stage="1" lat="1">
<core>NULL</core>
<MemPortIdVec></MemPortIdVec>
<condition id="-1">
<or_exp><and_exp><literal name="icmp_ln45" val="1"/>
</and_exp></or_exp>
</condition>

<Node id="126" bw="3" op_0_bw="64" op_1_bw="64" op_2_bw="64">
<![CDATA[
_ifconv2:3  %level_counts_1_addr = getelementptr [5 x i64]* %level_counts_1, i64 0, i64 %zext_ln48

]]></Node>
<StgValue><ssdm name="level_counts_1_addr"/></StgValue>
</operation>

<operation id="135" st_id="8" stage="1" lat="1">
<core>NULL</core>
<MemPortIdVec></MemPortIdVec>
<condition id="-1">
<or_exp><and_exp><literal name="icmp_ln45" val="1"/>
</and_exp></or_exp>
</condition>

<Node id="127" bw="3" op_0_bw="64" op_1_bw="64" op_2_bw="64">
<![CDATA[
_ifconv2:4  %level_counts_0_addr = getelementptr [5 x i64]* %level_counts_0, i64 0, i64 %zext_ln48

]]></Node>
<StgValue><ssdm name="level_counts_0_addr"/></StgValue>
</operation>

<operation id="136" st_id="8" stage="2" lat="2">
<core>RAM</core>
<MemPortIdVec>0 </MemPortIdVec>
<condition id="-1">
<or_exp><and_exp><literal name="icmp_ln45" val="1"/>
</and_exp></or_exp>
</condition>

<Node id="128" bw="64" op_0_bw="3">
<![CDATA[
_ifconv2:5  %level_counts_0_load = load i64* %level_counts_0_addr, align 8

]]></Node>
<StgValue><ssdm name="level_counts_0_load"/></StgValue>
</operation>

<operation id="137" st_id="8" stage="2" lat="2">
<core>RAM</core>
<MemPortIdVec>0 </MemPortIdVec>
<condition id="-1">
<or_exp><and_exp><literal name="icmp_ln45" val="1"/>
</and_exp></or_exp>
</condition>

<Node id="129" bw="64" op_0_bw="3">
<![CDATA[
_ifconv2:6  %level_counts_1_load = load i64* %level_counts_1_addr, align 8

]]></Node>
<StgValue><ssdm name="level_counts_1_load"/></StgValue>
</operation>
</state>

<state id="9" st_id="9">

<operation id="138" st_id="9" stage="1" lat="1">
<core>NULL</core>
<MemPortIdVec></MemPortIdVec>
<condition id="-1">
<or_exp><and_exp></and_exp></or_exp>
</condition>

<Node id="95" bw="0" op_0_bw="0" op_1_bw="0">
<![CDATA[
loop_neighbors_begin:0  call void (...)* @_ssdm_op_SpecLoopName([15 x i8]* @p_str4) nounwind

]]></Node>
<StgValue><ssdm name="specloopname_ln41"/></StgValue>
</operation>

<operation id="139" st_id="9" stage="1" lat="1">
<core>NULL</core>
<MemPortIdVec></MemPortIdVec>
<condition id="-1">
<or_exp><and_exp></and_exp></or_exp>
</condition>

<Node id="96" bw="32" op_0_bw="32" op_1_bw="0">
<![CDATA[
loop_neighbors_begin:1  %tmp_1 = call i32 (...)* @_ssdm_op_SpecRegionBegin([15 x i8]* @p_str4)

]]></Node>
<StgValue><ssdm name="tmp_1"/></StgValue>
</operation>

<operation id="140" st_id="9" stage="1" lat="1">
<core>NULL</core>
<MemPortIdVec></MemPortIdVec>
<condition id="-1">
<or_exp><and_exp></and_exp></or_exp>
</condition>

<Node id="97" bw="0" op_0_bw="0" op_1_bw="32" op_2_bw="32" op_3_bw="32" op_4_bw="32" op_5_bw="0">
<![CDATA[
loop_neighbors_begin:2  call void (...)* @_ssdm_op_SpecPipeline(i32 -1, i32 1, i32 1, i32 0, [1 x i8]* @p_str1) nounwind

]]></Node>
<StgValue><ssdm name="specpipeline_ln42"/></StgValue>
</operation>

<operation id="141" st_id="9" stage="1" lat="2">
<core>RAM</core>
<MemPortIdVec>0 </MemPortIdVec>
<condition id="-1">
<or_exp><and_exp><literal name="icmp_ln45" val="1"/>
</and_exp></or_exp>
</condition>

<Node id="128" bw="64" op_0_bw="3">
<![CDATA[
_ifconv2:5  %level_counts_0_load = load i64* %level_counts_0_addr, align 8

]]></Node>
<StgValue><ssdm name="level_counts_0_load"/></StgValue>
</operation>

<operation id="142" st_id="9" stage="1" lat="2">
<core>RAM</core>
<MemPortIdVec>0 </MemPortIdVec>
<condition id="-1">
<or_exp><and_exp><literal name="icmp_ln45" val="1"/>
</and_exp></or_exp>
</condition>

<Node id="129" bw="64" op_0_bw="3">
<![CDATA[
_ifconv2:6  %level_counts_1_load = load i64* %level_counts_1_addr, align 8

]]></Node>
<StgValue><ssdm name="level_counts_1_load"/></StgValue>
</operation>

<operation id="143" st_id="9" stage="1" lat="1">
<core>Sel</core>
<MemPortIdVec></MemPortIdVec>
<condition id="-1">
<or_exp><and_exp><literal name="icmp_ln45" val="1"/>
</and_exp></or_exp>
</condition>

<Node id="130" bw="64" op_0_bw="1" op_1_bw="64" op_2_bw="64">
<![CDATA[
_ifconv2:7  %select_ln48 = select i1 %trunc_ln48, i64 %level_counts_0_load, i64 %level_counts_1_load

]]></Node>
<StgValue><ssdm name="select_ln48"/></StgValue>
</operation>

<operation id="144" st_id="9" stage="1" lat="1">
<core>AddSub</core>
<MemPortIdVec></MemPortIdVec>
<condition id="-1">
<or_exp><and_exp><literal name="icmp_ln45" val="1"/>
</and_exp></or_exp>
</condition>

<Node id="131" bw="64" op_0_bw="64" op_1_bw="64">
<![CDATA[
_ifconv2:8  %add_ln48 = add i64 1, %select_ln48

]]></Node>
<StgValue><ssdm name="add_ln48"/></StgValue>
</operation>

<operation id="145" st_id="9" stage="1" lat="1">
<core>NULL</core>
<MemPortIdVec></MemPortIdVec>
<condition id="-1">
<or_exp><and_exp><literal name="icmp_ln45" val="1"/>
</and_exp></or_exp>
</condition>

<Node id="132" bw="0" op_0_bw="1" op_1_bw="0" op_2_bw="0">
<![CDATA[
_ifconv2:9  br i1 %trunc_ln48, label %branch316, label %branch215

]]></Node>
<StgValue><ssdm name="br_ln48"/></StgValue>
</operation>

<operation id="146" st_id="9" stage="1" lat="1">
<core>RAM</core>
<MemPortIdVec>0 </MemPortIdVec>
<condition id="-1">
<or_exp><and_exp><literal name="icmp_ln45" val="1"/>
<literal name="trunc_ln48" val="0"/>
</and_exp></or_exp>
</condition>

<Node id="134" bw="0" op_0_bw="64" op_1_bw="3" op_2_bw="64">
<![CDATA[
branch215:0  store i64 %add_ln48, i64* %level_counts_1_addr, align 8

]]></Node>
<StgValue><ssdm name="store_ln48"/></StgValue>
</operation>

<operation id="147" st_id="9" stage="1" lat="1">
<core>NULL</core>
<MemPortIdVec></MemPortIdVec>
<condition id="-1">
<or_exp><and_exp><literal name="icmp_ln45" val="1"/>
<literal name="trunc_ln48" val="0"/>
</and_exp></or_exp>
</condition>

<Node id="135" bw="0" op_0_bw="0">
<![CDATA[
branch215:1  br label %6

]]></Node>
<StgValue><ssdm name="br_ln48"/></StgValue>
</operation>

<operation id="148" st_id="9" stage="1" lat="1">
<core>RAM</core>
<MemPortIdVec>0 </MemPortIdVec>
<condition id="-1">
<or_exp><and_exp><literal name="icmp_ln45" val="1"/>
<literal name="trunc_ln48" val="1"/>
</and_exp></or_exp>
</condition>

<Node id="137" bw="0" op_0_bw="64" op_1_bw="3" op_2_bw="64">
<![CDATA[
branch316:0  store i64 %add_ln48, i64* %level_counts_0_addr, align 8

]]></Node>
<StgValue><ssdm name="store_ln48"/></StgValue>
</operation>

<operation id="149" st_id="9" stage="1" lat="1">
<core>NULL</core>
<MemPortIdVec></MemPortIdVec>
<condition id="-1">
<or_exp><and_exp><literal name="icmp_ln45" val="1"/>
<literal name="trunc_ln48" val="1"/>
</and_exp></or_exp>
</condition>

<Node id="138" bw="0" op_0_bw="0">
<![CDATA[
branch316:1  br label %6

]]></Node>
<StgValue><ssdm name="br_ln48"/></StgValue>
</operation>

<operation id="150" st_id="9" stage="1" lat="1">
<core>NULL</core>
<MemPortIdVec></MemPortIdVec>
<condition id="-1">
<or_exp><and_exp><literal name="icmp_ln41" val="1"/>
</and_exp></or_exp>
</condition>

<Node id="152" bw="32" op_0_bw="32" op_1_bw="0" op_2_bw="32">
<![CDATA[
loop_neighbors_end:0  %empty_7 = call i32 (...)* @_ssdm_op_SpecRegionEnd([15 x i8]* @p_str4, i32 %tmp_1)

]]></Node>
<StgValue><ssdm name="empty_7"/></StgValue>
</operation>

<operation id="151" st_id="9" stage="1" lat="1">
<core>NULL</core>
<MemPortIdVec></MemPortIdVec>
<condition id="-1">
<or_exp><and_exp><literal name="icmp_ln41" val="1"/>
</and_exp></or_exp>
</condition>

<Node id="154" bw="0" op_0_bw="0">
<![CDATA[
loop_neighbors_end:2  br label %5

]]></Node>
<StgValue><ssdm name="br_ln41"/></StgValue>
</operation>
</state>

<state id="10" st_id="10">

<operation id="152" st_id="10" stage="1" lat="1">
<core>NULL</core>
<MemPortIdVec></MemPortIdVec>
<condition id="-1">
<or_exp><and_exp></and_exp></or_exp>
</condition>

<Node id="156" bw="32" op_0_bw="32" op_1_bw="0" op_2_bw="32">
<![CDATA[
loop_queue_end:0  %empty_8 = call i32 (...)* @_ssdm_op_SpecRegionEnd([11 x i8]* @p_str3, i32 %tmp)

]]></Node>
<StgValue><ssdm name="empty_8"/></StgValue>
</operation>

<operation id="153" st_id="10" stage="1" lat="1">
<core>AddSub</core>
<MemPortIdVec></MemPortIdVec>
<condition id="-1">
<or_exp><and_exp></and_exp></or_exp>
</condition>

<Node id="157" bw="9" op_0_bw="9" op_1_bw="9">
<![CDATA[
loop_queue_end:1  %dummy = add i9 %dummy_0, 1

]]></Node>
<StgValue><ssdm name="dummy"/></StgValue>
</operation>

<operation id="154" st_id="10" stage="1" lat="1">
<core>NULL</core>
<MemPortIdVec></MemPortIdVec>
<condition id="-1">
<or_exp><and_exp></and_exp></or_exp>
</condition>

<Node id="158" bw="0" op_0_bw="0">
<![CDATA[
loop_queue_end:2  br label %2

]]></Node>
<StgValue><ssdm name="br_ln34"/></StgValue>
</operation>
</state>
</state_list>


<ports>
<port id="183" name="nodes_0_edge_begin" dir="0" iftype="1">
<core>RAM</core><StgValue><ssdm name="nodes_0_edge_begin"/><MemPortTyVec>1 3 </MemPortTyVec>
</StgValue>
</port>
<port id="184" name="nodes_1_edge_begin" dir="0" iftype="1">
<core>RAM</core><StgValue><ssdm name="nodes_1_edge_begin"/><MemPortTyVec>1 3 </MemPortTyVec>
</StgValue>
</port>
<port id="185" name="nodes_0_edge_end" dir="0" iftype="1">
<core>RAM</core><StgValue><ssdm name="nodes_0_edge_end"/><MemPortTyVec>1 3 </MemPortTyVec>
</StgValue>
</port>
<port id="186" name="nodes_1_edge_end" dir="0" iftype="1">
<core>RAM</core><StgValue><ssdm name="nodes_1_edge_end"/><MemPortTyVec>1 3 </MemPortTyVec>
</StgValue>
</port>
<port id="187" name="edges_dst" dir="0" iftype="1">
<core>RAM_1P_BRAM</core><StgValue><ssdm name="edges_dst"/><MemPortTyVec>1 </MemPortTyVec>
</StgValue>
</port>
<port id="188" name="starting_node" dir="0" iftype="0">
<core>NULL</core><StgValue><ssdm name="starting_node"/></StgValue>
</port>
<port id="189" name="level_0" dir="2" iftype="1">
<core>RAM</core><StgValue><ssdm name="level_0"/><MemPortTyVec>2 3 </MemPortTyVec>
</StgValue>
</port>
<port id="190" name="level_1" dir="2" iftype="1">
<core>RAM</core><StgValue><ssdm name="level_1"/><MemPortTyVec>2 3 </MemPortTyVec>
</StgValue>
</port>
<port id="191" name="level_counts_0" dir="2" iftype="1">
<core>RAM</core><StgValue><ssdm name="level_counts_0"/><MemPortTyVec>2 3 </MemPortTyVec>
</StgValue>
</port>
<port id="192" name="level_counts_1" dir="2" iftype="1">
<core>RAM</core><StgValue><ssdm name="level_counts_1"/><MemPortTyVec>2 3 </MemPortTyVec>
</StgValue>
</port>
</ports>


<dataflows>
<dataflow id="194" from="_ssdm_op_SpecBitsMap" to="specbitsmap_ln0" fromId="193" toId="11">
</dataflow>
<dataflow id="195" from="nodes_1_edge_end" to="specbitsmap_ln0" fromId="186" toId="11">
</dataflow>
<dataflow id="196" from="_ssdm_op_SpecBitsMap" to="specbitsmap_ln0" fromId="193" toId="12">
</dataflow>
<dataflow id="197" from="nodes_0_edge_end" to="specbitsmap_ln0" fromId="185" toId="12">
</dataflow>
<dataflow id="198" from="_ssdm_op_SpecBitsMap" to="specbitsmap_ln0" fromId="193" toId="13">
</dataflow>
<dataflow id="199" from="nodes_1_edge_begin" to="specbitsmap_ln0" fromId="184" toId="13">
</dataflow>
<dataflow id="200" from="_ssdm_op_SpecBitsMap" to="specbitsmap_ln0" fromId="193" toId="14">
</dataflow>
<dataflow id="201" from="nodes_0_edge_begin" to="specbitsmap_ln0" fromId="183" toId="14">
</dataflow>
<dataflow id="202" from="_ssdm_op_SpecBitsMap" to="specbitsmap_ln0" fromId="193" toId="15">
</dataflow>
<dataflow id="203" from="level_counts_1" to="specbitsmap_ln0" fromId="192" toId="15">
</dataflow>
<dataflow id="204" from="_ssdm_op_SpecBitsMap" to="specbitsmap_ln0" fromId="193" toId="16">
</dataflow>
<dataflow id="205" from="level_counts_0" to="specbitsmap_ln0" fromId="191" toId="16">
</dataflow>
<dataflow id="206" from="_ssdm_op_SpecBitsMap" to="specbitsmap_ln0" fromId="193" toId="17">
</dataflow>
<dataflow id="207" from="level_1" to="specbitsmap_ln0" fromId="190" toId="17">
</dataflow>
<dataflow id="208" from="_ssdm_op_SpecBitsMap" to="specbitsmap_ln0" fromId="193" toId="18">
</dataflow>
<dataflow id="209" from="level_0" to="specbitsmap_ln0" fromId="189" toId="18">
</dataflow>
<dataflow id="210" from="_ssdm_op_SpecBitsMap" to="specbitsmap_ln0" fromId="193" toId="19">
</dataflow>
<dataflow id="211" from="edges_dst" to="specbitsmap_ln0" fromId="187" toId="19">
</dataflow>
<dataflow id="212" from="_ssdm_op_SpecBitsMap" to="specbitsmap_ln0" fromId="193" toId="20">
</dataflow>
<dataflow id="213" from="starting_node" to="specbitsmap_ln0" fromId="188" toId="20">
</dataflow>
<dataflow id="215" from="_ssdm_op_Read.ap_auto.i64" to="starting_node_read" fromId="214" toId="21">
</dataflow>
<dataflow id="216" from="starting_node" to="starting_node_read" fromId="188" toId="21">
</dataflow>
<dataflow id="217" from="level_counts_0" to="level_counts_0_addr_1" fromId="191" toId="22">
</dataflow>
<dataflow id="219" from="StgValue_218" to="level_counts_0_addr_1" fromId="218" toId="22">
</dataflow>
<dataflow id="220" from="StgValue_218" to="level_counts_0_addr_1" fromId="218" toId="22">
</dataflow>
<dataflow id="222" from="_ssdm_op_SpecTopModule" to="spectopmodule_ln0" fromId="221" toId="23">
</dataflow>
<dataflow id="224" from="bfs_str" to="spectopmodule_ln0" fromId="223" toId="23">
</dataflow>
<dataflow id="226" from="StgValue_225" to="queue" fromId="225" toId="24">
</dataflow>
<dataflow id="228" from="_ssdm_op_SpecMemCore" to="specmemcore_ln17" fromId="227" toId="25">
</dataflow>
<dataflow id="229" from="edges_dst" to="specmemcore_ln17" fromId="187" toId="25">
</dataflow>
<dataflow id="231" from="p_str1" to="specmemcore_ln17" fromId="230" toId="25">
</dataflow>
<dataflow id="233" from="p_str2" to="specmemcore_ln17" fromId="232" toId="25">
</dataflow>
<dataflow id="234" from="p_str1" to="specmemcore_ln17" fromId="230" toId="25">
</dataflow>
<dataflow id="236" from="StgValue_235" to="specmemcore_ln17" fromId="235" toId="25">
</dataflow>
<dataflow id="237" from="p_str1" to="specmemcore_ln17" fromId="230" toId="25">
</dataflow>
<dataflow id="238" from="p_str1" to="specmemcore_ln17" fromId="230" toId="25">
</dataflow>
<dataflow id="239" from="p_str1" to="specmemcore_ln17" fromId="230" toId="25">
</dataflow>
<dataflow id="240" from="p_str1" to="specmemcore_ln17" fromId="230" toId="25">
</dataflow>
<dataflow id="241" from="p_str1" to="specmemcore_ln17" fromId="230" toId="25">
</dataflow>
<dataflow id="242" from="starting_node_read" to="trunc_ln30" fromId="21" toId="26">
</dataflow>
<dataflow id="244" from="_ssdm_op_PartSelect.i9.i64.i32.i32" to="lshr_ln" fromId="243" toId="27">
</dataflow>
<dataflow id="245" from="starting_node_read" to="lshr_ln" fromId="21" toId="27">
</dataflow>
<dataflow id="247" from="StgValue_246" to="lshr_ln" fromId="246" toId="27">
</dataflow>
<dataflow id="249" from="StgValue_248" to="lshr_ln" fromId="248" toId="27">
</dataflow>
<dataflow id="250" from="lshr_ln" to="zext_ln30" fromId="27" toId="28">
</dataflow>
<dataflow id="251" from="level_0" to="level_0_addr" fromId="189" toId="29">
</dataflow>
<dataflow id="252" from="StgValue_218" to="level_0_addr" fromId="218" toId="29">
</dataflow>
<dataflow id="253" from="zext_ln30" to="level_0_addr" fromId="28" toId="29">
</dataflow>
<dataflow id="254" from="level_1" to="level_1_addr" fromId="190" toId="30">
</dataflow>
<dataflow id="255" from="StgValue_218" to="level_1_addr" fromId="218" toId="30">
</dataflow>
<dataflow id="256" from="zext_ln30" to="level_1_addr" fromId="28" toId="30">
</dataflow>
<dataflow id="257" from="trunc_ln30" to="br_ln30" fromId="26" toId="31">
</dataflow>
<dataflow id="259" from="StgValue_258" to="store_ln30" fromId="258" toId="32">
</dataflow>
<dataflow id="260" from="level_0_addr" to="store_ln30" fromId="29" toId="32">
</dataflow>
<dataflow id="261" from="StgValue_258" to="store_ln30" fromId="258" toId="34">
</dataflow>
<dataflow id="262" from="level_1_addr" to="store_ln30" fromId="30" toId="34">
</dataflow>
<dataflow id="263" from="StgValue_246" to="q_in_0" fromId="246" toId="36">
</dataflow>
<dataflow id="264" from="StgValue_225" to="store_ln31" fromId="225" toId="37">
</dataflow>
<dataflow id="265" from="level_counts_0_addr_1" to="store_ln31" fromId="22" toId="37">
</dataflow>
<dataflow id="266" from="queue" to="queue_addr" fromId="24" toId="38">
</dataflow>
<dataflow id="267" from="StgValue_218" to="queue_addr" fromId="218" toId="38">
</dataflow>
<dataflow id="268" from="StgValue_218" to="queue_addr" fromId="218" toId="38">
</dataflow>
<dataflow id="269" from="starting_node_read" to="store_ln32" fromId="21" toId="39">
</dataflow>
<dataflow id="270" from="queue_addr" to="store_ln32" fromId="38" toId="39">
</dataflow>
<dataflow id="272" from="StgValue_271" to="store_ln34" fromId="271" toId="40">
</dataflow>
<dataflow id="273" from="q_in_0" to="store_ln34" fromId="36" toId="40">
</dataflow>
<dataflow id="274" from="StgValue_258" to="q_out_0" fromId="258" toId="42">
<condition id="-1">
<or_exp><and_exp></and_exp></or_exp>
</condition>
</dataflow>
<dataflow id="275" from="br_ln34" to="q_out_0" fromId="41" toId="42">
</dataflow>
<dataflow id="276" from="q_out" to="q_out_0" fromId="46" toId="42">
<BackEdge/>
<condition id="-1">
<or_exp><and_exp></and_exp></or_exp>
</condition>
</dataflow>
<dataflow id="277" from="br_ln34" to="q_out_0" fromId="154" toId="42">
<BackEdge/>
</dataflow>
<dataflow id="279" from="StgValue_278" to="dummy_0" fromId="278" toId="43">
<condition id="-1">
<or_exp><and_exp></and_exp></or_exp>
</condition>
</dataflow>
<dataflow id="280" from="br_ln34" to="dummy_0" fromId="41" toId="43">
</dataflow>
<dataflow id="281" from="dummy" to="dummy_0" fromId="153" toId="43">
<BackEdge/>
<condition id="-1">
<or_exp><and_exp></and_exp></or_exp>
</condition>
</dataflow>
<dataflow id="282" from="br_ln34" to="dummy_0" fromId="154" toId="43">
<BackEdge/>
</dataflow>
<dataflow id="284" from="_ssdm_op_BitSelect.i1.i9.i32" to="tmp_2" fromId="283" toId="44">
</dataflow>
<dataflow id="285" from="dummy_0" to="tmp_2" fromId="43" toId="44">
</dataflow>
<dataflow id="287" from="StgValue_286" to="tmp_2" fromId="286" toId="44">
</dataflow>
<dataflow id="289" from="_ssdm_op_SpecLoopTripCount" to="empty" fromId="288" toId="45">
</dataflow>
<dataflow id="290" from="StgValue_225" to="empty" fromId="225" toId="45">
</dataflow>
<dataflow id="292" from="StgValue_291" to="empty" fromId="291" toId="45">
</dataflow>
<dataflow id="294" from="StgValue_293" to="empty" fromId="293" toId="45">
</dataflow>
<dataflow id="295" from="q_out_0" to="q_out" fromId="42" toId="46">
</dataflow>
<dataflow id="297" from="StgValue_296" to="q_out" fromId="296" toId="46">
</dataflow>
<dataflow id="298" from="tmp_2" to="br_ln34" fromId="44" toId="47">
</dataflow>
<dataflow id="299" from="q_in_0" to="q_in_0_load" fromId="36" toId="48">
</dataflow>
<dataflow id="300" from="q_out_0" to="zext_ln34" fromId="42" toId="49">
</dataflow>
<dataflow id="301" from="q_out_0" to="zext_ln34_1" fromId="42" toId="50">
</dataflow>
<dataflow id="303" from="_ssdm_op_SpecLoopName" to="specloopname_ln34" fromId="302" toId="51">
</dataflow>
<dataflow id="305" from="p_str3" to="specloopname_ln34" fromId="304" toId="51">
</dataflow>
<dataflow id="307" from="_ssdm_op_SpecRegionBegin" to="tmp" fromId="306" toId="52">
</dataflow>
<dataflow id="308" from="p_str3" to="tmp" fromId="304" toId="52">
</dataflow>
<dataflow id="310" from="_ssdm_op_SpecPipeline" to="specpipeline_ln35" fromId="309" toId="53">
</dataflow>
<dataflow id="311" from="StgValue_235" to="specpipeline_ln35" fromId="235" toId="53">
</dataflow>
<dataflow id="312" from="StgValue_246" to="specpipeline_ln35" fromId="246" toId="53">
</dataflow>
<dataflow id="313" from="StgValue_246" to="specpipeline_ln35" fromId="246" toId="53">
</dataflow>
<dataflow id="315" from="StgValue_314" to="specpipeline_ln35" fromId="314" toId="53">
</dataflow>
<dataflow id="316" from="p_str1" to="specpipeline_ln35" fromId="230" toId="53">
</dataflow>
<dataflow id="317" from="q_in_0_load" to="icmp_ln35" fromId="48" toId="54">
</dataflow>
<dataflow id="318" from="zext_ln34_1" to="icmp_ln35" fromId="50" toId="54">
</dataflow>
<dataflow id="319" from="icmp_ln35" to="br_ln35" fromId="54" toId="55">
</dataflow>
<dataflow id="320" from="q_in_0_load" to="icmp_ln35_2" fromId="48" toId="56">
</dataflow>
<dataflow id="321" from="StgValue_218" to="icmp_ln35_2" fromId="218" toId="56">
</dataflow>
<dataflow id="322" from="q_out_0" to="icmp_ln35_3" fromId="42" toId="57">
</dataflow>
<dataflow id="324" from="StgValue_323" to="icmp_ln35_3" fromId="323" toId="57">
</dataflow>
<dataflow id="325" from="icmp_ln35_2" to="and_ln35" fromId="56" toId="58">
</dataflow>
<dataflow id="326" from="icmp_ln35_3" to="and_ln35" fromId="57" toId="58">
</dataflow>
<dataflow id="327" from="and_ln35" to="br_ln35" fromId="58" toId="59">
</dataflow>
<dataflow id="328" from="zext_ln34" to="add_ln35" fromId="49" toId="60">
</dataflow>
<dataflow id="330" from="StgValue_329" to="add_ln35" fromId="329" toId="60">
</dataflow>
<dataflow id="331" from="add_ln35" to="zext_ln35" fromId="60" toId="61">
</dataflow>
<dataflow id="332" from="q_in_0_load" to="icmp_ln35_1" fromId="48" toId="62">
</dataflow>
<dataflow id="333" from="zext_ln35" to="icmp_ln35_1" fromId="61" toId="62">
</dataflow>
<dataflow id="334" from="icmp_ln35_1" to="br_ln35" fromId="62" toId="63">
</dataflow>
<dataflow id="335" from="queue" to="queue_addr_1" fromId="24" toId="64">
</dataflow>
<dataflow id="336" from="StgValue_218" to="queue_addr_1" fromId="218" toId="64">
</dataflow>
<dataflow id="337" from="zext_ln34_1" to="queue_addr_1" fromId="50" toId="64">
</dataflow>
<dataflow id="338" from="queue_addr_1" to="n" fromId="64" toId="65">
</dataflow>
<dataflow id="339" from="queue_addr_1" to="n" fromId="64" toId="69">
</dataflow>
<dataflow id="340" from="n" to="trunc_ln39" fromId="69" toId="70">
</dataflow>
<dataflow id="341" from="_ssdm_op_PartSelect.i9.i64.i32.i32" to="lshr_ln1" fromId="243" toId="71">
</dataflow>
<dataflow id="342" from="n" to="lshr_ln1" fromId="69" toId="71">
</dataflow>
<dataflow id="343" from="StgValue_246" to="lshr_ln1" fromId="246" toId="71">
</dataflow>
<dataflow id="344" from="StgValue_248" to="lshr_ln1" fromId="248" toId="71">
</dataflow>
<dataflow id="345" from="lshr_ln1" to="zext_ln39" fromId="71" toId="72">
</dataflow>
<dataflow id="346" from="nodes_0_edge_begin" to="nodes_0_edge_begin_s" fromId="183" toId="73">
</dataflow>
<dataflow id="347" from="StgValue_218" to="nodes_0_edge_begin_s" fromId="218" toId="73">
</dataflow>
<dataflow id="348" from="zext_ln39" to="nodes_0_edge_begin_s" fromId="72" toId="73">
</dataflow>
<dataflow id="349" from="nodes_1_edge_begin" to="nodes_1_edge_begin_s" fromId="184" toId="74">
</dataflow>
<dataflow id="350" from="StgValue_218" to="nodes_1_edge_begin_s" fromId="218" toId="74">
</dataflow>
<dataflow id="351" from="zext_ln39" to="nodes_1_edge_begin_s" fromId="72" toId="74">
</dataflow>
<dataflow id="352" from="nodes_1_edge_begin_s" to="nodes_1_edge_begin_1" fromId="74" toId="75">
</dataflow>
<dataflow id="353" from="nodes_0_edge_begin_s" to="nodes_0_edge_begin_1" fromId="73" toId="76">
</dataflow>
<dataflow id="354" from="nodes_0_edge_end" to="nodes_0_edge_end_ad" fromId="185" toId="77">
</dataflow>
<dataflow id="355" from="StgValue_218" to="nodes_0_edge_end_ad" fromId="218" toId="77">
</dataflow>
<dataflow id="356" from="zext_ln39" to="nodes_0_edge_end_ad" fromId="72" toId="77">
</dataflow>
<dataflow id="357" from="nodes_1_edge_end" to="nodes_1_edge_end_ad" fromId="186" toId="78">
</dataflow>
<dataflow id="358" from="StgValue_218" to="nodes_1_edge_end_ad" fromId="218" toId="78">
</dataflow>
<dataflow id="359" from="zext_ln39" to="nodes_1_edge_end_ad" fromId="72" toId="78">
</dataflow>
<dataflow id="360" from="nodes_1_edge_end_ad" to="nodes_1_edge_end_lo" fromId="78" toId="79">
</dataflow>
<dataflow id="361" from="nodes_0_edge_end_ad" to="nodes_0_edge_end_lo" fromId="77" toId="80">
</dataflow>
<dataflow id="362" from="level_0" to="level_0_addr_1" fromId="189" toId="81">
</dataflow>
<dataflow id="363" from="StgValue_218" to="level_0_addr_1" fromId="218" toId="81">
</dataflow>
<dataflow id="364" from="zext_ln39" to="level_0_addr_1" fromId="72" toId="81">
</dataflow>
<dataflow id="365" from="level_1" to="level_1_addr_1" fromId="190" toId="82">
</dataflow>
<dataflow id="366" from="StgValue_218" to="level_1_addr_1" fromId="218" toId="82">
</dataflow>
<dataflow id="367" from="zext_ln39" to="level_1_addr_1" fromId="72" toId="82">
</dataflow>
<dataflow id="368" from="nodes_1_edge_begin_s" to="nodes_1_edge_begin_1" fromId="74" toId="83">
</dataflow>
<dataflow id="369" from="nodes_0_edge_begin_s" to="nodes_0_edge_begin_1" fromId="73" toId="84">
</dataflow>
<dataflow id="370" from="trunc_ln39" to="tmp_begin" fromId="70" toId="85">
</dataflow>
<dataflow id="371" from="nodes_1_edge_begin_1" to="tmp_begin" fromId="83" toId="85">
</dataflow>
<dataflow id="372" from="nodes_0_edge_begin_1" to="tmp_begin" fromId="84" toId="85">
</dataflow>
<dataflow id="373" from="nodes_1_edge_end_ad" to="nodes_1_edge_end_lo" fromId="78" toId="86">
</dataflow>
<dataflow id="374" from="nodes_0_edge_end_ad" to="nodes_0_edge_end_lo" fromId="77" toId="87">
</dataflow>
<dataflow id="375" from="trunc_ln39" to="tmp_end" fromId="70" toId="88">
</dataflow>
<dataflow id="376" from="nodes_1_edge_end_lo" to="tmp_end" fromId="86" toId="88">
</dataflow>
<dataflow id="377" from="nodes_0_edge_end_lo" to="tmp_end" fromId="87" toId="88">
</dataflow>
<dataflow id="378" from="tmp_begin" to="e_0" fromId="85" toId="90">
<condition id="-1">
<or_exp><and_exp></and_exp></or_exp>
</condition>
</dataflow>
<dataflow id="379" from="br_ln41" to="e_0" fromId="89" toId="90">
</dataflow>
<dataflow id="380" from="e_1" to="e_0" fromId="122" toId="90">
<BackEdge/>
<condition id="-1">
<or_exp><and_exp><literal name="icmp_ln41" val="1"/>
</and_exp></or_exp>
</condition>
</dataflow>
<dataflow id="381" from="br_ln41" to="e_0" fromId="151" toId="90">
<BackEdge/>
</dataflow>
<dataflow id="382" from="e_0" to="icmp_ln41" fromId="90" toId="91">
</dataflow>
<dataflow id="383" from="tmp_end" to="icmp_ln41" fromId="88" toId="91">
</dataflow>
<dataflow id="384" from="icmp_ln41" to="br_ln41" fromId="91" toId="92">
</dataflow>
<dataflow id="385" from="edges_dst" to="edges_dst_addr" fromId="187" toId="93">
</dataflow>
<dataflow id="386" from="StgValue_218" to="edges_dst_addr" fromId="218" toId="93">
</dataflow>
<dataflow id="387" from="e_0" to="edges_dst_addr" fromId="90" toId="93">
</dataflow>
<dataflow id="388" from="edges_dst_addr" to="tmp_dst" fromId="93" toId="94">
</dataflow>
<dataflow id="389" from="edges_dst_addr" to="tmp_dst" fromId="93" toId="95">
</dataflow>
<dataflow id="390" from="tmp_dst" to="trunc_ln43" fromId="95" toId="96">
</dataflow>
<dataflow id="391" from="_ssdm_op_PartSelect.i9.i64.i32.i32" to="lshr_ln2" fromId="243" toId="97">
</dataflow>
<dataflow id="392" from="tmp_dst" to="lshr_ln2" fromId="95" toId="97">
</dataflow>
<dataflow id="393" from="StgValue_246" to="lshr_ln2" fromId="246" toId="97">
</dataflow>
<dataflow id="394" from="StgValue_248" to="lshr_ln2" fromId="248" toId="97">
</dataflow>
<dataflow id="395" from="lshr_ln2" to="zext_ln43" fromId="97" toId="98">
</dataflow>
<dataflow id="396" from="level_0" to="level_0_addr_2" fromId="189" toId="99">
</dataflow>
<dataflow id="397" from="StgValue_218" to="level_0_addr_2" fromId="218" toId="99">
</dataflow>
<dataflow id="398" from="zext_ln43" to="level_0_addr_2" fromId="98" toId="99">
</dataflow>
<dataflow id="399" from="level_1" to="level_1_addr_2" fromId="190" toId="100">
</dataflow>
<dataflow id="400" from="StgValue_218" to="level_1_addr_2" fromId="218" toId="100">
</dataflow>
<dataflow id="401" from="zext_ln43" to="level_1_addr_2" fromId="98" toId="100">
</dataflow>
<dataflow id="402" from="level_1_addr_2" to="level_1_load" fromId="100" toId="101">
</dataflow>
<dataflow id="403" from="level_0_addr_2" to="level_0_load" fromId="99" toId="102">
</dataflow>
<dataflow id="404" from="level_1_addr_2" to="level_1_load" fromId="100" toId="103">
</dataflow>
<dataflow id="405" from="level_0_addr_2" to="level_0_load" fromId="99" toId="104">
</dataflow>
<dataflow id="406" from="trunc_ln43" to="tmp_level" fromId="96" toId="105">
</dataflow>
<dataflow id="407" from="level_1_load" to="tmp_level" fromId="103" toId="105">
</dataflow>
<dataflow id="408" from="level_0_load" to="tmp_level" fromId="104" toId="105">
</dataflow>
<dataflow id="409" from="tmp_level" to="icmp_ln45" fromId="105" toId="106">
</dataflow>
<dataflow id="411" from="StgValue_410" to="icmp_ln45" fromId="410" toId="106">
</dataflow>
<dataflow id="412" from="icmp_ln45" to="br_ln45" fromId="106" toId="107">
</dataflow>
<dataflow id="413" from="level_1_addr_1" to="level_1_load_1" fromId="82" toId="108">
</dataflow>
<dataflow id="414" from="level_0_addr_1" to="level_0_load_1" fromId="81" toId="109">
</dataflow>
<dataflow id="415" from="trunc_ln43" to="br_ln47" fromId="96" toId="110">
</dataflow>
<dataflow id="416" from="q_in_0" to="q_in_0_load_1" fromId="36" toId="111">
</dataflow>
<dataflow id="417" from="q_in_0_load_1" to="icmp_ln49" fromId="111" toId="112">
</dataflow>
<dataflow id="418" from="StgValue_218" to="icmp_ln49" fromId="218" toId="112">
</dataflow>
<dataflow id="420" from="StgValue_419" to="add_ln49" fromId="419" toId="113">
</dataflow>
<dataflow id="421" from="q_in_0_load_1" to="add_ln49" fromId="111" toId="113">
</dataflow>
<dataflow id="422" from="icmp_ln49" to="select_ln49" fromId="112" toId="114">
</dataflow>
<dataflow id="424" from="StgValue_423" to="select_ln49" fromId="423" toId="114">
</dataflow>
<dataflow id="425" from="add_ln49" to="select_ln49" fromId="113" toId="114">
</dataflow>
<dataflow id="426" from="queue" to="queue_addr_2" fromId="24" toId="115">
</dataflow>
<dataflow id="427" from="StgValue_218" to="queue_addr_2" fromId="218" toId="115">
</dataflow>
<dataflow id="428" from="select_ln49" to="queue_addr_2" fromId="114" toId="115">
</dataflow>
<dataflow id="429" from="tmp_dst" to="store_ln49" fromId="95" toId="116">
</dataflow>
<dataflow id="430" from="queue_addr_2" to="store_ln49" fromId="115" toId="116">
</dataflow>
<dataflow id="431" from="q_in_0_load_1" to="trunc_ln49" fromId="111" toId="117">
</dataflow>
<dataflow id="432" from="StgValue_296" to="q_in" fromId="296" toId="118">
</dataflow>
<dataflow id="433" from="trunc_ln49" to="q_in" fromId="117" toId="118">
</dataflow>
<dataflow id="434" from="q_in" to="zext_ln49" fromId="118" toId="119">
</dataflow>
<dataflow id="435" from="zext_ln49" to="store_ln50" fromId="119" toId="120">
</dataflow>
<dataflow id="436" from="q_in_0" to="store_ln50" fromId="36" toId="120">
</dataflow>
<dataflow id="437" from="e_0" to="e_1" fromId="90" toId="122">
</dataflow>
<dataflow id="438" from="StgValue_225" to="e_1" fromId="225" toId="122">
</dataflow>
<dataflow id="439" from="level_1_addr_1" to="level_1_load_1" fromId="82" toId="123">
</dataflow>
<dataflow id="440" from="level_0_addr_1" to="level_0_load_1" fromId="81" toId="124">
</dataflow>
<dataflow id="441" from="trunc_ln39" to="select_ln39" fromId="70" toId="125">
</dataflow>
<dataflow id="442" from="level_1_load_1" to="select_ln39" fromId="123" toId="125">
</dataflow>
<dataflow id="443" from="level_0_load_1" to="select_ln39" fromId="124" toId="125">
</dataflow>
<dataflow id="444" from="select_ln39" to="tmp_level_1" fromId="125" toId="126">
</dataflow>
<dataflow id="445" from="StgValue_296" to="tmp_level_1" fromId="296" toId="126">
</dataflow>
<dataflow id="446" from="tmp_level_1" to="store_ln47" fromId="126" toId="127">
</dataflow>
<dataflow id="447" from="level_0_addr_2" to="store_ln47" fromId="99" toId="127">
</dataflow>
<dataflow id="448" from="tmp_level_1" to="store_ln47" fromId="126" toId="129">
</dataflow>
<dataflow id="449" from="level_1_addr_2" to="store_ln47" fromId="100" toId="129">
</dataflow>
<dataflow id="450" from="select_ln39" to="trunc_ln48" fromId="125" toId="131">
</dataflow>
<dataflow id="452" from="_ssdm_op_PartSelect.i7.i8.i32.i32" to="lshr_ln3" fromId="451" toId="132">
</dataflow>
<dataflow id="453" from="tmp_level_1" to="lshr_ln3" fromId="126" toId="132">
</dataflow>
<dataflow id="454" from="StgValue_246" to="lshr_ln3" fromId="246" toId="132">
</dataflow>
<dataflow id="456" from="StgValue_455" to="lshr_ln3" fromId="455" toId="132">
</dataflow>
<dataflow id="457" from="lshr_ln3" to="zext_ln48" fromId="132" toId="133">
</dataflow>
<dataflow id="458" from="level_counts_1" to="level_counts_1_addr" fromId="192" toId="134">
</dataflow>
<dataflow id="459" from="StgValue_218" to="level_counts_1_addr" fromId="218" toId="134">
</dataflow>
<dataflow id="460" from="zext_ln48" to="level_counts_1_addr" fromId="133" toId="134">
</dataflow>
<dataflow id="461" from="level_counts_0" to="level_counts_0_addr" fromId="191" toId="135">
</dataflow>
<dataflow id="462" from="StgValue_218" to="level_counts_0_addr" fromId="218" toId="135">
</dataflow>
<dataflow id="463" from="zext_ln48" to="level_counts_0_addr" fromId="133" toId="135">
</dataflow>
<dataflow id="464" from="level_counts_0_addr" to="level_counts_0_load" fromId="135" toId="136">
</dataflow>
<dataflow id="465" from="level_counts_1_addr" to="level_counts_1_load" fromId="134" toId="137">
</dataflow>
<dataflow id="466" from="_ssdm_op_SpecLoopName" to="specloopname_ln41" fromId="302" toId="138">
</dataflow>
<dataflow id="468" from="p_str4" to="specloopname_ln41" fromId="467" toId="138">
</dataflow>
<dataflow id="469" from="_ssdm_op_SpecRegionBegin" to="tmp_1" fromId="306" toId="139">
</dataflow>
<dataflow id="470" from="p_str4" to="tmp_1" fromId="467" toId="139">
</dataflow>
<dataflow id="471" from="_ssdm_op_SpecPipeline" to="specpipeline_ln42" fromId="309" toId="140">
</dataflow>
<dataflow id="472" from="StgValue_235" to="specpipeline_ln42" fromId="235" toId="140">
</dataflow>
<dataflow id="473" from="StgValue_246" to="specpipeline_ln42" fromId="246" toId="140">
</dataflow>
<dataflow id="474" from="StgValue_246" to="specpipeline_ln42" fromId="246" toId="140">
</dataflow>
<dataflow id="475" from="StgValue_314" to="specpipeline_ln42" fromId="314" toId="140">
</dataflow>
<dataflow id="476" from="p_str1" to="specpipeline_ln42" fromId="230" toId="140">
</dataflow>
<dataflow id="477" from="level_counts_0_addr" to="level_counts_0_load" fromId="135" toId="141">
</dataflow>
<dataflow id="478" from="level_counts_1_addr" to="level_counts_1_load" fromId="134" toId="142">
</dataflow>
<dataflow id="479" from="trunc_ln48" to="select_ln48" fromId="131" toId="143">
</dataflow>
<dataflow id="480" from="level_counts_0_load" to="select_ln48" fromId="141" toId="143">
</dataflow>
<dataflow id="481" from="level_counts_1_load" to="select_ln48" fromId="142" toId="143">
</dataflow>
<dataflow id="482" from="StgValue_225" to="add_ln48" fromId="225" toId="144">
</dataflow>
<dataflow id="483" from="select_ln48" to="add_ln48" fromId="143" toId="144">
</dataflow>
<dataflow id="484" from="trunc_ln48" to="br_ln48" fromId="131" toId="145">
</dataflow>
<dataflow id="485" from="add_ln48" to="store_ln48" fromId="144" toId="146">
</dataflow>
<dataflow id="486" from="level_counts_1_addr" to="store_ln48" fromId="134" toId="146">
</dataflow>
<dataflow id="487" from="add_ln48" to="store_ln48" fromId="144" toId="148">
</dataflow>
<dataflow id="488" from="level_counts_0_addr" to="store_ln48" fromId="135" toId="148">
</dataflow>
<dataflow id="490" from="_ssdm_op_SpecRegionEnd" to="empty_7" fromId="489" toId="150">
</dataflow>
<dataflow id="491" from="p_str4" to="empty_7" fromId="467" toId="150">
</dataflow>
<dataflow id="492" from="tmp_1" to="empty_7" fromId="139" toId="150">
</dataflow>
<dataflow id="493" from="_ssdm_op_SpecRegionEnd" to="empty_8" fromId="489" toId="152">
</dataflow>
<dataflow id="494" from="p_str3" to="empty_8" fromId="304" toId="152">
</dataflow>
<dataflow id="495" from="tmp" to="empty_8" fromId="52" toId="152">
</dataflow>
<dataflow id="496" from="dummy_0" to="dummy" fromId="43" toId="153">
</dataflow>
<dataflow id="497" from="StgValue_329" to="dummy" fromId="329" toId="153">
</dataflow>
<dataflow id="498" from="trunc_ln30" to="StgValue_1" fromId="26" toId="1">
</dataflow>
<dataflow id="499" from="tmp_2" to="StgValue_2" fromId="44" toId="2">
</dataflow>
<dataflow id="500" from="icmp_ln35" to="StgValue_2" fromId="54" toId="2">
</dataflow>
<dataflow id="501" from="and_ln35" to="StgValue_2" fromId="58" toId="2">
</dataflow>
<dataflow id="502" from="icmp_ln35_1" to="StgValue_2" fromId="62" toId="2">
</dataflow>
<dataflow id="503" from="icmp_ln41" to="StgValue_5" fromId="91" toId="5">
</dataflow>
<dataflow id="504" from="icmp_ln41" to="StgValue_6" fromId="91" toId="6">
</dataflow>
<dataflow id="505" from="icmp_ln41" to="StgValue_7" fromId="91" toId="7">
</dataflow>
<dataflow id="506" from="icmp_ln45" to="StgValue_7" fromId="106" toId="7">
</dataflow>
<dataflow id="507" from="trunc_ln39" to="StgValue_7" fromId="70" toId="7">
</dataflow>
<dataflow id="508" from="icmp_ln45" to="StgValue_8" fromId="106" toId="8">
</dataflow>
<dataflow id="509" from="trunc_ln39" to="StgValue_8" fromId="70" toId="8">
</dataflow>
<dataflow id="510" from="trunc_ln43" to="StgValue_8" fromId="96" toId="8">
</dataflow>
<dataflow id="511" from="icmp_ln45" to="StgValue_9" fromId="106" toId="9">
</dataflow>
<dataflow id="512" from="trunc_ln48" to="StgValue_9" fromId="131" toId="9">
</dataflow>
<dataflow id="513" from="icmp_ln41" to="StgValue_9" fromId="91" toId="9">
</dataflow>
</dataflows>


</stg>
